Age,Gender,Sleep_Hours,Screen_Time,Exercise_Minutes,Water_Intake,Work_Study_Hours,Stress_Level,Mood,Productivity_Score,Burnout_Risk
56,Male,5.4,1.4,8,4.7,2.7,10,Neutral,41.699999999999996,High
46,Female,5.6,2.9,28,1.2,8.1,2,Sad,70.0,Medium
32,Male,6.8,8.2,37,5.0,5.2,6,Neutral,70.4,Medium
25,Male,5.4,6.5,64,1.8,5.4,9,Sad,37.599999999999994,High
38,Female,4.5,9.8,55,2.6,6.8,3,Happy,51.0,Medium
56,Female,4.8,1.7,29,1.2,9.2,3,Happy,62.8,Medium
36,Female,4.9,10.8,113,3.3,4.8,4,Sad,60.1,Medium
40,Male,8.2,12.0,95,2.9,2.8,10,Happy,57.1,Medium
28,Male,5.4,1.2,120,3.7,6.2,4,Happy,90.5,Low
28,Female,7.6,11.6,58,3.2,2.5,1,Neutral,81.39999999999999,Low
41,Male,6.8,3.6,86,2.6,9.0,2,Neutral,100.0,Low
53,Male,8.9,8.6,102,4.0,11.6,6,Happy,100.0,Low
57,Male,5.4,4.2,57,1.1,8.6,5,Neutral,59.7,Medium
41,Female,4.8,6.7,9,3.2,4.8,10,Happy,22.0,High
20,Female,4.3,6.6,107,1.5,3.8,4,Happy,50.300000000000004,Medium
39,Male,5.2,5.0,20,2.7,4.3,10,Sad,28.1,High
19,Male,7.4,8.9,55,4.2,4.2,9,Neutral,60.6,Medium
41,Male,4.4,7.6,25,1.6,5.1,2,Neutral,44.0,High
47,Male,5.2,6.6,14,4.7,3.0,8,Happy,39.099999999999994,High
55,Female,8.3,11.8,80,4.6,11.0,4,Sad,100.0,Low
19,Female,6.9,11.3,34,2.7,10.9,9,Stressed,52.499999999999986,Medium
38,Male,4.3,11.5,88,1.0,8.2,4,Neutral,42.99999999999999,High
50,Male,4.2,10.7,14,4.2,2.6,2,Stressed,41.6,High
29,Female,4.3,3.8,96,4.5,10.0,6,Neutral,73.10000000000001,Medium
39,Male,8.7,4.8,74,1.7,2.6,9,Happy,69.9,Medium
42,Female,8.2,3.5,87,4.7,3.1,7,Neutral,94.10000000000001,Low
44,Male,8.2,11.8,5,4.7,5.3,1,Neutral,89.5,Low
59,Female,8.6,2.7,27,2.9,6.3,9,Happy,77.1,Low
45,Male,6.5,5.0,62,4.2,5.5,6,Sad,75.4,Low
33,Male,5.2,3.2,28,2.8,3.7,9,Neutral,36.59999999999999,High
32,Female,6.0,3.5,47,3.3,3.1,2,Happy,77.10000000000001,Low
20,Female,7.6,3.7,62,2.3,10.6,7,Happy,85.7,Low
54,Male,8.4,8.0,57,1.6,5.6,8,Sad,66.60000000000001,Medium
24,Male,6.2,1.8,20,4.0,4.2,8,Stressed,58.800000000000004,Medium
38,Female,6.7,7.3,75,1.0,6.9,5,Sad,66.2,Medium
26,Female,8.7,10.0,21,3.3,2.4,7,Happy,64.5,Medium
56,Male,4.5,9.4,26,4.5,8.0,7,Happy,41.900000000000006,High
35,Male,8.3,2.7,84,1.9,4.5,3,Happy,100.0,Low
21,Female,4.8,11.1,78,2.3,8.0,2,Neutral,60.89999999999999,Medium
42,Female,6.4,9.5,56,3.3,8.1,5,Neutral,68.9,Medium
31,Female,5.1,1.1,81,2.0,10.1,4,Stressed,79.2,Low
26,Female,7.0,9.1,9,4.4,4.3,8,Stressed,52.199999999999996,Medium
43,Female,6.8,9.1,21,2.5,6.6,5,Neutral,59.7,Medium
19,Male,5.9,6.5,43,3.3,11.6,9,Neutral,58.3,Medium
37,Male,8.3,1.5,83,1.9,9.3,7,Sad,96.69999999999999,Low
45,Female,7.3,7.4,82,1.2,11.8,1,Neutral,100.0,Low
24,Male,7.6,9.4,27,1.7,11.3,2,Stressed,85.70000000000002,Low
25,Male,4.8,4.0,100,1.2,8.1,8,Happy,50.2,Medium
52,Female,8.4,8.3,49,2.9,4.6,10,Neutral,60.89999999999999,Medium
31,Male,4.8,4.9,50,3.3,9.6,8,Sad,51.900000000000006,Medium
34,Male,5.1,7.3,118,1.2,9.0,2,Happy,76.0,Low
53,Male,4.6,5.2,107,1.4,7.9,7,Neutral,51.8,Medium
57,Female,6.2,4.3,0,2.9,9.0,8,Neutral,53.900000000000006,Medium
21,Female,8.4,10.4,33,4.2,8.1,4,Happy,91.0,Low
19,Male,5.3,9.3,34,3.5,7.2,3,Happy,61.099999999999994,Medium
23,Male,5.9,4.8,89,1.4,6.2,10,Happy,46.6,High
59,Male,8.2,5.8,60,4.6,2.4,9,Sad,74.2,Medium
21,Male,7.1,8.6,29,4.7,10.7,2,Sad,96.5,Low
46,Male,7.8,9.9,75,2.3,10.7,3,Sad,94.1,Low
35,Male,5.1,8.5,77,3.5,7.9,8,Happy,50.7,Medium
43,Female,7.6,7.0,102,3.0,4.7,2,Neutral,98.80000000000001,Low
51,Male,5.1,11.5,67,4.8,2.3,5,Happy,50.00000000000001,Medium
27,Male,8.9,9.5,75,3.0,2.0,10,Stressed,64.0,Medium
53,Female,6.8,2.3,87,4.8,2.7,8,Neutral,78.20000000000002,Low
31,Male,7.5,7.1,39,1.8,5.6,7,Neutral,60.8,Medium
48,Male,4.6,5.5,94,2.4,3.9,4,Happy,57.599999999999994,Medium
32,Male,5.3,9.7,64,4.1,4.7,10,Stressed,36.300000000000004,High
25,Male,4.7,1.5,36,4.1,9.0,9,Sad,53.7,Medium
31,Female,6.0,5.5,63,3.9,11.6,2,Happy,96.3,Low
40,Male,5.4,4.5,0,4.4,4.1,7,Neutral,47.2,High
57,Female,7.7,2.6,14,3.8,6.7,7,Happy,79.0,Low
38,Male,4.5,5.2,12,3.5,11.9,7,Stressed,50.30000000000001,Medium
33,Male,7.8,8.4,28,2.8,11.3,7,Happy,75.4,Low
35,Female,4.2,5.0,54,2.9,5.5,5,Stressed,48.3,High
41,Male,5.0,7.4,44,2.6,5.2,1,Neutral,63.4,Medium
43,Female,8.0,7.5,3,3.5,4.4,4,Stressed,75.89999999999999,Low
42,Female,7.7,7.5,63,2.6,3.6,5,Happy,74.8,Medium
58,Female,6.4,6.8,14,1.6,6.6,10,Sad,34.39999999999999,High
46,Male,4.2,2.3,107,1.4,5.4,4,Sad,60.60000000000001,Medium
32,Male,7.0,3.4,103,4.7,9.4,7,Sad,98.1,Low
18,Male,6.0,9.8,47,1.1,4.4,2,Stressed,56.10000000000001,Medium
42,Male,5.6,6.5,75,1.4,9.4,2,Stressed,75.8,Low
24,Female,7.2,8.8,55,2.8,4.9,2,Stressed,81.2,Low
26,Male,6.2,7.3,88,2.1,7.9,10,Neutral,51.3,Medium
41,Male,4.5,1.4,90,2.6,8.4,3,Stressed,78.0,Low
18,Female,8.6,9.8,69,1.5,8.7,5,Happy,85.1,Low
25,Female,7.9,1.7,86,1.5,3.8,10,Happy,67.89999999999999,Medium
41,Male,4.3,11.4,14,4.2,4.8,9,Sad,17.6,High
28,Female,6.6,3.4,38,4.0,4.5,3,Neutral,83.8,Low
34,Female,4.4,6.6,68,1.4,7.8,6,Sad,42.99999999999999,High
25,Female,8.2,1.7,86,3.7,2.8,6,Stressed,95.89999999999999,Low
52,Female,7.1,10.8,78,3.4,7.2,6,Stressed,72.4,Medium
52,Female,4.9,11.8,88,3.9,2.9,5,Stressed,48.29999999999999,High
50,Male,4.1,2.6,59,2.9,5.4,2,Stressed,64.89999999999999,Medium
22,Male,4.2,4.3,93,2.1,8.9,1,Sad,76.3,Low
59,Male,6.5,1.2,43,3.7,6.1,5,Stressed,81.89999999999999,Low
56,Male,7.7,9.7,42,2.5,4.8,8,Sad,56.1,Medium
58,Male,4.6,4.4,3,1.9,8.2,10,Sad,23.699999999999996,High
45,Male,5.1,7.5,76,2.6,9.4,5,Neutral,63.0,Medium
24,Male,5.6,1.4,49,4.1,4.5,3,Neutral,80.5,Low
26,Female,5.1,8.9,103,2.9,5.0,3,Sad,66.3,Medium
25,Male,6.0,6.8,38,2.2,8.4,2,Neutral,73.8,Medium
29,Male,6.8,9.0,53,4.3,11.7,7,Stressed,77.5,Low
51,Male,7.4,9.7,22,4.5,4.1,2,Stressed,81.7,Low
50,Female,8.8,2.0,59,2.7,8.5,6,Sad,100.0,Low
40,Male,8.7,7.4,79,2.5,11.1,8,Sad,90.7,Low
41,Male,6.9,8.1,34,3.5,6.6,8,Stressed,58.3,Medium
54,Female,7.7,6.7,53,1.2,5.2,2,Sad,82.6,Low
52,Male,8.8,3.0,57,3.8,8.7,6,Sad,100.0,Low
57,Male,4.4,9.8,61,4.1,2.3,3,Happy,49.7,High
39,Female,4.0,12.0,79,2.6,5.6,9,Stressed,19.999999999999996,High
44,Male,4.1,11.7,47,1.7,4.6,3,Happy,32.7,High
52,Female,6.8,9.6,6,1.1,4.2,1,Sad,59.9,Medium
18,Male,7.8,5.6,118,3.5,3.8,9,Sad,79.49999999999999,Low
52,Male,5.8,4.7,44,2.1,9.4,8,Sad,54.69999999999999,Medium
54,Male,6.7,1.8,12,2.9,11.6,2,Happy,95.50000000000001,Low
31,Female,6.6,5.6,52,2.5,5.8,10,Happy,49.300000000000004,High
20,Female,4.5,2.7,114,1.7,2.5,10,Stressed,35.89999999999999,High
18,Female,5.6,3.8,113,3.0,9.2,3,Sad,92.4,Low
22,Male,4.1,10.8,92,2.8,7.4,7,Happy,38.60000000000001,High
43,Male,4.6,11.7,38,3.5,9.2,6,Stressed,42.099999999999994,High
31,Female,8.1,11.4,83,2.0,8.5,8,Happy,69.8,Medium
56,Female,8.1,3.1,113,1.9,11.1,10,Stressed,89.1,Low
44,Male,8.0,10.9,92,4.3,3.4,5,Stressed,84.9,Low
26,Male,7.6,2.6,119,3.8,3.7,5,Happy,100.0,Low
32,Male,8.0,6.6,17,4.1,5.4,2,Neutral,93.5,Low
32,Male,7.4,8.1,21,1.5,6.9,6,Stressed,59.3,Medium
43,Female,7.3,6.1,35,1.9,11.3,5,Sad,79.9,Low
59,Male,7.3,11.5,104,3.3,11.1,9,Happy,73.5,Medium
30,Male,6.6,4.7,52,4.4,10.7,3,Happy,98.4,Low
49,Male,5.8,6.8,111,4.6,4.2,5,Neutral,78.00000000000001,Low
56,Male,7.7,1.8,99,4.3,9.3,3,Neutral,100.0,Low
49,Male,5.5,10.4,71,1.2,5.8,9,Stressed,30.000000000000007,High
21,Male,6.7,5.5,2,4.3,11.3,9,Neutral,64.5,Medium
47,Male,6.2,8.7,61,4.6,4.1,10,Stressed,48.000000000000014,High
54,Female,5.4,8.5,28,1.2,3.4,7,Neutral,27.399999999999995,High
40,Female,8.9,8.4,72,2.7,10.4,1,Neutral,100.0,Low
56,Female,5.3,6.6,7,3.1,9.2,9,Neutral,39.1,High
32,Male,5.5,4.1,93,1.9,10.2,9,Neutral,59.29999999999999,Medium
46,Female,4.8,7.9,75,3.1,3.6,10,Sad,29.900000000000002,High
53,Male,8.1,11.6,45,4.5,10.8,5,Neutral,90.9,Low
30,Male,6.9,10.2,91,4.5,8.8,2,Happy,98.9,Low
49,Male,7.1,2.2,55,4.8,8.5,1,Happy,100.0,Low
24,Male,8.1,1.3,105,2.9,7.8,2,Happy,100.0,Low
39,Female,5.7,6.5,116,2.6,9.6,4,Happy,83.4,Low
45,Male,5.0,9.5,48,3.7,6.2,4,Stressed,55.49999999999999,Medium
19,Male,5.0,4.5,42,2.7,3.3,1,Neutral,65.5,Medium
59,Female,7.7,8.7,9,1.2,7.4,8,Sad,50.2,Medium
23,Female,7.1,11.3,12,3.9,9.5,10,Sad,49.30000000000001,High
45,Female,5.0,6.0,56,2.1,3.5,8,Neutral,34.7,High
45,Male,4.7,3.7,1,1.2,4.2,8,Stressed,22.200000000000003,High
37,Female,4.6,11.1,64,1.1,9.0,5,Sad,40.099999999999994,High
47,Male,7.1,6.2,85,4.7,4.7,10,Neutral,68.5,Medium
28,Male,4.0,5.5,96,2.0,3.7,2,Happy,57.6,Medium
45,Female,4.1,4.9,79,2.8,10.9,4,Stressed,66.8,Medium
42,Female,5.9,5.7,41,4.8,3.6,1,Neutral,83.0,Low
56,Female,7.5,8.4,57,2.9,5.4,10,Sad,54.900000000000006,Medium
50,Male,7.5,5.8,92,1.3,6.3,1,Sad,96.9,Low
18,Male,6.2,4.6,9,3.2,6.8,10,Stressed,44.199999999999996,High
44,Male,7.5,9.2,62,1.4,5.6,3,Sad,75.2,Low
30,Male,6.6,3.2,102,1.4,11.1,4,Neutral,93.2,Low
58,Male,8.9,3.2,70,4.4,8.6,3,Neutral,100.0,Low
20,Male,4.8,8.7,60,2.2,5.6,3,Stressed,52.8,Medium
56,Female,7.0,10.5,0,3.7,5.6,8,Neutral,46.7,High
23,Male,6.5,3.7,25,3.0,7.0,4,Sad,75.6,Low
25,Female,5.0,3.1,108,1.9,2.3,3,Stressed,67.49999999999999,Medium
44,Female,7.7,8.4,4,3.1,11.3,9,Sad,63.1,Medium
26,Female,5.4,7.8,34,1.3,4.2,1,Sad,56.099999999999994,Medium
54,Female,5.9,5.9,12,2.4,9.0,8,Happy,47.60000000000001,High
50,Female,5.9,2.1,26,3.1,9.8,5,Neutral,75.1,Low
59,Male,5.2,2.0,11,1.9,10.3,8,Neutral,48.300000000000004,High
41,Male,6.2,9.6,93,3.6,3.7,10,Sad,46.79999999999999,High
32,Male,6.4,6.0,49,1.2,7.4,3,Sad,70.6,Medium
49,Male,7.7,10.4,95,2.9,2.8,6,Sad,71.3,Medium
49,Female,7.8,7.3,58,3.9,10.0,7,Sad,86.5,Low
41,Female,4.8,7.8,30,2.7,6.9,8,Happy,33.7,High
58,Female,7.0,11.3,68,4.5,3.6,7,Sad,62.7,Medium
29,Male,8.5,2.8,36,3.5,9.2,7,Sad,94.5,Low
56,Male,4.5,7.0,1,4.8,5.3,2,Sad,57.800000000000004,Medium
19,Male,6.4,1.6,101,2.1,3.1,3,Stressed,85.7,Low
20,Male,7.8,4.9,70,4.8,6.6,6,Stressed,95.4,Low
54,Female,7.1,2.6,64,3.4,4.4,3,Stressed,92.39999999999999,Low
34,Female,4.5,3.1,2,4.0,11.5,9,Stressed,46.2,High
19,Male,6.0,11.3,19,4.6,5.6,9,Neutral,39.39999999999999,High
19,Male,6.5,7.7,1,3.2,7.7,6,Stressed,57.199999999999996,Medium
45,Female,9.0,10.8,41,4.4,11.5,1,Stressed,100.0,Low
40,Female,4.9,5.9,42,3.2,5.9,1,Stressed,69.4,Medium
54,Female,8.9,7.6,20,3.4,5.6,4,Neutral,90.0,Low
49,Female,5.9,1.4,44,2.8,3.6,10,Sad,46.2,High
50,Male,5.0,6.2,95,1.6,11.4,8,Neutral,55.39999999999999,Medium
18,Female,6.1,7.2,111,3.2,10.0,3,Happy,92.8,Low
36,Female,7.1,1.2,19,4.9,4.2,4,Happy,89.3,Low
19,Female,5.1,9.7,42,4.1,5.3,6,Stressed,47.10000000000001,High
43,Female,5.5,4.2,49,4.0,11.1,9,Happy,62.599999999999994,Medium
49,Male,8.3,6.0,94,3.6,7.4,4,Stressed,100.0,Low
23,Male,9.0,6.9,42,2.4,7.6,3,Happy,99.80000000000001,Low
49,Male,5.6,11.9,96,1.7,8.5,10,Neutral,36.900000000000006,High
21,Male,4.7,2.1,23,1.9,9.6,10,Stressed,36.099999999999994,High
28,Male,8.0,7.1,81,1.0,11.4,9,Neutral,73.8,Medium
34,Male,7.0,6.8,83,3.7,10.0,7,Stressed,83.5,Low
55,Female,4.5,1.8,59,4.2,11.3,9,Sad,60.800000000000004,Medium
41,Female,8.7,8.0,31,2.1,10.2,10,Stressed,68.1,Medium
22,Female,4.4,4.2,4,1.4,2.5,6,Stressed,24.4,High
51,Female,7.1,2.1,1,2.3,3.2,4,Happy,68.9,Medium
23,Male,6.1,3.0,25,2.2,10.8,5,Happy,72.6,Medium
39,Female,6.8,10.1,24,2.8,2.3,10,Stressed,31.199999999999996,High
28,Male,5.1,2.1,49,2.1,9.9,2,Stressed,78.89999999999999,Low
33,Female,7.4,6.1,85,2.4,10.5,3,Neutral,99.8,Low
50,Female,8.8,3.1,38,4.6,6.2,5,Stressed,100.0,Low
26,Female,6.3,2.8,85,2.3,5.5,3,Happy,84.9,Low
23,Male,6.6,3.3,74,4.1,3.9,3,Stressed,90.5,Low
33,Female,5.2,6.4,10,3.5,2.5,9,Neutral,27.700000000000003,High
46,Male,8.5,3.6,62,2.4,9.5,4,Neutral,100.0,Low
20,Male,8.9,2.1,108,4.3,2.7,4,Stressed,100.0,Low
37,Female,7.9,9.8,67,3.4,11.4,1,Happy,100.0,Low
53,Male,6.7,6.9,96,1.0,5.0,7,Sad,59.400000000000006,Medium
36,Male,8.8,2.7,17,1.3,9.9,10,Stressed,72.3,Medium
43,Female,4.8,6.2,94,4.0,2.6,9,Neutral,43.599999999999994,High
20,Female,6.4,1.8,107,2.8,7.4,8,Neutral,78.60000000000001,Low
36,Female,6.7,7.4,27,2.6,5.5,2,Happy,73.60000000000001,Medium
37,Female,6.5,4.7,41,1.6,2.3,6,Neutral,52.4,Medium
49,Female,8.0,2.1,59,1.6,8.6,10,Stressed,72.8,Medium
24,Female,7.4,3.0,21,4.2,11.4,10,Sad,76.0,Low
58,Male,4.6,4.8,39,4.3,2.1,5,Happy,49.900000000000006,High
50,Female,5.7,9.9,61,3.2,4.7,8,Neutral,42.800000000000004,High
57,Female,5.7,2.9,2,2.2,9.0,1,Happy,76.60000000000001,Low
56,Male,6.8,2.2,70,4.7,10.7,9,Stressed,86.5,Low
35,Female,5.5,6.7,62,3.5,3.9,9,Sad,43.3,High
57,Male,4.6,7.1,120,4.2,2.7,7,Stressed,54.199999999999996,Medium
18,Female,7.3,2.0,19,1.0,2.1,8,Happy,50.0,Medium
28,Female,8.3,4.1,106,2.8,4.2,9,Sad,82.4,Low
45,Male,8.7,3.9,70,4.5,2.7,5,Stressed,100.0,Low
42,Female,8.9,3.0,70,2.4,5.6,2,Happy,100.0,Low
40,Male,7.9,4.5,92,3.9,6.4,1,Sad,100.0,Low
48,Female,4.7,1.4,25,3.6,6.8,5,Happy,60.800000000000004,Medium
47,Female,8.3,8.2,40,1.6,3.4,8,Stressed,57.39999999999999,Medium
59,Male,6.0,11.9,2,4.1,6.6,10,Happy,30.300000000000008,High
52,Female,7.6,8.0,42,1.5,2.1,4,Neutral,64.10000000000001,Medium
24,Female,6.7,5.0,16,3.9,4.4,4,Happy,72.5,Medium
33,Male,8.1,8.3,103,5.0,5.7,4,Neutral,100.0,Low
43,Female,6.1,7.3,83,4.8,3.2,8,Sad,61.4,Medium
19,Male,4.3,10.3,97,4.2,10.1,7,Sad,55.0,Medium
18,Female,6.8,7.8,52,3.1,4.0,1,Stressed,82.30000000000001,Low
29,Male,4.9,8.0,51,3.7,9.5,10,Happy,40.7,High
22,Female,8.8,3.4,32,3.9,6.7,6,Neutral,96.50000000000001,Low
54,Male,6.6,5.6,79,1.0,6.8,4,Neutral,73.19999999999999,Medium
49,Male,6.8,4.8,59,1.4,8.5,2,Stressed,86.2,Low
26,Female,8.5,1.1,86,3.4,2.4,3,Happy,100.0,Low
58,Female,7.1,4.4,67,1.0,2.8,4,Neutral,70.2,Medium
52,Male,5.5,6.3,55,4.6,5.3,10,Stressed,47.00000000000001,High
36,Female,5.5,7.6,104,3.0,6.2,7,Stressed,59.99999999999999,Medium
33,Male,6.5,11.3,63,2.0,6.3,1,Happy,73.6,Medium
20,Female,8.3,3.6,103,2.6,8.8,1,Happy,100.0,Low
37,Female,8.0,2.7,96,4.4,2.0,3,Happy,100.0,Low
41,Male,8.8,10.6,7,4.7,11.6,2,Neutral,100.0,Low
50,Male,4.4,11.4,68,1.5,3.7,3,Stressed,37.699999999999996,High
41,Female,5.3,6.4,32,4.1,4.5,3,Happy,64.10000000000001,Medium
28,Female,4.4,2.3,120,3.3,11.1,1,Sad,98.10000000000001,Low
25,Female,7.8,6.3,24,3.3,2.1,6,Happy,66.9,Medium
53,Female,4.7,2.2,70,4.1,11.9,8,Neutral,68.89999999999999,Medium
55,Female,4.5,10.7,110,1.9,2.4,5,Happy,39.9,High
57,Male,6.8,8.8,6,3.1,3.2,1,Happy,69.5,Medium
37,Female,6.1,3.7,58,2.3,4.4,10,Sad,45.499999999999986,High
52,Female,7.6,10.8,32,1.4,6.4,7,Sad,52.60000000000001,Medium
42,Male,6.4,8.0,40,1.4,7.2,10,Neutral,37.4,High
52,Male,6.1,11.5,32,1.5,3.0,9,Happy,21.900000000000006,High
42,Male,6.1,11.8,28,3.5,2.7,7,Happy,37.89999999999999,High
46,Female,8.4,1.0,107,1.4,2.3,9,Sad,79.0,Low
35,Male,6.0,2.3,38,3.3,4.6,10,Happy,48.7,High
35,Male,5.7,7.0,56,3.4,11.2,9,Neutral,57.6,Medium
19,Male,5.7,11.5,104,4.6,5.9,2,Sad,81.6,Low
52,Male,5.0,11.9,95,3.5,9.6,8,Stressed,49.900000000000006,High
33,Female,8.3,7.2,100,4.9,3.9,7,Stressed,92.89999999999999,Low
58,Female,4.7,2.9,107,1.1,2.6,7,Stressed,45.30000000000001,High
53,Female,8.5,2.8,92,3.8,7.5,2,Stressed,100.0,Low
50,Male,5.4,9.4,63,1.1,10.2,1,Sad,69.69999999999999,Medium
21,Male,8.5,7.5,85,3.9,11.0,4,Neutral,100.0,Low
50,Male,8.0,7.0,65,2.5,7.5,7,Stressed,78.5,Low
31,Male,6.9,6.1,113,3.4,4.9,6,Stressed,82.19999999999999,Low
38,Male,7.3,9.0,8,2.2,3.1,10,Happy,33.8,High
37,Male,5.6,10.4,28,1.6,8.7,2,Neutral,58.199999999999996,Medium
25,Female,6.9,4.3,96,3.9,4.8,7,Stressed,80.7,Low
24,Female,5.5,3.4,73,4.6,10.4,10,Sad,66.6,Medium
20,Male,6.0,8.4,27,1.7,8.1,9,Sad,37.30000000000001,High
34,Female,7.8,11.1,109,4.7,10.6,2,Neutral,100.0,Low
50,Male,5.2,4.8,52,1.6,7.7,10,Stressed,36.2,High
29,Male,8.2,4.0,45,3.9,9.7,5,Sad,100.0,Low
39,Female,5.9,3.5,38,4.8,4.9,2,Happy,85.39999999999999,Low
39,Male,6.7,3.8,75,1.6,7.0,1,Sad,92.4,Low
47,Female,8.7,2.5,57,2.7,2.2,7,Neutral,83.30000000000001,Low
55,Male,7.4,7.6,85,2.3,8.1,2,Stressed,95.5,Low
55,Male,7.2,4.1,53,2.6,7.3,6,Neutral,77.99999999999999,Low
25,Female,7.6,7.8,5,4.0,9.6,7,Sad,72.60000000000001,Medium
44,Male,8.6,1.9,44,3.6,9.3,1,Stressed,100.0,Low
44,Male,5.2,2.3,39,4.9,8.3,9,Neutral,60.300000000000004,Medium
51,Male,7.1,6.9,22,1.7,2.6,6,Neutral,51.30000000000001,Medium
38,Female,6.0,6.6,116,3.2,11.0,2,Stressed,100.0,Low
47,Male,4.1,4.0,97,2.8,2.2,1,Happy,66.80000000000001,Medium
50,Male,4.6,10.1,41,4.7,10.0,1,Sad,73.5,Medium
45,Male,5.6,3.1,37,1.0,6.8,2,Happy,67.8,Medium
50,Female,6.8,5.0,15,5.0,10.2,9,Neutral,70.4,Medium
22,Female,8.4,7.1,73,2.9,6.7,2,Neutral,100.0,Low
36,Female,8.0,10.5,46,3.5,8.5,1,Happy,98.7,Low
21,Female,6.8,5.6,20,2.4,5.6,4,Sad,68.0,Medium
52,Female,4.4,5.4,115,4.4,9.4,9,Neutral,61.0,Medium
34,Male,5.4,7.4,73,3.2,4.5,8,Stressed,46.8,High
45,Female,5.8,4.5,74,3.7,9.2,7,Neutral,72.69999999999999,Medium
47,Female,7.1,8.8,20,3.6,3.9,8,Neutral,51.2,Medium
46,Male,4.3,3.7,24,2.5,9.2,2,Sad,63.3,Medium
23,Female,6.7,10.1,60,1.3,4.9,5,Stressed,55.099999999999994,Medium
52,Male,8.5,4.0,97,4.2,4.8,7,Happy,99.0,Low
58,Female,7.5,11.9,53,2.2,10.1,1,Happy,89.0,Low
54,Male,8.0,4.5,94,4.4,10.1,6,Sad,100.0,Low
41,Male,7.4,10.7,90,3.4,8.9,7,Neutral,77.39999999999999,Low
46,Female,5.0,5.4,88,2.4,11.2,8,Neutral,59.199999999999996,Medium
48,Female,4.6,3.7,59,3.4,3.6,5,Sad,54.599999999999994,Medium
52,Male,8.1,3.5,41,3.6,4.7,8,Neutral,77.60000000000001,Low
50,Male,7.5,10.4,60,3.8,4.9,10,Happy,55.0,Medium
38,Male,6.9,4.4,31,4.3,5.1,1,Happy,94.10000000000001,Low
49,Male,4.9,4.7,52,1.6,5.3,4,Neutral,52.60000000000001,Medium
40,Male,7.0,3.2,43,4.8,9.0,6,Stressed,90.19999999999999,Low
50,Male,4.2,11.6,10,2.6,4.7,4,Sad,27.199999999999996,High
20,Male,4.6,3.7,117,4.4,4.9,5,Stressed,73.8,Medium
35,Female,5.6,3.7,46,1.9,7.7,2,Sad,74.7,Medium
42,Male,6.2,11.4,89,1.1,3.9,7,Neutral,42.3,High
59,Female,4.6,10.9,59,3.3,5.6,9,Stressed,27.7,High
48,Female,4.6,3.7,35,2.3,2.6,7,Neutral,34.300000000000004,High
20,Male,7.6,10.5,100,4.9,11.5,1,Neutral,100.0,Low
57,Male,6.8,3.7,119,1.4,5.2,2,Sad,93.8,Low
41,Female,6.7,1.9,59,1.2,10.5,8,Sad,70.0,Medium
49,Male,6.3,10.0,32,1.2,7.3,1,Sad,66.0,Medium
39,Male,8.9,9.5,96,1.9,4.3,2,Neutral,99.3,Low
40,Female,4.2,4.2,41,3.3,3.9,5,Stressed,46.1,High
19,Female,4.9,2.0,99,3.0,8.9,6,Sad,73.6,Medium
44,Female,7.2,3.3,12,2.4,11.6,1,Sad,99.00000000000001,Low
59,Male,4.7,9.5,13,1.4,3.8,1,Happy,41.2,High
19,Male,6.9,11.6,57,1.9,3.2,2,Neutral,65.10000000000001,Medium
43,Female,6.8,3.8,114,1.7,5.9,3,Happy,91.5,Low
34,Male,8.9,10.0,100,4.0,5.9,9,Sad,84.8,Low
57,Female,8.4,3.5,106,4.1,10.1,3,Happy,100.0,Low
50,Male,8.7,8.5,39,4.1,6.7,8,Stressed,79.7,Low
26,Female,4.6,1.9,64,4.9,2.6,6,Stressed,60.7,Medium
56,Male,8.3,7.4,4,4.5,11.2,10,Happy,73.9,Medium
46,Female,4.6,4.0,29,3.0,5.7,5,Stressed,50.199999999999996,Medium
59,Male,7.2,11.2,116,2.7,8.7,9,Neutral,67.70000000000002,Medium
43,Male,7.6,4.2,81,4.7,8.7,8,Happy,92.69999999999999,Low
52,Female,4.8,5.4,44,3.4,2.6,3,Neutral,56.2,Medium
42,Male,7.2,10.2,100,2.2,2.0,7,Stressed,58.599999999999994,Medium
41,Male,4.3,5.8,119,3.3,2.9,4,Happy,61.5,Medium
30,Female,5.5,3.6,57,5.0,11.6,8,Happy,75.4,Low
24,Male,8.6,7.0,38,4.4,9.9,7,Sad,93.39999999999999,Low
53,Male,4.9,10.2,11,2.1,3.3,3,Neutral,35.900000000000006,High
37,Male,4.3,5.8,33,4.8,8.1,7,Sad,50.19999999999999,Medium
18,Female,6.2,2.5,108,4.9,8.1,6,Sad,95.3,Low
25,Female,8.3,5.2,13,1.9,2.0,6,Stressed,64.69999999999999,Medium
33,Female,4.4,11.5,37,4.6,6.3,10,Neutral,24.000000000000007,High
31,Female,5.8,1.8,15,4.5,9.1,3,Neutral,86.10000000000001,Low
29,Female,8.5,5.5,105,1.2,3.9,4,Stressed,92.8,Low
40,Male,4.6,8.1,60,3.7,10.5,4,Stressed,65.3,Medium
32,Male,5.6,1.9,58,2.2,8.6,6,Neutral,68.0,Medium
45,Female,7.9,4.8,74,3.7,2.1,9,Stressed,70.9,Medium
51,Male,6.7,11.3,96,4.7,10.5,5,Neutral,88.1,Low
19,Male,8.2,1.3,78,3.0,2.2,8,Stressed,82.4,Low
49,Male,4.6,9.3,111,2.7,10.9,5,Sad,64.9,Medium
40,Male,8.6,10.3,105,4.7,5.3,6,Stressed,96.5,Low
39,Female,8.7,4.0,73,4.9,9.0,6,Happy,100.0,Low
42,Female,4.8,3.4,66,1.2,9.9,4,Stressed,64.2,Medium
39,Male,4.2,11.1,10,4.7,4.8,10,Happy,14.899999999999997,High
39,Male,8.9,9.4,10,1.3,5.6,10,Neutral,49.900000000000006,High
59,Female,6.4,2.2,15,2.3,7.1,5,Sad,68.3,Medium
23,Male,6.9,3.3,37,4.1,7.8,4,Stressed,89.9,Low
32,Male,7.1,7.8,29,4.1,4.9,2,Neutral,83.5,Low
54,Male,7.9,5.6,40,3.9,11.9,2,Happy,100.0,Low
50,Female,8.1,6.5,0,1.2,9.4,8,Sad,60.8,Medium
25,Female,5.0,11.5,37,1.5,4.7,4,Neutral,35.300000000000004,High
22,Male,5.2,5.6,113,4.7,8.4,9,Neutral,67.69999999999999,Medium
56,Male,8.4,10.7,120,1.3,6.4,6,Neutral,81.89999999999999,Low
21,Male,8.1,8.3,108,1.3,10.6,5,Neutral,93.7,Low
23,Male,7.1,2.3,97,4.3,5.3,7,Stressed,89.9,Low
49,Male,9.0,9.2,59,3.6,3.9,6,Neutral,85.2,Low
47,Male,7.7,6.7,18,2.4,2.5,4,Neutral,68.19999999999999,Medium
52,Female,5.1,3.5,97,1.7,11.8,10,Stressed,55.50000000000001,Medium
57,Female,8.2,4.2,58,4.5,5.6,9,Happy,82.89999999999999,Low
33,Male,6.1,7.1,99,5.0,4.2,6,Sad,76.0,Low
30,Female,4.2,7.6,67,1.2,6.9,3,Sad,48.0,High
59,Male,5.6,11.6,9,3.2,4.9,4,Stressed,44.39999999999999,High
47,Male,7.8,10.4,16,2.0,4.3,4,Stressed,63.00000000000001,Medium
36,Female,8.8,3.3,119,4.3,8.2,8,Happy,100.0,Low
34,Female,5.4,9.5,79,2.4,2.7,5,Sad,48.199999999999996,High
36,Male,5.2,1.1,84,3.9,7.1,8,Stressed,68.3,Medium
45,Male,6.8,2.4,91,3.2,5.9,8,Neutral,77.2,Low
43,Female,8.1,3.2,71,3.2,7.3,6,Stressed,95.39999999999999,Low
54,Female,7.7,7.6,28,4.4,5.2,5,Sad,79.8,Low
43,Male,6.8,3.1,5,2.9,7.7,2,Happy,84.7,Low
40,Male,7.2,5.0,93,4.4,2.8,1,Happy,100.0,Low
26,Male,5.2,3.7,65,2.5,5.8,7,Neutral,53.699999999999996,Medium
29,Female,6.2,4.7,118,1.7,4.4,10,Neutral,53.499999999999986,Medium
18,Male,5.3,11.4,110,2.8,6.4,10,Sad,39.0,High
18,Female,8.4,12.0,62,3.0,6.0,7,Neutral,71.4,Medium
51,Male,4.6,8.5,30,2.9,8.3,2,Sad,58.1,Medium
49,Female,7.4,7.3,24,4.2,8.3,3,Sad,89.80000000000001,Low
42,Female,5.3,8.8,86,3.3,6.1,8,Stressed,49.3,High
57,Female,6.4,9.5,106,4.6,3.8,4,Neutral,80.8,Low
18,Female,5.5,9.1,20,3.1,7.8,5,Stressed,51.9,Medium
33,Male,5.6,1.9,15,1.9,11.7,7,Stressed,60.1,Medium
56,Female,5.3,4.4,3,1.5,3.9,8,Sad,28.099999999999998,High
22,Female,7.8,4.8,106,4.5,2.7,1,Sad,100.0,Low
39,Female,5.8,5.1,45,1.2,4.6,7,Sad,44.0,High
46,Male,7.6,4.8,7,1.5,6.1,3,Sad,75.50000000000001,Low
20,Male,6.3,9.7,5,1.3,5.1,5,Stressed,41.3,High
29,Male,6.7,9.2,52,2.7,10.3,1,Happy,89.1,Low
43,Male,6.7,1.1,118,3.1,6.9,3,Happy,100.0,Low
33,Male,8.9,4.3,63,1.1,4.5,5,Happy,87.5,Low
54,Male,5.8,7.9,90,3.1,11.5,1,Sad,94.7,Low
39,Female,5.0,2.3,50,2.6,3.3,2,Neutral,67.0,Medium
46,Female,8.6,1.8,120,4.1,3.2,3,Happy,100.0,Low
31,Female,4.9,10.1,99,4.3,4.5,8,Stressed,47.099999999999994,High
45,Male,8.2,6.0,99,3.7,2.8,5,Stressed,93.89999999999999,Low
22,Female,4.8,10.4,62,2.9,9.5,5,Sad,53.10000000000001,Medium
47,Female,7.3,10.1,87,1.9,5.1,3,Stressed,77.9,Low
22,Male,4.8,10.8,5,4.4,9.3,9,Stressed,32.0,High
29,Female,8.6,1.5,61,2.4,9.6,9,Happy,90.4,Low
33,Male,6.8,3.0,106,2.4,4.4,2,Happy,96.0,Low
43,Female,5.6,4.3,32,4.7,7.2,8,Stressed,59.70000000000001,Medium
43,Male,4.7,2.5,1,4.9,7.2,1,Happy,77.10000000000001,Low
38,Male,5.9,6.3,40,4.6,10.7,5,Stressed,78.80000000000001,Low
56,Male,7.5,9.8,15,5.0,2.3,7,Stressed,60.00000000000001,Medium
53,Female,5.9,11.5,101,4.5,5.2,8,Happy,57.1,Medium
50,Female,5.2,10.8,118,3.8,10.8,8,Sad,62.6,Medium
47,Male,6.9,6.0,58,2.2,4.4,6,Happy,64.39999999999999,Medium
54,Male,6.1,8.0,8,4.8,3.4,7,Sad,49.39999999999999,High
40,Female,4.8,3.5,114,4.5,7.8,4,Neutral,85.89999999999999,Low
27,Female,4.8,5.4,68,2.0,5.1,10,Stressed,30.999999999999996,High
22,Male,7.5,10.6,116,3.0,6.7,7,Neutral,77.4,Low
53,Female,8.9,1.3,9,1.3,10.2,7,Stressed,87.1,Low
51,Female,5.2,6.9,93,4.8,7.2,9,Happy,59.199999999999996,Medium
48,Female,7.9,10.6,6,3.3,7.2,2,Neutral,81.9,Low
27,Male,4.4,2.3,92,2.0,4.8,8,Neutral,45.40000000000001,High
36,Male,5.9,11.8,65,2.2,9.9,9,Stressed,43.2,High
49,Female,6.5,1.1,19,4.9,9.4,3,Stressed,97.89999999999999,Low
18,Male,5.3,10.7,62,3.5,4.3,8,Sad,38.10000000000001,High
22,Female,6.6,4.9,3,2.7,5.2,1,Sad,76.7,Low
21,Female,8.4,2.5,27,3.0,9.9,10,Happy,79.2,Low
33,Male,8.7,2.7,71,1.4,5.6,5,Neutral,94.0,Low
41,Male,4.5,8.7,34,1.3,6.0,1,Neutral,48.9,High
33,Male,5.4,10.6,1,3.4,5.6,1,Sad,57.2,Medium
19,Female,8.9,8.1,40,3.0,3.6,6,Happy,79.0,Low
45,Female,5.4,11.2,27,2.4,5.4,5,Neutral,39.80000000000001,High
49,Male,7.5,10.3,74,3.3,10.0,5,Stressed,85.69999999999999,Low
44,Male,5.3,1.1,99,1.3,6.9,2,Stressed,82.89999999999999,Low
37,Male,5.8,8.4,72,4.8,6.6,10,Stressed,52.80000000000001,Medium
41,Female,5.0,4.4,101,2.2,3.6,9,Neutral,43.60000000000001,High
29,Female,8.3,6.0,0,1.3,3.8,5,Happy,65.1,Medium
52,Female,8.4,2.0,26,1.7,2.4,3,Sad,86.5,Low
50,Male,5.5,4.1,66,1.4,2.1,7,Sad,43.2,High
50,Male,8.1,8.0,38,1.7,6.9,6,Sad,70.89999999999999,Medium
54,Female,5.8,3.4,72,2.7,6.1,6,Stressed,67.30000000000001,Medium
29,Male,4.5,8.1,39,4.0,4.8,5,Neutral,46.199999999999996,High
20,Male,7.8,11.2,27,2.1,11.9,4,Neutral,79.3,Low
18,Male,7.0,1.1,84,2.7,6.0,6,Sad,86.1,Low
50,Male,5.4,9.6,91,4.7,9.9,7,Sad,68.3,Medium
57,Female,5.3,8.1,108,2.2,4.1,8,Neutral,45.599999999999994,High
27,Male,8.9,1.5,23,4.2,4.5,2,Sad,100.0,Low
46,Female,8.3,9.7,81,1.6,7.7,4,Neutral,87.20000000000002,Low
30,Female,8.0,3.5,50,1.7,2.0,7,Stressed,67.5,Medium
29,Male,4.6,3.9,55,2.8,2.2,3,Sad,55.6,Medium
48,Female,7.8,2.0,72,1.9,3.4,5,Sad,84.7,Low
19,Female,5.1,6.9,25,4.6,4.2,10,Neutral,33.6,High
52,Male,8.9,6.5,87,1.2,7.3,7,Happy,86.0,Low
40,Female,4.3,4.8,51,3.4,8.9,9,Sad,42.400000000000006,High
34,Female,5.8,2.9,5,3.4,5.1,6,Happy,56.400000000000006,Medium
43,Female,6.1,10.2,58,1.3,4.4,2,Happy,59.5,Medium
25,Female,8.1,10.6,116,3.9,10.2,9,Sad,86.9,Low
46,Female,7.8,6.9,11,2.9,3.6,6,Sad,64.10000000000001,Medium
43,Female,5.9,3.7,62,3.9,8.8,10,Happy,61.1,Medium
27,Female,6.8,2.1,35,4.3,11.3,2,Happy,100.0,Low
43,Female,8.2,10.6,8,2.3,4.3,1,Sad,78.49999999999999,Low
51,Male,4.1,2.1,73,2.9,2.9,4,Neutral,55.69999999999999,Medium
58,Male,8.0,1.1,66,2.0,11.8,2,Sad,100.0,Low
24,Male,8.7,6.2,112,1.8,4.7,7,Stressed,87.4,Low
21,Female,4.2,9.0,28,1.0,4.8,7,Stressed,16.200000000000003,High
28,Female,4.2,6.0,70,4.9,6.8,3,Neutral,70.1,Medium
46,Female,5.7,1.6,89,2.8,4.3,10,Happy,54.199999999999996,Medium
53,Male,4.4,8.6,7,1.1,11.9,1,Happy,53.5,Medium
42,Male,6.4,8.1,42,1.0,2.4,2,Happy,58.0,Medium
38,Male,7.6,8.5,76,2.2,6.5,8,Stressed,66.2,Medium
53,Female,6.8,3.3,34,1.1,7.5,4,Sad,72.7,Medium
27,Male,5.0,9.8,82,2.5,6.7,3,Neutral,60.7,Medium
54,Male,7.3,6.3,109,1.3,7.2,10,Sad,63.1,Medium
26,Female,7.4,6.9,21,1.2,11.9,7,Happy,66.2,Medium
41,Male,8.7,7.0,79,3.7,10.8,10,Sad,88.9,Low
52,Female,4.7,4.2,78,4.6,5.1,4,Neutral,71.39999999999999,Medium
52,Male,7.5,3.8,65,2.6,7.5,2,Stressed,100.0,Low
53,Female,8.6,1.1,101,4.3,2.0,3,Sad,100.0,Low
35,Female,6.5,5.4,20,1.1,6.1,4,Sad,59.900000000000006,Medium
56,Female,5.8,6.3,93,4.1,3.6,1,Neutral,87.7,Low
49,Female,4.9,9.2,70,1.3,9.1,8,Neutral,37.3,High
41,Female,8.3,1.7,94,4.4,4.2,8,Happy,96.8,Low
40,Male,6.0,11.2,40,4.5,9.5,5,Neutral,67.1,Medium
49,Female,8.6,3.9,40,4.1,5.1,6,Stressed,92.9,Low
54,Female,8.2,5.0,48,4.3,11.3,4,Happy,100.0,Low
29,Female,5.9,1.5,118,3.2,6.5,3,Sad,96.6,Low
30,Female,6.9,8.2,98,2.1,10.4,3,Happy,91.49999999999999,Low
40,Male,4.1,8.8,3,3.6,8.3,4,Sad,42.6,High
42,Female,5.3,11.2,97,2.8,11.8,6,Neutral,63.6,Medium
52,Male,7.6,4.7,64,1.0,9.4,2,Happy,95.19999999999999,Low
58,Female,7.4,3.8,9,2.9,9.3,6,Stressed,77.30000000000001,Low
47,Female,5.8,9.0,93,3.6,4.6,8,Happy,53.8,Medium
34,Male,8.0,8.8,95,1.1,7.0,9,Stressed,64.9,Medium
37,Male,5.2,11.3,66,3.5,4.9,4,Happy,53.900000000000006,Medium
42,Male,6.3,3.3,9,3.6,2.2,5,Neutral,60.6,Medium
39,Female,6.4,8.8,72,1.6,9.1,8,Sad,55.000000000000014,Medium
30,Male,5.7,1.7,16,2.7,4.4,10,Happy,39.099999999999994,High
36,Female,8.8,6.3,110,4.9,6.0,2,Sad,100.0,Low
53,Male,7.5,2.3,66,4.5,4.8,10,Sad,75.7,Low
29,Male,6.7,8.2,90,2.6,4.0,2,Sad,81.6,Low
58,Female,6.6,7.6,52,2.4,2.7,9,Happy,42.6,High
36,Male,4.8,1.5,34,1.5,5.4,6,Sad,46.099999999999994,High
29,Male,5.9,4.5,3,1.1,2.8,10,Happy,21.699999999999996,High
26,Female,7.4,5.3,67,2.2,7.4,9,Stressed,66.60000000000001,Medium
24,Female,8.6,3.7,112,4.8,2.2,10,Sad,89.4,Low
45,Female,8.1,1.4,95,4.8,11.4,7,Stressed,100.0,Low
31,Male,5.5,4.5,101,4.3,11.7,5,Sad,91.1,Low
48,Male,6.2,9.7,10,2.4,5.0,9,Happy,30.6,High
36,Male,4.4,5.0,43,1.6,4.6,9,Happy,23.8,High
33,Male,4.5,4.6,118,3.4,3.0,2,Stressed,74.39999999999999,Medium
22,Male,6.4,11.4,59,3.6,11.0,8,Stressed,61.0,Medium
52,Female,6.7,1.5,102,2.7,7.9,8,Neutral,81.7,Low
29,Male,5.3,9.4,108,3.8,8.1,2,Neutral,83.0,Low
42,Female,7.2,6.3,69,4.0,11.0,10,Neutral,75.2,Low
38,Male,7.5,11.4,118,4.1,11.1,7,Sad,90.5,Low
53,Female,5.5,5.3,61,3.0,10.3,1,Stressed,88.20000000000002,Low
40,Male,7.8,8.8,98,4.2,9.7,5,Neutral,100.0,Low
33,Male,5.0,1.8,116,1.1,10.8,5,Stressed,76.70000000000002,Low
56,Female,6.7,11.2,109,3.7,10.8,10,Neutral,66.5,Medium
59,Male,8.0,4.8,31,1.9,5.7,5,Stressed,77.50000000000001,Low
56,Female,6.7,6.8,45,2.1,11.7,2,Stressed,88.30000000000001,Low
31,Male,8.5,2.5,22,1.4,9.1,3,Neutral,97.60000000000001,Low
48,Male,4.3,11.4,105,1.8,5.7,6,Sad,37.6,High
22,Female,6.9,8.4,36,5.0,6.4,1,Neutral,93.2,Low
52,Male,6.8,1.6,89,2.7,8.9,6,Stressed,89.89999999999999,Low
40,Female,7.3,2.7,97,4.7,5.6,6,Happy,97.7,Low
46,Male,8.2,5.4,101,1.7,10.3,7,Sad,92.5,Low
28,Male,7.6,3.4,118,1.8,3.5,9,Sad,72.8,Medium
35,Male,8.0,4.4,74,3.2,11.1,9,Happy,88.2,Low
29,Male,5.4,12.0,113,2.4,5.0,4,Neutral,58.599999999999994,Medium
26,Male,5.9,8.2,57,3.6,3.5,2,Stressed,71.0,Medium
27,Male,7.1,11.1,119,2.7,10.6,5,Neutral,87.3,Low
34,Male,6.8,5.8,84,4.2,4.4,1,Stressed,99.0,Low
55,Female,8.8,8.8,42,2.7,10.4,5,Happy,93.10000000000001,Low
24,Male,4.9,6.1,87,3.3,5.0,10,Stressed,40.7,High
30,Male,5.8,4.6,14,2.3,11.3,3,Stressed,73.69999999999999,Medium
57,Male,6.9,6.7,66,3.8,4.2,7,Neutral,68.2,Medium
59,Female,8.3,5.7,1,3.6,2.7,7,Stressed,67.2,Medium
26,Female,8.6,11.8,70,2.6,11.4,3,Neutral,100.0,Low
44,Male,5.7,6.5,4,2.1,3.7,5,Neutral,42.699999999999996,High
19,Male,4.3,9.9,52,3.5,11.4,9,Sad,37.900000000000006,High
22,Male,6.1,8.3,44,4.8,10.2,4,Happy,81.6,Low
46,Female,6.0,6.3,103,1.5,2.8,2,Neutral,73.1,Medium
54,Male,8.9,6.2,92,4.2,6.5,3,Happy,100.0,Low
55,Female,6.2,4.8,40,3.2,2.7,1,Sad,77.80000000000001,Low
36,Male,5.5,2.2,62,3.1,5.3,5,Neutral,69.1,Medium
25,Female,5.8,9.4,95,4.8,5.5,9,Happy,57.2,Medium
18,Female,6.0,11.1,93,3.4,8.0,2,Sad,81.39999999999999,Low
39,Male,8.1,3.4,71,4.3,11.8,3,Sad,100.0,Low
34,Male,4.4,11.2,31,3.1,3.7,3,Stressed,38.7,High
24,Male,5.6,3.6,105,2.0,5.3,7,Stressed,62.4,Medium
42,Male,8.8,6.8,1,3.8,7.9,10,Happy,69.4,Medium
21,Male,4.8,4.8,9,4.7,3.7,7,Neutral,43.099999999999994,High
53,Male,7.7,2.3,42,4.4,9.1,1,Stressed,100.0,Low
23,Male,5.8,1.6,118,1.8,6.0,3,Neutral,87.39999999999999,Low
48,Female,6.9,5.0,42,2.3,11.5,1,Stressed,97.9,Low
36,Male,4.5,1.5,100,3.1,8.3,9,Stressed,58.1,Medium
56,Male,5.5,2.1,109,3.3,5.6,7,Happy,72.3,Medium
44,Female,6.5,2.6,118,1.8,9.2,5,Stressed,90.79999999999998,Low
27,Male,5.2,1.0,66,1.9,10.4,7,Sad,65.5,Medium
43,Male,6.7,2.7,115,4.0,10.0,3,Stressed,100.0,Low
36,Male,5.1,7.4,22,3.9,4.6,3,Stressed,57.30000000000001,Medium
56,Male,7.3,10.0,97,4.4,6.2,1,Happy,100.0,Low
20,Female,8.5,3.1,81,4.7,6.5,5,Happy,100.0,Low
30,Female,4.4,1.9,96,2.2,5.9,7,Sad,54.2,Medium
45,Male,5.1,9.0,96,4.4,5.1,3,Happy,72.4,Medium
37,Male,8.2,1.1,59,3.7,9.5,5,Stressed,100.0,Low
45,Female,7.2,9.1,80,4.8,2.1,10,Sad,58.0,Medium
25,Male,4.4,2.4,5,2.1,4.9,1,Stressed,56.5,Medium
58,Female,6.4,3.5,12,2.1,3.4,7,Stressed,48.7,High
56,Female,5.0,2.3,20,3.8,3.3,8,Sad,43.00000000000001,High
18,Female,5.0,3.7,94,4.7,4.8,8,Happy,62.49999999999999,Medium
20,Male,8.7,9.8,57,4.3,9.6,1,Happy,100.0,Low
30,Male,7.8,2.5,119,3.9,11.7,4,Stressed,100.0,Low
45,Male,7.5,11.9,84,2.5,7.1,9,Happy,58.7,Medium
42,Female,5.2,4.6,96,3.9,5.4,2,Neutral,84.3,Low
50,Male,4.6,11.1,27,4.2,10.3,1,Sad,66.80000000000001,Medium
55,Male,8.4,3.1,119,4.0,2.7,6,Sad,100.0,Low
23,Female,4.0,3.1,69,3.7,2.9,1,Stressed,67.89999999999999,Medium
49,Male,5.9,7.2,7,1.2,5.5,6,Stressed,39.00000000000001,High
38,Male,5.4,1.6,76,3.6,6.5,1,Sad,93.0,Low
33,Male,6.9,9.8,97,2.9,10.0,6,Stressed,79.30000000000001,Low
38,Female,5.3,5.8,57,4.8,11.3,9,Sad,63.40000000000001,Medium
28,Male,5.6,8.7,39,3.4,7.3,5,Sad,58.0,Medium
54,Female,8.3,2.9,85,3.4,7.0,4,Neutral,100.0,Low
53,Female,7.0,8.1,0,5.0,4.1,8,Sad,55.0,Medium
52,Female,4.7,7.5,76,1.4,6.5,4,Neutral,51.2,Medium
36,Male,7.6,9.3,64,2.1,11.2,4,Stressed,87.1,Low
37,Male,5.0,4.3,9,3.6,5.9,9,Happy,37.0,High
35,Male,6.2,11.3,59,2.3,4.1,1,Happy,66.89999999999999,Medium
58,Female,7.2,11.6,68,2.4,5.4,3,Neutral,73.19999999999999,Medium
31,Female,5.4,10.5,118,4.6,7.1,4,Stressed,77.8,Low
32,Male,5.9,7.3,19,3.3,8.0,8,Sad,48.7,High
48,Female,7.7,5.6,61,1.4,6.3,1,Sad,93.6,Low
18,Male,8.7,1.6,12,2.2,9.6,3,Sad,100.0,Low
20,Male,6.6,11.4,57,1.3,7.8,2,Sad,68.7,Medium
33,Male,4.0,11.5,36,3.2,8.7,6,Sad,33.6,High
40,Male,5.7,1.2,9,1.7,10.6,9,Stressed,50.099999999999994,Medium
28,Male,6.0,4.9,2,4.4,10.7,10,Neutral,54.00000000000001,Medium
29,Male,5.7,10.7,33,3.3,4.0,9,Stressed,30.699999999999996,High
27,Male,6.2,1.9,33,1.2,8.2,10,Neutral,47.199999999999996,High
49,Female,7.2,3.2,29,2.2,9.2,5,Neutral,80.79999999999998,Low
33,Male,4.6,11.8,36,3.5,3.5,3,Stressed,42.1,High
25,Female,5.4,10.3,67,2.3,10.4,8,Happy,47.10000000000001,High
55,Female,6.5,11.0,33,3.1,3.8,9,Stressed,36.699999999999996,High
29,Male,5.6,2.6,31,4.6,10.0,9,Happy,64.0,Medium
41,Female,9.0,3.3,84,2.4,3.6,1,Neutral,100.0,Low
45,Female,6.2,7.7,57,2.3,9.4,10,Stressed,48.3,High
25,Female,8.3,6.5,104,4.3,3.5,5,Neutral,99.3,Low
45,Male,8.5,4.3,23,2.3,5.8,10,Happy,64.1,Medium
53,Male,8.2,10.7,8,1.3,3.4,9,Neutral,39.499999999999986,High
43,Male,4.2,10.9,40,1.7,4.7,3,Stressed,34.1,High
25,Male,8.7,4.2,23,4.8,11.8,7,Happy,100.0,Low
45,Male,4.6,2.7,24,4.7,3.1,9,Happy,39.099999999999994,High
45,Female,4.2,2.6,35,1.9,6.1,2,Neutral,57.5,Medium
54,Female,6.1,6.3,7,3.2,8.8,2,Neutral,75.4,Low
58,Male,5.0,2.5,113,1.5,2.9,5,Happy,60.89999999999999,Medium
53,Female,4.9,6.2,104,3.7,3.1,8,Neutral,50.099999999999994,Medium
44,Female,5.4,6.1,92,1.7,3.4,10,Sad,35.5,High
34,Female,5.2,10.7,88,1.2,8.4,5,Happy,51.0,Medium
26,Female,7.4,4.3,58,4.3,11.1,8,Happy,88.7,Low
50,Male,4.9,7.2,34,2.3,10.3,4,Sad,57.5,Medium
37,Male,6.7,9.2,37,1.4,11.8,9,Stressed,50.60000000000001,Medium
30,Male,8.9,7.6,91,4.3,7.8,4,Stressed,100.0,Low
45,Female,6.2,11.5,118,4.0,11.6,5,Stressed,85.8,Low
46,Female,7.2,7.6,82,3.7,5.0,7,Stressed,73.7,Medium
30,Male,8.8,10.9,31,4.6,6.2,9,Sad,71.80000000000001,Medium
52,Male,4.7,3.7,100,3.0,6.0,5,Sad,66.6,Medium
23,Female,6.1,7.2,112,1.5,2.5,7,Neutral,53.5,Medium
35,Male,8.3,7.0,50,1.2,10.3,4,Sad,89.6,Low
22,Male,8.7,11.9,27,2.3,2.2,2,Sad,76.50000000000001,Low
42,Female,7.0,3.2,55,1.3,9.3,2,Stressed,91.69999999999999,Low
19,Female,4.7,2.6,98,3.1,6.1,5,Stressed,69.1,Medium
27,Male,8.5,7.7,7,1.1,2.1,2,Neutral,72.7,Medium
47,Female,4.9,3.5,40,2.8,4.9,2,Sad,65.8,Medium
22,Male,5.8,8.0,117,1.7,5.5,2,Happy,76.9,Low
50,Female,5.9,11.7,22,2.5,11.6,4,Stressed,59.7,Medium
18,Female,6.2,11.4,53,3.7,8.6,8,Stressed,53.5,Medium
35,Male,8.0,3.5,103,2.4,7.4,7,Sad,92.39999999999999,Low
49,Female,8.0,2.9,109,2.4,3.3,5,Sad,94.6,Low
28,Male,7.6,7.2,22,5.0,5.9,7,Neutral,74.8,Medium
38,Female,4.1,7.5,31,3.9,2.4,6,Neutral,32.5,High
43,Male,6.8,8.3,9,3.1,9.6,8,Sad,55.89999999999999,Medium
42,Female,7.7,9.2,80,3.3,3.6,8,Sad,66.3,Medium
39,Female,6.2,7.6,34,3.5,7.9,7,Happy,58.89999999999999,Medium
44,Male,8.7,2.2,98,1.1,9.0,5,Neutral,100.0,Low
30,Female,8.1,9.7,62,1.3,5.7,6,Happy,67.9,Medium
50,Male,7.2,1.9,66,3.6,8.3,10,Happy,76.0,Low
51,Female,4.3,1.2,35,2.5,9.6,8,Sad,47.3,High
58,Female,7.3,9.5,92,1.2,3.8,7,Sad,58.00000000000001,Medium
52,Male,8.6,7.0,48,2.2,8.0,5,Sad,88.6,Low
18,Female,5.9,8.7,45,1.5,9.3,10,Happy,36.7,High
38,Female,8.2,5.2,26,4.7,5.6,8,Happy,79.5,Low
23,Male,5.6,1.1,30,1.8,3.6,4,Neutral,60.0,Medium
45,Female,6.9,4.6,33,1.6,4.9,6,Neutral,60.19999999999999,Medium
34,Male,7.2,7.7,75,3.5,11.3,4,Stressed,95.69999999999999,Low
22,Male,7.4,3.5,100,3.1,5.6,5,Neutral,93.7,Low
48,Male,8.4,8.6,58,3.3,3.1,10,Stressed,61.099999999999994,Medium
22,Female,5.2,9.7,53,2.7,2.8,3,Neutral,50.3,Medium
55,Female,5.3,6.0,88,2.9,3.8,2,Stressed,72.69999999999999,Medium
20,Male,7.5,10.6,65,4.1,3.3,1,Neutral,89.89999999999999,Low
40,Female,4.9,10.4,29,1.9,7.0,3,Neutral,45.5,High
54,Male,6.3,10.7,107,2.6,5.5,1,Happy,83.0,Low
54,Female,4.1,8.3,72,4.8,10.4,6,Sad,59.60000000000001,Medium
27,Male,4.7,4.4,22,1.8,10.8,2,Neutral,65.19999999999999,Medium
27,Male,7.4,6.3,8,2.2,6.7,3,Happy,75.4,Low
36,Female,7.7,8.8,83,1.8,10.9,8,Happy,74.8,Medium
34,Male,4.6,3.3,54,1.1,6.5,5,Sad,48.699999999999996,High
38,Male,5.1,9.1,0,2.1,8.4,2,Neutral,52.099999999999994,Medium
31,Female,4.5,7.0,55,1.2,3.6,2,Stressed,47.2,High
26,Male,6.2,2.1,38,1.6,2.5,3,Stressed,66.39999999999999,Medium
18,Male,4.6,7.1,86,2.5,3.6,3,Sad,56.7,Medium
30,Female,6.2,1.7,17,1.1,4.5,8,Sad,44.5,High
21,Male,7.7,1.2,41,4.0,9.5,5,Sad,100.0,Low
18,Male,7.4,10.8,95,4.2,3.7,8,Neutral,67.80000000000001,Medium
57,Male,5.4,6.4,110,2.6,3.3,4,Neutral,66.8,Medium
49,Male,7.4,7.0,72,4.9,11.3,9,Neutral,85.5,Low
51,Male,8.6,4.1,74,3.7,8.9,3,Happy,100.0,Low
45,Male,5.7,7.0,119,4.0,6.7,2,Stressed,92.2,Low
48,Male,5.6,2.9,64,1.8,2.9,6,Happy,53.8,Medium
25,Male,6.9,9.2,74,4.3,10.5,4,Happy,91.9,Low
56,Female,5.2,10.1,32,4.8,3.1,2,Neutral,60.400000000000006,Medium
43,Male,7.3,10.4,29,1.9,8.1,6,Sad,59.7,Medium
51,Male,8.2,2.2,4,3.7,8.7,4,Sad,98.29999999999998,Low
20,Female,6.3,7.1,49,4.0,6.0,10,Happy,50.599999999999994,Medium
29,Male,7.4,9.9,64,2.2,11.1,4,Sad,84.2,Low
18,Male,7.3,2.4,9,2.9,2.5,10,Happy,49.5,High
22,Male,4.2,2.1,59,1.4,10.2,4,Sad,60.99999999999999,Medium
47,Male,4.9,10.0,76,1.7,7.5,4,Neutral,51.7,Medium
47,Male,8.5,9.8,26,1.2,8.1,8,Happy,60.8,Medium
34,Male,8.7,5.9,71,3.2,11.9,1,Stressed,100.0,Low
40,Female,7.9,2.2,27,3.5,7.8,9,Happy,77.1,Low
32,Female,8.6,6.7,44,4.7,10.0,3,Sad,100.0,Low
54,Female,5.5,5.3,51,3.2,3.5,5,Neutral,57.60000000000001,Medium
38,Female,5.2,6.7,65,2.0,10.1,5,Neutral,61.8,Medium
31,Female,5.9,5.8,61,1.2,9.6,4,Stressed,68.80000000000001,Medium
19,Male,4.3,7.3,116,4.5,11.7,4,Neutral,81.5,Low
28,Male,8.0,9.0,75,2.9,11.4,7,Neutral,86.3,Low
56,Male,8.9,9.5,90,3.9,4.1,4,Happy,99.7,Low
55,Male,8.1,8.1,76,1.1,6.6,10,Neutral,58.7,Medium
51,Male,6.8,3.2,59,3.0,11.1,3,Sad,98.6,Low
55,Female,5.5,5.4,85,2.3,8.4,9,Stressed,53.5,Medium
51,Female,5.0,1.8,39,1.1,6.6,4,Stressed,56.89999999999999,Medium
35,Male,5.8,6.0,14,4.1,3.1,4,Happy,59.5,Medium
47,Male,7.3,11.7,94,3.1,5.5,10,Sad,54.900000000000006,Medium
32,Male,6.2,8.1,6,2.3,8.7,8,Neutral,43.9,High
44,Female,8.7,2.7,38,4.2,9.8,7,Happy,100.0,Low
51,Female,8.3,4.0,112,2.8,6.5,4,Sad,100.0,Low
55,Male,4.5,1.7,50,1.0,2.6,8,Neutral,29.8,High
50,Female,4.7,3.0,98,4.8,8.3,10,Happy,61.199999999999996,Medium
41,Male,7.4,6.4,6,2.0,11.2,2,Stressed,86.80000000000001,Low
32,Female,5.2,4.8,11,4.3,7.0,9,Neutral,44.10000000000001,High
47,Female,8.0,3.2,13,4.3,11.3,2,Stressed,100.0,Low
59,Male,7.0,2.6,33,1.6,5.5,10,Neutral,50.39999999999999,Medium
34,Female,5.1,8.2,38,2.9,10.9,3,Neutral,66.5,Medium
22,Female,6.4,7.1,111,1.2,9.9,6,Stressed,73.8,Medium
46,Male,6.0,10.3,72,2.4,11.6,7,Neutral,61.000000000000014,Medium
21,Female,8.4,3.0,63,3.9,9.9,9,Sad,93.89999999999999,Low
27,Male,4.2,10.3,96,1.9,5.2,8,Neutral,28.5,High
34,Female,8.5,7.4,11,1.5,11.0,6,Happy,77.9,Low
27,Male,7.3,3.9,33,3.0,8.7,8,Sad,72.19999999999999,Medium
34,Male,7.7,4.0,26,3.1,3.6,5,Neutral,76.9,Low
37,Female,4.0,5.3,21,3.7,2.5,10,Happy,17.1,High
41,Female,7.1,6.1,17,4.0,5.7,10,Happy,53.6,Medium
22,Male,6.9,1.9,45,3.8,9.9,9,Sad,77.0,Low
51,Female,6.7,10.3,43,4.4,8.2,4,Sad,77.4,Low
23,Female,7.9,2.3,17,1.9,7.3,1,Sad,97.9,Low
19,Female,6.8,6.3,36,3.3,2.0,8,Stressed,51.10000000000001,Medium
30,Male,8.3,5.2,6,2.4,6.4,5,Stressed,78.6,Low
28,Male,5.2,6.6,67,4.8,3.6,9,Sad,47.400000000000006,High
40,Male,8.0,10.8,108,2.8,6.5,3,Neutral,95.0,Low
33,Female,4.9,11.9,79,4.8,11.9,9,Stressed,52.8,Medium
48,Female,8.1,1.2,85,4.1,10.8,8,Sad,100.0,Low
28,Male,8.7,5.3,59,3.9,5.1,6,Sad,93.9,Low
33,Male,5.7,10.0,47,3.0,7.9,10,Happy,37.2,High
25,Female,6.6,4.6,50,2.8,7.0,10,Stressed,54.8,Medium
21,Female,7.3,8.1,99,3.1,3.3,8,Sad,66.69999999999999,Medium
57,Female,4.4,11.9,83,2.2,11.9,8,Happy,39.599999999999994,High
21,Female,6.5,8.1,94,4.6,6.3,7,Neutral,75.19999999999999,Low
42,Male,5.8,2.2,51,4.2,7.1,7,Happy,71.0,Medium
20,Female,8.4,10.3,96,4.2,8.5,3,Stressed,100.0,Low
49,Female,8.4,11.6,76,2.7,3.9,7,Stressed,69.3,Medium
20,Male,7.5,8.8,51,1.3,4.2,3,Neutral,70.5,Medium
44,Male,7.3,5.6,83,3.7,3.9,9,Happy,68.69999999999999,Medium
46,Female,7.7,11.4,53,2.5,5.8,5,Happy,68.89999999999999,Medium
49,Male,5.8,11.7,40,4.5,4.0,8,Sad,41.099999999999994,High
36,Female,6.0,11.3,41,4.1,11.3,3,Happy,76.69999999999999,Low
38,Female,6.8,5.5,101,1.6,9.1,3,Stressed,91.4,Low
22,Male,8.7,9.7,21,3.4,11.0,3,Stressed,98.80000000000001,Low
35,Male,7.6,8.2,38,3.8,10.5,8,Neutral,75.19999999999999,Low
45,Female,6.8,3.0,22,3.3,9.0,9,Stressed,64.9,Medium
59,Male,7.9,6.9,47,3.1,4.4,7,Happy,70.9,Medium
39,Female,5.9,9.2,112,1.9,8.2,1,Stressed,84.9,Low
38,Female,7.7,10.9,119,1.9,3.9,6,Sad,72.3,Medium
23,Female,6.1,10.5,32,4.1,3.3,3,Sad,61.50000000000001,Medium
18,Male,5.4,2.7,40,1.1,8.3,1,Stressed,74.7,Medium
22,Female,7.0,6.4,29,4.1,8.2,10,Neutral,59.9,Medium
58,Female,7.4,6.3,77,3.1,3.6,2,Sad,91.50000000000001,Low
29,Female,6.3,10.9,46,4.7,5.5,3,Stressed,72.9,Medium
43,Male,6.8,1.0,99,5.0,2.7,7,Stressed,88.2,Low
51,Female,7.5,9.1,56,3.7,9.2,6,Happy,80.9,Low
31,Female,7.8,7.8,71,2.6,11.9,2,Neutral,100.0,Low
43,Female,8.5,11.1,56,2.9,9.4,5,Sad,87.3,Low
44,Male,5.8,6.0,110,1.8,10.4,1,Happy,93.8,Low
26,Female,8.8,8.2,61,1.4,6.8,3,Sad,92.4,Low
43,Female,7.2,11.7,85,3.3,3.0,1,Stressed,84.1,Low
39,Male,7.9,9.2,56,4.2,9.3,3,Sad,99.4,Low
47,Male,7.5,1.7,67,2.0,4.6,2,Neutral,96.2,Low
34,Female,5.0,2.8,114,2.7,5.9,4,Neutral,76.5,Low
43,Female,4.4,10.0,98,3.2,9.0,5,Neutral,57.599999999999994,Medium
53,Female,7.6,4.7,71,4.6,11.0,3,Happy,100.0,Low
18,Male,6.6,8.8,97,1.6,6.9,10,Sad,49.60000000000001,High
25,Male,7.5,8.7,85,1.9,11.6,5,Neutral,87.3,Low
52,Female,6.4,11.9,24,4.7,7.2,7,Happy,54.9,Medium
32,Male,5.6,6.2,88,1.2,3.2,10,Happy,33.59999999999999,High
39,Female,5.4,9.1,39,3.6,7.2,9,Happy,39.99999999999999,High
31,Female,7.7,1.5,103,3.6,10.6,8,Sad,100.0,Low
43,Male,5.4,6.1,16,2.5,7.4,6,Neutral,48.3,High
45,Female,7.6,3.1,79,2.9,9.5,9,Sad,83.1,Low
40,Male,5.9,10.2,111,4.4,7.5,8,Happy,65.80000000000001,Medium
31,Male,7.9,10.2,47,1.7,7.5,4,Sad,75.5,Low
41,Female,4.7,3.6,38,1.9,4.8,2,Neutral,58.49999999999999,Medium
19,Male,5.0,4.5,14,3.0,4.0,9,Stressed,30.799999999999997,High
43,Female,7.4,8.7,16,2.6,4.8,6,Happy,58.40000000000001,Medium
31,Male,6.8,9.1,120,3.3,6.4,10,Sad,63.099999999999994,Medium
24,Female,5.0,8.2,34,4.7,10.1,8,Neutral,52.099999999999994,Medium
20,Female,8.5,12.0,32,4.7,10.3,8,Neutral,79.5,Low
40,Female,5.4,10.6,103,1.9,3.6,4,Neutral,54.099999999999994,Medium
35,Male,6.1,5.6,102,2.2,7.5,10,Neutral,56.2,Medium
55,Female,5.0,4.6,17,1.6,6.2,5,Happy,44.6,High
52,Male,5.9,7.6,29,4.7,7.7,1,Happy,84.5,Low
32,Male,6.5,10.0,86,2.6,8.5,9,Stressed,56.2,Medium
42,Male,5.5,6.2,36,2.8,4.8,7,Sad,45.400000000000006,High
54,Male,7.8,9.1,110,4.2,11.2,1,Neutral,100.0,Low
45,Male,6.0,1.2,6,3.1,11.4,10,Neutral,57.099999999999994,Medium
27,Female,7.6,11.2,73,1.5,3.1,10,Happy,41.89999999999999,High
56,Male,5.0,9.5,79,2.8,9.0,3,Stressed,66.8,Medium
34,Female,5.9,5.3,27,3.5,2.3,9,Sad,39.90000000000001,High
56,Female,4.0,5.2,86,3.9,2.5,1,Sad,67.3,Medium
39,Male,7.8,2.1,97,3.6,11.6,6,Happy,100.0,Low
43,Female,7.1,10.0,17,1.5,8.9,5,Happy,59.7,Medium
42,Female,8.1,9.5,46,2.2,5.2,4,Happy,76.60000000000001,Low
34,Male,6.3,7.9,22,3.9,8.7,1,Stressed,84.5,Low
30,Female,8.0,2.1,114,4.5,10.5,7,Happy,100.0,Low
37,Male,7.2,3.9,19,1.2,10.7,1,Stressed,91.4,Low
42,Male,4.0,6.0,30,1.2,2.2,1,Happy,40.4,High
21,Male,5.3,3.9,13,3.6,10.2,2,Happy,78.19999999999999,Low
27,Female,6.5,5.8,22,3.2,10.5,9,Stressed,58.80000000000001,Medium
20,Female,7.1,3.5,1,1.6,8.0,1,Sad,84.2,Low
58,Female,4.3,4.8,28,3.2,6.8,8,Happy,36.599999999999994,High
35,Female,7.5,8.2,49,4.9,3.1,1,Happy,95.10000000000001,Low
53,Male,6.7,10.8,72,3.5,4.4,1,Stressed,82.10000000000001,Low
39,Male,6.6,5.2,58,2.8,6.9,9,Sad,58.999999999999986,Medium
51,Female,5.5,8.6,32,4.3,10.7,8,Sad,55.1,Medium
25,Male,7.0,2.5,47,1.9,10.0,1,Stressed,99.9,Low
57,Female,4.1,6.9,43,2.7,7.0,7,Neutral,35.3,High
36,Male,4.3,11.1,11,3.1,9.9,8,Neutral,26.3,High
59,Male,7.7,1.3,82,3.0,9.7,2,Sad,100.0,Low
58,Male,5.6,3.9,41,4.7,7.8,4,Happy,79.5,Low
54,Male,5.7,2.5,83,2.2,4.2,2,Sad,80.0,Low
23,Male,5.0,6.9,100,1.2,5.5,6,Happy,49.2,High
43,Female,6.2,8.5,94,4.7,3.6,5,Happy,74.5,Medium
51,Female,4.3,1.6,34,1.9,2.1,5,Happy,40.3,High
23,Male,5.5,1.8,40,2.5,2.8,8,Sad,45.50000000000001,High
54,Female,6.6,10.6,84,3.1,9.6,1,Happy,92.3,Low
50,Male,6.3,6.0,54,4.9,2.3,10,Sad,50.9,Medium
39,Male,9.0,6.1,110,3.1,6.0,2,Happy,100.0,Low
38,Male,5.9,11.4,109,2.8,11.9,1,Happy,91.8,Low
23,Male,5.9,4.5,106,3.3,10.0,4,Sad,91.7,Low
23,Female,6.5,10.9,12,4.9,9.5,2,Sad,81.10000000000001,Low
21,Male,5.0,11.7,38,4.3,4.7,10,Stressed,25.099999999999994,High
47,Female,8.4,3.7,90,1.7,8.4,7,Happy,91.89999999999999,Low
28,Male,6.9,6.7,88,4.2,7.0,5,Stressed,88.19999999999999,Low
47,Male,5.0,6.9,65,4.4,8.2,5,Happy,67.6,Medium
48,Female,8.0,10.5,34,3.8,6.4,1,Stressed,93.6,Low
41,Male,4.2,4.3,115,3.6,7.3,2,Stressed,81.0,Low
26,Male,8.9,9.8,71,2.8,11.9,5,Neutral,100.0,Low
20,Female,8.3,11.7,32,3.6,5.3,7,Sad,66.6,Medium
48,Female,6.9,10.2,88,4.0,4.2,1,Neutral,90.6,Low
57,Female,4.6,11.0,84,1.5,6.5,7,Stressed,33.3,High
54,Male,5.1,8.8,35,2.0,7.2,2,Neutral,56.8,Medium
53,Male,5.4,10.9,12,1.8,2.9,2,Neutral,41.400000000000006,High
41,Female,5.2,2.8,55,4.4,10.1,9,Sad,63.60000000000001,Medium
48,Female,6.5,8.8,45,3.7,6.2,8,Stressed,55.300000000000004,Medium
23,Male,8.7,9.1,72,2.8,6.1,10,Happy,69.4,Medium
19,Male,6.2,5.8,98,4.3,8.6,4,Happy,92.7,Low
37,Female,7.3,1.9,45,3.9,9.7,5,Stressed,97.1,Low
45,Female,7.4,7.8,99,4.7,11.9,9,Sad,89.5,Low
28,Female,8.4,1.6,112,1.3,3.7,4,Neutral,100.0,Low
21,Female,4.2,5.2,110,3.0,5.5,10,Sad,39.599999999999994,High
32,Male,6.0,5.3,43,3.8,3.7,8,Happy,52.4,Medium
23,Male,7.9,12.0,45,1.8,10.8,5,Sad,74.6,Medium
47,Male,8.1,4.3,114,2.3,7.5,1,Neutral,100.0,Low
55,Male,8.6,10.0,73,2.7,10.5,7,Sad,87.1,Low
19,Female,7.5,1.6,68,4.2,11.9,10,Happy,90.19999999999999,Low
32,Male,5.2,6.8,30,3.0,7.5,3,Happy,62.4,Medium
28,Female,6.5,6.9,23,3.0,3.2,7,Stressed,49.199999999999996,High
25,Male,4.2,7.9,31,2.7,5.6,8,Stressed,25.100000000000005,High
43,Male,7.2,9.9,112,1.9,2.4,4,Stressed,72.9,Medium
22,Male,6.8,9.4,112,4.7,10.5,6,Happy,92.10000000000001,Low
23,Female,7.3,9.4,66,2.3,2.2,10,Neutral,43.300000000000004,High
43,Male,8.7,5.8,15,3.3,7.9,7,Happy,82.7,Low
21,Female,7.4,9.0,56,1.6,3.1,8,Happy,49.400000000000006,High
36,Female,5.6,6.4,104,2.7,2.1,3,Sad,69.7,Medium
37,Male,5.0,1.7,112,4.6,4.6,7,Stressed,73.2,Medium
50,Female,8.3,10.8,83,5.0,7.5,5,Sad,98.0,Low
37,Male,5.0,10.8,107,2.4,2.8,7,Neutral,39.400000000000006,High
29,Female,4.8,4.6,23,1.6,8.1,6,Neutral,43.60000000000001,High
18,Male,5.0,11.1,33,2.3,8.7,5,Sad,43.29999999999999,High
43,Female,6.5,9.3,51,2.3,11.7,3,Happy,79.5,Low
31,Female,4.6,5.4,47,3.6,11.0,10,Sad,44.60000000000001,High
55,Male,8.7,4.6,86,3.0,7.7,2,Sad,100.0,Low
54,Male,8.8,11.7,118,4.1,9.9,3,Happy,100.0,Low
28,Male,8.9,8.8,52,3.8,5.6,2,Stressed,100.0,Low
53,Male,4.2,5.2,54,2.0,7.9,3,Stressed,56.2,Medium
30,Female,8.7,8.1,37,4.1,6.0,2,Stressed,100.0,Low
20,Female,9.0,7.3,1,4.4,5.4,1,Sad,100.0,Low
50,Female,8.7,6.8,104,3.4,9.3,9,Sad,93.80000000000001,Low
23,Female,7.4,8.1,68,4.7,5.0,10,Happy,64.89999999999999,Medium
27,Male,7.5,6.9,81,4.1,5.8,5,Stressed,89.5,Low
22,Female,4.6,8.2,117,3.4,5.7,9,Happy,45.4,High
40,Male,8.4,11.0,52,4.6,10.7,8,Neutral,84.80000000000001,Low
27,Female,4.3,11.9,49,3.4,3.7,7,Neutral,25.4,High
19,Male,5.6,8.8,28,3.1,5.8,6,Sad,47.099999999999994,High
30,Male,9.0,11.2,73,2.4,10.9,4,Neutral,99.99999999999999,Low
57,Male,6.1,10.4,105,4.5,2.2,10,Happy,48.1,High
19,Male,4.7,4.2,54,1.5,11.5,10,Happy,39.9,High
37,Male,8.8,11.3,105,2.9,11.0,7,Neutral,94.9,Low
18,Female,8.9,1.8,60,3.1,6.2,7,Happy,97.30000000000001,Low
54,Male,4.9,4.6,49,3.2,8.5,1,Happy,78.6,Low
26,Female,8.3,8.0,15,3.6,11.9,9,Sad,75.8,Low
34,Female,6.0,6.8,86,3.0,7.5,4,Happy,77.60000000000001,Low
26,Male,5.9,7.0,93,2.0,3.0,7,Sad,51.599999999999994,Medium
28,Female,5.3,9.7,69,4.4,10.5,9,Happy,54.400000000000006,Medium
32,Female,4.2,3.1,43,3.6,3.3,2,Sad,60.99999999999999,Medium
41,Female,5.3,11.8,99,4.4,4.6,8,Neutral,48.39999999999999,High
55,Male,4.3,5.8,83,2.1,10.7,4,Sad,63.89999999999999,Medium
52,Male,8.6,11.4,15,3.5,4.6,4,Happy,76.9,Low
47,Male,7.3,5.2,27,3.9,9.5,3,Stressed,94.5,Low
48,Male,8.4,7.6,117,2.5,6.5,10,Stressed,77.7,Low
22,Female,7.6,6.0,56,4.2,9.6,4,Sad,99.4,Low
31,Female,4.7,8.4,25,1.0,4.3,9,Sad,12.800000000000002,High
28,Female,8.7,3.0,85,3.4,6.2,1,Sad,100.0,Low
26,Female,8.5,5.4,117,3.5,5.2,9,Neutral,89.50000000000001,Low
51,Female,5.7,1.8,10,3.1,4.5,10,Happy,39.900000000000006,High
29,Female,4.6,7.6,0,3.5,5.1,9,Sad,22.499999999999996,High
52,Male,7.5,11.6,68,1.7,5.2,1,Stressed,80.3,Low
52,Female,7.6,1.5,112,3.7,11.6,9,Neutral,100.0,Low
18,Female,8.5,8.3,42,2.3,7.3,6,Stressed,78.9,Low
57,Female,4.3,9.5,45,2.8,6.6,8,Sad,28.2,High
39,Male,4.7,3.3,104,2.3,7.0,8,Sad,54.7,Medium
46,Female,7.0,4.0,105,2.9,12.0,8,Happy,89.5,Low
25,Female,7.1,3.2,35,3.5,8.5,8,Neutral,74.1,Medium
28,Male,4.2,4.3,65,4.4,9.0,1,Sad,82.4,Low
58,Female,6.0,2.2,56,2.9,5.1,1,Happy,87.5,Low
54,Male,6.9,5.1,5,2.3,6.7,7,Sad,56.699999999999996,Medium
31,Male,7.7,5.1,61,3.0,3.8,9,Stressed,65.6,Medium
47,Female,5.6,9.9,26,3.8,8.9,10,Happy,38.2,High
52,Female,6.4,9.8,25,2.4,5.4,8,Neutral,40.2,High
38,Male,8.1,9.8,98,2.7,9.5,5,Stressed,93.5,Low
54,Female,8.8,7.2,12,3.3,4.1,8,Stressed,68.7,Medium
22,Female,5.2,4.6,75,2.2,6.0,9,Neutral,44.8,High
36,Male,5.3,5.5,17,1.8,6.7,7,Neutral,39.800000000000004,High
31,Male,8.7,4.5,37,1.6,3.7,10,Stressed,60.800000000000004,Medium
43,Female,6.0,7.4,105,2.4,2.7,3,Sad,71.60000000000001,Medium
21,Male,7.6,11.3,5,1.2,5.2,9,Neutral,34.8,High
42,Female,7.1,4.1,91,3.3,7.4,5,Neutral,92.3,Low
59,Female,5.4,6.0,27,1.7,8.5,8,Happy,40.900000000000006,High
42,Female,7.3,8.2,88,2.5,6.3,1,Neutral,95.29999999999998,Low
35,Female,7.3,10.3,4,2.1,7.0,1,Happy,73.69999999999999,Medium
57,Male,7.0,3.8,58,3.5,7.4,3,Neutral,94.3,Low
25,Female,4.5,4.1,78,4.4,7.1,2,Sad,80.6,Low
56,Male,9.0,10.7,110,3.5,2.9,5,Sad,93.89999999999999,Low
57,Female,6.0,1.9,107,3.2,6.1,9,Neutral,69.80000000000001,Medium
31,Female,7.2,7.7,72,3.7,4.0,9,Happy,61.5,Medium
49,Male,8.4,10.5,44,1.1,7.3,8,Sad,59.9,Medium
55,Female,6.1,11.1,111,1.5,9.6,5,Sad,67.7,Medium
50,Male,7.9,1.1,52,1.4,7.8,3,Stressed,97.8,Low
40,Male,8.9,5.1,1,1.4,4.2,6,Stressed,70.4,Medium
32,Female,5.8,3.8,48,2.0,4.1,8,Sad,46.2,High
50,Female,6.0,7.2,72,3.1,2.4,6,Stressed,56.3,Medium
42,Female,8.5,8.0,89,1.5,6.3,7,Happy,78.89999999999999,Low
34,Female,4.8,12.0,86,4.7,6.3,7,Neutral,49.300000000000004,High
50,Male,4.1,6.6,114,4.4,4.4,7,Sad,53.39999999999999,Medium
19,Female,8.5,7.1,62,4.9,9.6,9,Sad,90.9,Low
31,Female,8.1,5.6,91,1.2,5.9,9,Stressed,69.8,Medium
57,Female,8.9,2.6,69,4.4,8.7,1,Sad,100.0,Low
57,Female,4.3,4.3,57,4.2,8.4,3,Sad,71.60000000000001,Medium
56,Female,4.8,3.7,3,4.6,8.0,5,Sad,60.19999999999999,Medium
23,Male,4.5,9.8,29,3.1,11.1,4,Sad,52.89999999999999,Medium
23,Female,7.4,7.0,56,4.2,2.2,1,Neutral,92.60000000000001,Low
20,Male,7.0,4.3,46,1.2,2.7,1,Stressed,78.00000000000001,Low
24,Female,5.8,6.4,17,1.3,9.2,4,Stressed,57.50000000000001,Medium
25,Female,4.3,3.4,93,1.5,5.5,5,Sad,53.3,Medium
59,Female,7.2,3.0,90,4.7,11.9,4,Sad,100.0,Low
32,Male,6.9,10.5,107,1.2,4.2,2,Sad,75.80000000000001,Low
46,Female,4.6,11.4,94,1.4,3.8,5,Neutral,36.6,High
50,Male,8.5,1.9,43,4.7,7.9,10,Happy,89.1,Low
47,Male,5.0,9.4,51,1.4,4.8,3,Happy,46.00000000000001,High
56,Female,7.7,6.0,48,4.5,5.4,7,Sad,79.89999999999999,Low
44,Male,8.4,5.3,102,4.2,11.2,4,Neutral,100.0,Low
53,Female,6.9,8.6,29,1.2,2.3,2,Neutral,60.199999999999996,Medium
46,Female,5.2,3.9,51,1.1,7.3,8,Stressed,42.50000000000001,High
55,Male,5.5,1.2,36,3.1,5.3,10,Happy,45.9,High
50,Female,8.4,3.4,62,5.0,5.5,2,Happy,100.0,Low
54,Female,5.5,3.0,11,4.5,4.5,7,Neutral,54.7,Medium
44,Male,7.7,1.4,16,2.2,3.3,8,Sad,63.00000000000001,Medium
50,Male,9.0,4.5,33,2.5,2.3,10,Stressed,64.69999999999999,Medium
21,Male,9.0,6.2,27,2.6,11.9,3,Neutral,100.0,Low
39,Male,6.7,9.1,3,3.9,8.6,6,Stressed,62.099999999999994,Medium
19,Male,8.1,4.6,97,2.4,9.8,4,Happy,100.0,Low
27,Male,9.0,3.1,45,1.6,2.7,2,Neutral,98.2,Low
22,Female,5.9,3.5,13,4.0,2.1,8,Stressed,46.8,High
27,Male,5.3,10.8,12,2.8,8.0,2,Sad,55.800000000000004,Medium
50,Male,4.6,3.3,112,1.3,9.2,9,Stressed,50.70000000000001,Medium
55,Female,4.7,10.7,57,4.2,5.9,9,Stressed,33.80000000000001,High
30,Female,8.3,5.9,48,3.3,5.9,8,Sad,77.1,Low
48,Male,6.9,11.3,117,3.0,5.8,10,Happy,56.40000000000001,Medium
53,Male,8.4,5.5,49,3.7,3.5,3,Neutral,96.3,Low
41,Female,7.9,3.0,66,3.0,9.5,8,Neutral,88.2,Low
32,Male,7.4,7.0,20,3.6,4.2,5,Sad,70.4,Medium
46,Male,7.0,7.5,79,4.5,5.2,10,Neutral,63.699999999999996,Medium
25,Female,4.2,8.0,50,3.5,8.7,5,Sad,50.9,Medium
22,Male,8.4,5.5,37,3.6,2.0,2,Sad,94.4,Low
46,Female,6.1,1.5,118,3.5,9.7,3,Neutral,100.0,Low
21,Male,6.8,7.9,25,3.1,11.0,8,Stressed,62.7,Medium
29,Female,4.1,11.3,5,1.7,2.5,1,Happy,28.9,High
19,Female,8.7,11.5,17,2.3,7.9,4,Neutral,78.7,Low
44,Female,8.5,7.6,104,3.8,6.1,6,Neutral,97.8,Low
48,Male,6.7,1.2,113,2.7,2.8,9,Happy,70.29999999999998,Medium
53,Female,6.9,2.2,5,2.6,8.8,8,Neutral,64.19999999999999,Medium
53,Male,7.5,10.2,40,4.0,8.1,10,Sad,58.8,Medium
43,Female,5.3,10.1,56,1.0,8.4,5,Stressed,45.8,High
44,Female,5.1,11.4,49,3.7,10.1,7,Neutral,48.7,High
22,Female,7.4,7.2,24,3.0,4.9,8,Sad,57.19999999999999,Medium
37,Male,4.5,10.5,47,2.5,8.8,9,Happy,27.500000000000007,High
28,Male,6.3,10.1,23,2.4,9.4,3,Neutral,66.19999999999999,Medium
27,Female,6.5,7.5,29,1.7,3.7,8,Neutral,39.699999999999996,High
57,Male,5.9,9.6,86,2.3,11.6,3,Happy,79.7,Low
55,Male,4.9,2.4,44,2.6,5.4,1,Happy,72.8,Medium
23,Male,5.8,8.0,42,2.7,9.1,4,Stressed,66.10000000000001,Medium
25,Female,5.7,11.5,71,3.7,9.5,7,Sad,57.7,Medium
40,Male,6.5,2.8,55,2.8,7.0,9,Happy,62.400000000000006,Medium
43,Female,7.4,9.2,112,4.2,3.3,10,Sad,65.6,Medium
29,Female,8.8,4.5,72,3.6,4.8,7,Happy,93.0,Low
43,Female,4.7,10.0,69,1.8,4.3,10,Sad,18.4,High
30,Male,8.4,8.7,32,2.1,7.2,5,Happy,77.9,Low
57,Female,5.4,11.2,96,1.3,4.6,1,Sad,62.5,Medium
35,Male,7.0,8.8,44,4.8,7.5,1,Sad,96.19999999999999,Low
42,Male,6.7,5.5,6,4.5,4.9,9,Neutral,53.5,Medium
50,Female,6.8,1.1,105,1.3,2.0,4,Sad,81.3,Low
57,Female,7.6,9.7,17,3.3,5.6,3,Neutral,75.7,Low
29,Female,5.9,5.5,69,4.8,8.1,5,Neutral,82.0,Low
53,Male,5.6,8.4,44,4.0,9.7,7,Happy,59.4,Medium
21,Male,8.3,2.2,36,3.0,2.3,7,Neutral,77.39999999999999,Low
22,Female,5.1,10.8,20,2.0,4.6,5,Sad,32.599999999999994,High
54,Female,4.9,5.8,89,2.1,11.9,8,Stressed,57.5,Medium
25,Male,4.1,11.1,78,3.9,4.6,5,Stressed,43.099999999999994,High
59,Male,5.1,8.8,43,4.1,9.8,10,Happy,42.099999999999994,High
45,Female,6.6,2.3,117,3.1,7.1,4,Sad,98.50000000000001,Low
48,Male,6.7,7.4,29,1.5,3.2,6,Neutral,47.9,High
26,Male,5.3,11.0,10,4.7,8.4,3,Neutral,61.3,Medium
46,Male,4.4,9.8,7,4.4,11.7,4,Stressed,55.2,Medium
31,Male,7.7,5.6,4,1.6,10.9,8,Neutral,64.39999999999999,Medium
57,Male,7.8,11.5,7,1.2,8.9,10,Neutral,40.2,High
58,Male,9.0,4.0,4,3.1,7.1,10,Sad,72.5,Medium
39,Female,8.5,5.1,9,2.1,5.2,3,Stressed,85.5,Low
28,Male,8.6,9.2,14,2.1,5.6,10,Sad,52.10000000000001,Medium
40,Female,8.0,3.6,101,1.3,5.5,3,Happy,98.5,Low
18,Female,7.1,6.7,55,4.8,11.2,6,Happy,91.0,Low
54,Male,4.6,9.0,113,4.3,4.1,8,Sad,48.3,High
38,Female,7.1,8.1,54,1.5,5.8,10,Sad,44.699999999999996,High
43,Female,4.3,2.7,2,4.5,6.3,2,Stressed,65.10000000000001,Medium
53,Female,8.4,7.9,40,3.7,6.1,1,Stressed,100.0,Low
40,Male,6.4,7.3,9,2.3,2.0,10,Neutral,26.699999999999996,High
18,Female,7.5,7.1,6,4.5,4.7,1,Neutral,89.9,Low
57,Male,4.3,10.1,62,3.4,7.0,7,Happy,38.2,High
32,Female,6.7,3.0,114,4.4,9.6,2,Happy,100.0,Low
38,Female,5.5,9.3,62,2.9,7.7,9,Happy,42.7,High
26,Female,5.4,9.4,87,3.0,5.8,10,Stressed,39.20000000000001,High
26,Female,5.9,8.9,25,2.2,8.7,4,Stressed,58.6,Medium
27,Male,4.0,6.6,33,2.6,8.7,7,Sad,35.800000000000004,High
43,Female,6.3,5.4,71,3.3,4.5,5,Happy,71.9,Medium
58,Female,6.4,5.3,38,4.8,3.0,5,Stressed,71.0,Medium
52,Male,8.3,9.1,59,3.4,10.0,7,Sad,85.6,Low
42,Male,6.2,6.5,68,1.6,7.3,9,Sad,49.199999999999996,High
43,Male,5.8,4.7,99,1.0,3.8,4,Stressed,64.99999999999999,Medium
28,Female,9.0,7.9,106,4.4,4.6,9,Happy,90.6,Low
55,Male,6.9,10.2,25,2.5,9.7,9,Sad,49.49999999999999,High
19,Male,6.4,1.7,61,2.3,8.5,8,Sad,69.3,Medium
24,Male,6.5,11.7,9,4.2,11.5,1,Happy,83.4,Low
35,Male,8.0,2.1,96,4.8,6.6,10,Happy,92.2,Low
44,Male,5.7,6.6,99,4.0,2.5,9,Happy,52.599999999999994,Medium
51,Male,5.9,7.2,53,1.7,9.0,3,Happy,69.69999999999999,Medium
44,Female,7.8,2.5,30,2.6,4.5,8,Neutral,69.0,Medium
34,Male,4.4,11.1,37,4.0,5.2,5,Stressed,39.6,High
41,Female,8.3,6.2,113,4.6,4.0,6,Stressed,100.0,Low
42,Male,6.2,2.6,24,5.0,5.1,3,Neutral,84.8,Low
24,Male,6.9,8.8,108,3.0,10.3,7,Neutral,80.6,Low
23,Male,7.8,8.3,76,4.3,7.8,2,Stressed,100.0,Low
41,Female,5.3,11.6,64,1.2,3.1,3,Happy,42.8,High
50,Male,8.5,5.9,99,2.1,7.9,2,Neutral,100.0,Low
46,Male,8.9,3.9,99,2.5,8.3,9,Happy,94.1,Low
39,Male,6.5,1.7,49,4.9,10.8,3,Neutral,100.0,Low
43,Male,8.7,9.1,23,1.0,10.6,8,Sad,67.6,Medium
45,Female,4.0,7.8,26,2.2,2.6,6,Happy,21.8,High
38,Female,8.5,11.7,81,4.7,10.7,1,Neutral,100.0,Low
24,Female,5.6,8.8,49,2.2,2.5,6,Neutral,40.199999999999996,High
34,Female,5.6,11.3,110,1.9,3.5,8,Happy,39.900000000000006,High
37,Female,5.1,11.9,49,3.9,3.1,10,Sad,22.7,High
58,Male,5.6,5.7,14,4.0,3.8,3,Stressed,62.99999999999999,Medium
37,Male,5.1,2.7,16,2.9,10.0,7,Neutral,55.300000000000004,Medium
39,Male,8.5,3.2,28,4.8,8.9,6,Happy,100.0,Low
45,Female,8.5,4.5,4,1.8,8.9,1,Neutral,99.6,Low
57,Male,4.5,6.6,10,4.7,11.2,2,Stressed,71.69999999999999,Medium
24,Female,4.7,2.3,79,4.0,5.9,5,Sad,70.0,Medium
18,Male,8.3,4.3,51,2.5,2.0,7,Happy,73.10000000000001,Medium
49,Female,6.0,4.4,33,4.2,8.4,4,Stressed,79.6,Low
30,Male,4.8,1.0,80,1.5,10.7,6,Neutral,66.9,Medium
47,Male,6.6,4.9,32,1.5,11.8,2,Stressed,85.70000000000002,Low
40,Male,6.1,2.3,113,4.7,5.6,5,Stressed,93.7,Low
36,Male,5.1,5.7,48,1.4,10.2,10,Stressed,36.599999999999994,High
49,Female,7.6,3.2,120,1.0,10.5,3,Neutral,100.0,Low
47,Male,7.2,10.0,30,2.6,3.4,1,Happy,73.8,Medium
46,Male,4.5,1.9,17,1.4,8.3,6,Stressed,44.2,High
46,Male,8.6,10.5,114,4.5,3.7,9,Sad,81.70000000000002,Low
47,Female,6.8,7.4,88,4.7,6.5,10,Neutral,67.3,Medium
33,Male,5.3,6.0,4,2.9,10.8,8,Sad,45.9,High
57,Male,5.0,7.0,29,2.7,9.9,4,Happy,59.099999999999994,Medium
36,Male,4.7,5.1,44,3.2,7.7,8,Neutral,44.99999999999999,High
35,Male,6.1,2.4,119,1.9,10.1,5,Stressed,89.7,Low
18,Male,4.7,9.4,86,2.2,3.5,3,Neutral,51.400000000000006,Medium
31,Female,6.1,11.2,37,1.4,3.9,4,Sad,44.800000000000004,High
19,Female,4.7,11.5,108,2.8,4.1,7,Stressed,39.8,High
45,Female,7.3,8.4,81,3.4,9.8,5,Sad,89.0,Low
47,Male,7.9,5.5,95,4.7,10.9,4,Sad,100.0,Low
55,Female,6.7,6.3,93,4.0,7.6,3,Happy,96.2,Low
21,Male,7.4,8.2,28,3.9,11.6,3,Sad,93.89999999999999,Low
18,Male,8.7,10.1,35,2.2,9.3,10,Neutral,63.4,Medium
25,Male,7.2,5.1,8,4.6,7.6,6,Happy,77.6,Low
46,Male,5.8,11.1,22,4.8,8.1,8,Happy,48.400000000000006,High
56,Female,6.2,4.6,2,4.7,10.5,4,Stressed,81.7,Low
20,Female,8.3,6.8,85,1.2,2.9,1,Happy,94.2,Low
49,Female,4.7,11.6,55,3.4,3.7,4,Neutral,43.199999999999996,High
27,Male,5.6,11.3,119,3.6,4.7,5,Sad,64.6,Medium
27,Female,6.9,8.7,39,2.2,10.9,8,Happy,60.2,Medium
36,Female,7.4,4.6,108,5.0,11.4,7,Happy,100.0,Low
51,Male,7.8,3.4,55,2.2,5.6,2,Neutral,96.4,Low
50,Female,5.6,1.9,57,1.9,11.2,9,Neutral,59.50000000000001,Medium
40,Male,4.7,8.8,30,2.9,7.5,3,Stressed,52.9,Medium
45,Female,8.8,6.5,85,2.3,6.7,9,Stressed,80.9,Low
49,Female,4.4,7.3,10,4.7,10.3,1,Stressed,71.5,Medium
24,Female,4.5,6.2,41,2.8,7.5,9,Sad,33.800000000000004,High
46,Male,6.5,6.3,106,2.6,6.5,7,Sad,71.60000000000001,Medium
25,Female,8.1,7.3,2,3.5,2.2,2,Stressed,80.70000000000002,Low
18,Female,7.9,11.1,56,1.3,2.1,10,Sad,38.7,High
20,Female,8.7,1.3,13,4.0,8.3,7,Neutral,95.6,Low
41,Female,4.7,9.8,45,4.1,2.7,1,Happy,58.3,Medium
40,Male,5.9,5.3,18,2.9,9.4,3,Happy,73.3,Medium
25,Male,5.4,9.2,59,4.8,8.2,7,Neutral,59.800000000000004,Medium
54,Female,8.3,11.4,30,3.3,6.6,3,Sad,83.9,Low
20,Female,6.4,4.4,35,3.8,9.1,2,Stressed,91.4,Low
50,Female,4.1,2.0,31,4.7,11.9,5,Happy,70.5,Medium
45,Male,7.5,3.6,62,3.7,4.5,3,Stressed,95.7,Low
25,Female,5.9,3.4,25,2.7,7.6,9,Happy,49.900000000000006,High
51,Female,6.7,9.2,64,1.1,10.4,7,Neutral,59.7,Medium
52,Male,8.5,1.7,1,3.9,2.2,1,Sad,100.0,Low
49,Male,5.3,1.6,69,4.9,4.0,1,Happy,92.1,Low
41,Male,5.2,8.6,44,2.9,7.2,6,Sad,48.49999999999999,High
31,Female,5.3,7.1,77,2.4,7.5,4,Neutral,65.2,Medium
49,Male,5.7,5.6,91,3.1,2.9,1,Neutral,81.3,Low
33,Male,4.5,7.3,96,3.9,6.1,9,Sad,45.30000000000001,High
21,Female,7.5,9.1,24,1.0,7.2,2,Happy,73.0,Medium
54,Male,5.0,2.1,39,4.5,6.2,1,Happy,84.5,Low
38,Female,8.6,7.1,17,4.5,9.0,3,Happy,100.0,Low
31,Female,5.1,10.1,109,3.2,9.7,10,Stressed,47.99999999999999,High
48,Male,5.3,5.0,97,1.5,6.6,1,Stressed,79.10000000000001,Low
35,Female,5.5,9.4,119,3.7,6.3,4,Sad,75.1,Low
24,Male,7.8,10.3,11,1.6,9.1,4,Sad,69.8,Medium
27,Male,6.1,10.0,90,3.0,7.6,6,Happy,65.2,Medium
24,Male,8.1,8.2,23,1.4,10.7,3,Neutral,85.6,Low
50,Female,7.9,8.9,96,3.4,6.8,9,Stressed,75.0,Low
40,Male,8.6,9.7,116,2.3,7.7,6,Neutral,92.70000000000002,Low
38,Female,7.8,9.1,78,4.3,3.3,7,Happy,75.49999999999999,Low
36,Female,4.3,6.0,42,4.2,10.4,6,Sad,57.2,Medium
36,Female,8.2,2.8,31,5.0,6.2,9,Happy,84.00000000000001,Low
53,Male,8.7,4.4,113,2.0,9.2,2,Neutral,100.0,Low
46,Female,9.0,3.3,80,1.2,6.3,8,Neutral,86.0,Low
35,Female,4.6,5.0,98,2.8,2.0,5,Stressed,53.599999999999994,Medium
19,Male,7.1,6.4,46,1.3,6.0,2,Stressed,77.9,Low
18,Male,5.0,11.5,44,1.7,3.5,7,Stressed,23.299999999999997,High
22,Female,5.3,11.6,34,3.4,6.0,5,Stressed,45.599999999999994,High
37,Female,7.7,9.5,76,3.4,5.2,8,Neutral,68.60000000000001,Medium
28,Male,8.9,11.8,8,1.2,4.0,10,Stressed,41.0,High
59,Female,7.0,12.0,9,2.8,3.2,6,Happy,44.199999999999996,High
19,Female,8.3,10.7,64,3.1,9.3,7,Happy,80.5,Low
20,Female,4.0,1.9,58,2.1,9.5,1,Neutral,73.30000000000001,Medium
40,Female,4.2,5.7,97,4.5,4.6,2,Neutral,73.7,Medium
29,Male,7.0,6.9,56,1.6,7.0,9,Neutral,53.400000000000006,Medium
37,Female,5.9,2.4,109,2.0,6.6,7,Neutral,71.2,Medium
22,Male,8.4,9.9,100,1.6,5.6,7,Sad,75.4,Low
54,Female,5.5,2.6,88,1.5,4.8,4,Happy,68.49999999999999,Medium
55,Male,6.2,5.2,85,4.5,3.9,4,Sad,82.89999999999999,Low
47,Female,6.6,1.8,9,2.1,10.7,3,Neutral,84.1,Low
26,Male,5.4,6.8,89,3.9,10.3,10,Neutral,58.300000000000004,Medium
51,Female,8.5,7.6,18,2.7,6.2,4,Stressed,83.3,Low
52,Male,6.3,9.1,103,3.5,9.2,10,Sad,61.29999999999999,Medium
39,Female,6.1,4.7,108,4.7,7.0,6,Sad,86.69999999999999,Low
41,Female,8.2,7.5,104,4.4,2.9,3,Sad,100.0,Low
34,Male,5.6,9.1,49,1.3,10.2,10,Stressed,34.49999999999999,High
27,Male,8.1,9.4,120,4.4,4.2,8,Neutral,84.60000000000001,Low
47,Male,4.6,4.3,67,2.8,9.1,1,Happy,79.00000000000001,Low
40,Male,4.9,1.7,103,2.4,7.3,6,Happy,68.79999999999998,Medium
49,Male,8.8,1.4,4,3.7,8.9,2,Sad,100.0,Low
34,Female,8.2,9.4,28,4.8,6.7,1,Stressed,100.0,Low
34,Male,5.9,5.2,101,1.4,9.0,4,Stressed,77.8,Low
31,Male,7.2,2.5,115,4.1,2.3,6,Sad,91.1,Low
26,Female,8.7,3.0,4,1.8,2.4,7,Sad,67.6,Medium
57,Male,5.1,9.4,59,2.5,11.0,1,Neutral,74.5,Medium
19,Male,4.3,7.6,64,4.5,9.5,3,Sad,70.1,Medium
42,Male,6.7,6.5,27,3.2,10.3,6,Neutral,72.0,Medium
56,Female,4.7,7.9,82,1.3,6.6,6,Stressed,43.30000000000001,High
26,Male,4.9,2.5,99,3.0,6.6,10,Happy,52.0,Medium
39,Female,8.5,4.5,0,4.2,7.3,6,Neutral,87.6,Low
21,Female,4.0,5.1,28,3.1,4.4,7,Sad,31.700000000000006,High
43,Male,8.1,4.5,50,1.7,9.3,7,Neutral,81.1,Low
46,Female,6.6,10.5,35,2.8,10.3,10,Stressed,46.6,High
51,Male,6.8,7.4,31,4.7,11.1,8,Stressed,73.10000000000001,Medium
40,Male,7.4,9.0,63,3.6,7.2,2,Neutral,93.0,Low
54,Male,6.2,3.6,13,3.9,6.1,10,Neutral,49.099999999999994,High
28,Male,4.6,3.9,31,4.1,10.3,1,Neutral,81.5,Low
23,Male,4.5,3.5,109,1.4,9.5,10,Neutral,45.8,High
35,Female,7.8,8.6,8,3.3,10.7,7,Stressed,72.29999999999998,Medium
38,Female,5.1,4.8,82,2.5,8.6,1,Stressed,83.50000000000001,Low
59,Female,4.1,5.5,10,1.6,10.8,2,Neutral,53.6,Medium
53,Female,8.9,8.8,47,1.8,2.9,1,Happy,91.60000000000001,Low
58,Male,8.9,11.7,50,4.1,8.8,1,Stressed,100.0,Low
55,Male,5.9,2.8,3,1.6,2.9,3,Stressed,55.79999999999999,Medium
51,Female,4.1,1.7,40,2.2,9.5,4,Happy,59.6,Medium
34,Male,7.6,3.1,24,2.1,8.3,5,Happy,81.69999999999999,Low
54,Female,8.2,9.1,16,1.2,2.2,5,Sad,57.4,Medium
42,Female,4.6,3.1,46,2.8,8.0,2,Happy,71.0,Medium
55,Female,4.7,7.4,7,4.1,3.5,3,Sad,49.10000000000001,High
29,Female,8.1,7.5,57,1.1,3.4,8,Happy,57.7,Medium
40,Male,8.6,4.2,108,1.5,3.5,2,Neutral,100.0,Low
59,Male,8.0,1.8,0,3.9,6.8,4,Neutral,93.5,Low
39,Female,5.0,5.4,1,3.4,3.2,7,Happy,34.800000000000004,High
38,Female,6.1,3.1,9,3.9,3.3,9,Happy,46.699999999999996,High
44,Female,7.0,3.0,90,1.9,4.6,3,Sad,88.7,Low
48,Female,4.8,6.7,116,4.2,2.0,3,Sad,70.8,Medium
23,Female,5.1,8.4,26,2.9,4.8,7,Sad,35.50000000000001,High
44,Male,5.4,1.8,12,3.4,8.2,8,Stressed,54.20000000000001,Medium
57,Female,6.5,7.4,62,1.4,8.0,4,Neutral,69.60000000000001,Medium
51,Female,6.6,3.7,10,1.8,11.7,1,Happy,89.0,Low
29,Male,8.1,8.4,13,4.1,3.2,5,Sad,73.7,Medium
24,Male,7.8,9.9,95,1.9,10.7,4,Happy,92.1,Low
27,Male,8.6,9.9,79,1.4,5.9,8,Happy,68.8,Medium
34,Male,8.2,5.1,92,3.4,5.9,7,Stressed,91.0,Low
43,Male,5.3,7.2,101,3.2,5.5,2,Happy,77.8,Low
38,Male,5.7,9.7,97,3.4,3.2,6,Stressed,56.4,Medium
45,Male,6.5,1.7,25,3.5,6.8,4,Stressed,81.69999999999999,Low
19,Male,4.1,7.7,68,3.0,9.9,7,Stressed,46.0,High
18,Male,8.5,10.2,82,3.0,10.8,9,Neutral,81.6,Low
53,Female,4.2,5.1,38,4.7,11.6,7,Stressed,58.099999999999994,Medium
43,Male,5.6,6.0,91,3.1,9.9,2,Neutral,89.5,Low
46,Female,6.8,8.7,27,3.5,8.2,8,Stressed,57.9,Medium
38,Female,6.6,1.7,16,2.1,7.0,6,Stressed,66.3,Medium
28,Female,7.3,5.2,36,4.5,10.7,9,Stressed,77.69999999999999,Low
57,Female,6.6,4.3,107,1.1,9.4,7,Stressed,75.10000000000001,Low
28,Female,5.1,1.2,82,3.2,3.6,5,Sad,68.2,Medium
53,Female,5.0,3.2,26,2.5,8.8,8,Happy,46.900000000000006,High
56,Female,8.5,5.4,113,3.4,6.3,7,Stressed,98.39999999999999,Low
57,Female,5.3,3.2,75,2.4,8.0,1,Sad,85.6,Low
52,Male,5.4,7.6,66,3.9,11.0,5,Happy,73.5,Medium
51,Female,6.1,5.9,67,1.1,8.5,7,Happy,57.10000000000001,Medium
41,Female,4.7,1.4,46,2.6,11.4,10,Happy,49.2,High
39,Female,6.5,4.0,110,4.3,10.7,7,Neutral,93.9,Low
22,Female,7.3,1.2,74,2.0,3.3,3,Stressed,89.99999999999999,Low
50,Male,7.9,4.9,33,1.2,2.1,5,Neutral,66.0,Medium
53,Female,7.6,3.9,17,3.0,5.8,8,Happy,66.2,Medium
37,Male,4.7,8.6,34,4.9,10.7,9,Sad,46.49999999999999,High
36,Male,6.3,4.4,17,1.3,4.3,9,Sad,36.70000000000001,High
52,Female,4.2,5.1,109,1.3,8.9,10,Neutral,37.89999999999999,High
34,Female,4.1,9.0,69,3.4,6.8,5,Stressed,47.4,High
51,Male,6.2,6.3,33,2.0,9.5,2,Happy,77.0,Low
26,Female,5.3,7.1,32,2.6,3.6,8,Stressed,33.400000000000006,High
43,Female,7.4,10.3,71,4.3,4.4,7,Neutral,69.89999999999999,Medium
19,Male,7.6,3.3,105,1.8,4.4,4,Sad,92.2,Low
26,Male,8.5,11.9,83,3.9,7.5,5,Sad,92.3,Low
26,Female,7.8,10.9,113,3.0,4.9,10,Neutral,63.599999999999994,Medium
57,Female,4.2,4.2,83,4.6,10.1,10,Happy,53.39999999999999,Medium
34,Female,5.9,10.8,42,4.9,5.5,2,Neutral,73.30000000000001,Medium
18,Male,5.4,9.3,81,2.9,8.6,9,Neutral,47.3,High
42,Female,5.9,11.2,26,3.3,11.5,6,Neutral,57.300000000000004,Medium
57,Male,4.8,8.6,47,4.0,8.1,9,Happy,40.400000000000006,High
59,Male,4.5,8.4,68,2.3,4.4,8,Happy,30.099999999999998,High
42,Female,6.6,1.0,70,1.9,10.3,1,Sad,100.0,Low
56,Male,7.6,6.2,21,4.9,2.1,9,Stressed,60.5,Medium
52,Female,7.5,3.2,33,2.7,4.6,9,Happy,61.89999999999999,Medium
20,Female,6.3,4.6,42,1.0,5.9,4,Happy,63.0,Medium
54,Male,6.6,11.8,76,4.4,4.0,1,Happy,83.6,Low
47,Female,6.6,1.9,115,3.4,8.0,4,Neutral,100.0,Low
55,Male,7.5,8.9,95,1.7,7.6,6,Stressed,75.9,Low
51,Male,4.2,2.9,87,1.1,6.1,4,Sad,55.30000000000001,Medium
29,Female,7.5,1.1,15,2.2,4.9,9,Sad,60.599999999999994,Medium
36,Female,6.9,6.5,13,4.7,6.3,4,Neutral,78.69999999999999,Low
54,Female,5.0,2.8,38,4.7,4.9,10,Sad,45.3,High
34,Female,4.2,11.6,70,2.2,4.2,8,Neutral,20.199999999999996,High
27,Male,4.5,3.2,107,4.3,5.5,2,Neutral,84.5,Low
29,Male,6.6,3.1,11,2.8,8.0,7,Happy,64.0,Medium
33,Male,7.8,1.4,83,3.6,8.5,8,Happy,94.8,Low
41,Female,5.7,4.6,96,2.3,5.0,6,Happy,64.5,Medium
36,Male,5.9,1.3,54,3.1,11.5,10,Stressed,65.7,Medium
25,Male,8.7,6.5,5,2.2,4.6,6,Stressed,71.2,Medium
48,Female,5.1,6.6,39,1.2,9.1,8,Sad,37.8,High
38,Female,4.5,1.6,90,1.6,2.8,3,Stressed,61.4,Medium
34,Female,5.7,3.6,12,2.2,8.6,2,Happy,72.4,Medium
40,Male,7.7,10.2,68,4.9,6.6,9,Stressed,71.89999999999999,Medium
54,Female,7.1,6.1,23,4.9,7.7,8,Sad,71.3,Medium
33,Male,6.1,5.8,73,4.3,3.8,10,Happy,53.1,Medium
23,Male,8.8,8.7,58,1.9,6.3,5,Stressed,84.29999999999998,Low
25,Male,7.7,8.9,45,2.8,9.7,5,Happy,81.6,Low
42,Male,4.3,9.4,119,2.8,9.7,6,Sad,57.4,Medium
35,Male,7.7,10.1,95,2.5,4.4,6,Sad,73.1,Medium
42,Female,4.1,3.6,72,1.2,5.5,2,Happy,57.199999999999996,Medium
29,Male,7.3,1.7,112,3.1,2.0,7,Neutral,83.5,Low
32,Female,5.1,5.2,98,1.3,2.9,3,Sad,60.499999999999986,Medium
43,Male,7.5,10.4,43,4.2,3.3,8,Stressed,58.4,Medium
58,Male,5.5,1.9,75,3.8,4.9,9,Sad,59.0,Medium
43,Female,8.4,7.3,10,2.4,9.6,3,Happy,90.60000000000001,Low
49,Male,5.7,8.7,117,3.6,7.1,6,Happy,71.2,Medium
27,Male,7.1,6.3,60,1.9,9.9,8,Sad,67.7,Medium
33,Female,5.4,3.8,35,2.1,9.5,6,Happy,58.9,Medium
24,Female,8.6,4.6,71,2.3,7.9,10,Neutral,78.3,Low
34,Male,7.9,1.8,9,4.2,7.0,3,Sad,100.0,Low
40,Male,5.2,4.2,77,1.8,11.3,4,Neutral,74.6,Medium
43,Male,8.7,1.5,93,3.3,7.7,9,Sad,98.5,Low
38,Female,5.8,9.0,0,1.8,6.8,1,Neutral,58.6,Medium
39,Male,7.3,10.9,62,2.1,10.7,4,Stressed,79.5,Low
24,Female,7.7,8.0,11,1.9,2.7,10,Happy,38.1,High
31,Female,4.1,8.2,4,3.6,8.6,1,Happy,56.599999999999994,Medium
32,Male,8.8,6.2,77,3.1,3.1,8,Sad,80.7,Low
24,Female,5.7,2.7,35,3.9,10.2,7,Sad,70.5,Medium
26,Male,4.9,1.1,16,1.9,9.9,7,Neutral,51.3,Medium
25,Male,8.3,4.8,57,1.0,7.0,2,Happy,95.80000000000001,Low
40,Female,7.5,9.3,21,3.7,8.6,10,Happy,56.3,Medium
46,Female,4.4,11.6,30,1.5,9.7,6,Neutral,29.699999999999996,High
35,Female,4.6,5.7,25,2.0,6.8,8,Stressed,31.200000000000003,High
48,Female,7.6,5.0,12,2.2,11.1,8,Stressed,69.60000000000001,Medium
47,Female,4.4,5.9,62,4.0,6.4,5,Stressed,57.400000000000006,Medium
56,Female,8.6,5.7,66,3.5,10.9,8,Sad,95.1,Low
52,Male,7.7,7.9,106,1.7,7.8,2,Neutral,98.5,Low
35,Male,5.7,9.1,62,3.4,6.3,4,Neutral,64.8,Medium
59,Male,5.8,9.6,10,3.8,2.0,10,Stressed,23.799999999999997,High
56,Female,6.5,8.1,68,2.6,5.0,2,Neutral,77.39999999999999,Low
34,Female,5.8,5.8,63,2.0,10.7,5,Neutral,70.4,Medium
31,Female,7.9,11.5,101,3.7,6.3,3,Stressed,95.3,Low
48,Male,8.9,8.8,67,3.4,6.2,6,Sad,90.20000000000002,Low
41,Male,6.9,5.7,31,1.3,6.9,7,Neutral,56.099999999999994,Medium
52,Female,6.2,5.9,73,3.7,4.9,6,Happy,69.1,Medium
51,Female,5.1,10.0,9,3.0,6.9,2,Sad,53.599999999999994,Medium
20,Female,7.3,5.8,107,4.0,5.8,2,Neutral,100.0,Low
54,Female,7.4,6.7,53,1.8,11.1,4,Neutral,86.39999999999999,Low
57,Male,7.4,4.2,54,2.0,7.6,7,Happy,73.6,Medium
43,Male,4.1,10.2,81,3.2,10.3,8,Neutral,41.400000000000006,High
40,Male,8.5,6.7,61,2.9,8.9,5,Happy,96.1,Low
56,Female,5.7,7.1,110,2.5,4.1,10,Happy,45.5,High
32,Male,7.7,10.7,54,4.0,10.7,1,Neutral,100.0,Low
21,Female,7.8,11.1,86,3.3,2.9,9,Sad,59.3,Medium
46,Female,7.3,10.1,81,3.8,6.5,8,Sad,69.0,Medium
39,Female,6.0,1.7,34,1.6,4.4,1,Neutral,76.19999999999999,Low
42,Male,7.0,5.9,66,3.9,7.4,9,Neutral,69.7,Medium
30,Male,4.2,4.8,64,2.8,5.0,5,Stressed,49.199999999999996,High
35,Female,7.8,3.3,16,1.1,9.2,8,Stressed,66.5,Medium
50,Male,4.5,11.0,41,1.9,11.4,10,Stressed,23.500000000000004,High
33,Female,6.0,10.8,58,1.1,9.1,10,Sad,33.69999999999999,High
59,Female,4.5,6.1,69,2.8,5.6,2,Stressed,63.8,Medium
19,Female,8.2,2.5,120,2.3,8.0,7,Neutral,100.0,Low
52,Male,6.8,1.1,120,4.9,10.9,9,Neutral,100.0,Low
59,Male,7.5,5.8,10,4.5,4.7,7,Happy,69.30000000000001,Medium
51,Female,7.4,1.4,77,4.3,3.2,9,Sad,78.50000000000001,Low
47,Male,8.2,7.7,112,3.0,3.3,4,Stressed,94.6,Low
30,Male,4.7,7.7,27,4.2,6.9,5,Happy,51.80000000000001,Medium
30,Male,7.3,10.9,38,2.1,9.3,7,Sad,59.9,Medium
35,Male,6.9,3.1,53,3.2,8.6,1,Happy,100.0,Low
49,Female,4.2,5.1,99,2.6,6.5,2,Sad,69.6,Medium
49,Male,5.0,10.5,10,1.7,9.3,2,Sad,50.1,Medium
52,Female,5.3,6.2,114,1.3,8.3,10,Happy,46.49999999999999,High
56,Female,4.4,1.7,104,3.2,8.3,9,Stressed,57.99999999999999,Medium
46,Male,5.8,2.2,57,1.4,4.0,3,Neutral,68.0,Medium
46,Female,4.1,9.9,116,3.9,5.1,9,Stressed,38.10000000000001,High
33,Female,6.8,9.2,39,4.7,5.4,1,Sad,87.7,Low
27,Male,5.1,10.6,115,1.6,10.1,3,Neutral,69.0,Medium
47,Female,5.4,2.3,3,2.9,9.8,10,Neutral,44.1,High
42,Female,8.6,9.4,63,4.0,4.5,2,Stressed,100.0,Low
56,Male,6.5,8.2,47,2.1,2.6,2,Stressed,65.7,Medium
37,Male,5.3,3.6,69,4.7,9.7,1,Stressed,98.5,Low
22,Male,7.0,11.7,101,4.6,6.1,6,Happy,78.00000000000001,Low
18,Male,5.0,7.3,82,1.4,4.2,5,Neutral,47.2,High
47,Male,4.4,11.0,30,1.1,3.2,5,Neutral,19.9,High
20,Female,4.1,10.5,1,4.9,2.1,9,Sad,12.900000000000002,High
31,Female,8.8,4.7,42,4.8,6.3,6,Sad,99.6,Low
47,Male,7.6,6.9,88,2.7,5.4,9,Sad,68.1,Medium
21,Male,8.0,5.7,113,1.2,9.0,4,Stressed,99.19999999999999,Low
35,Female,8.9,8.8,40,3.5,11.8,7,Neutral,92.5,Low
54,Male,8.7,7.5,59,2.2,4.1,4,Stressed,87.0,Low
42,Male,7.7,9.6,111,4.7,4.4,1,Stressed,100.0,Low
18,Female,7.5,1.1,74,4.2,5.4,4,Sad,100.0,Low
32,Female,5.7,8.6,45,3.6,6.7,2,Sad,72.2,Medium
26,Female,4.5,4.5,39,2.1,9.0,5,Sad,52.3,Medium
32,Male,6.9,3.5,58,3.8,5.5,2,Happy,95.6,Low
41,Female,6.9,9.8,44,2.2,3.0,2,Neutral,67.19999999999999,Medium
21,Male,8.8,2.0,41,1.2,9.3,4,Stressed,100.0,Low
29,Female,6.2,3.5,118,3.0,9.9,7,Happy,85.39999999999999,Low
54,Male,7.5,3.2,107,3.0,4.5,3,Happy,100.0,Low
54,Male,6.9,5.6,20,4.1,3.4,7,Happy,61.099999999999994,Medium
23,Male,4.9,4.5,2,4.5,7.3,9,Sad,41.50000000000001,High
56,Female,7.0,8.9,65,2.4,4.1,3,Happy,73.4,Medium
41,Female,6.7,8.7,10,2.8,5.7,4,Neutral,60.99999999999999,Medium
28,Female,6.5,4.6,23,2.9,9.8,1,Happy,90.5,Low
30,Male,6.6,5.8,49,2.3,4.2,7,Happy,56.1,Medium
51,Female,4.8,3.3,87,4.0,10.1,1,Stressed,95.00000000000001,Low
42,Female,6.3,8.4,20,3.1,8.7,3,Neutral,71.1,Medium
24,Male,7.0,5.4,24,4.7,4.2,9,Sad,59.9,Medium
21,Male,6.4,2.5,3,3.6,7.3,5,Stressed,72.19999999999999,Medium
25,Female,6.4,2.4,103,1.8,8.1,10,Stressed,65.0,Medium
37,Female,4.4,4.5,42,1.7,4.0,10,Stressed,19.9,High
46,Female,5.0,9.2,46,2.5,3.4,2,Happy,52.1,Medium
27,Male,5.6,1.3,22,2.4,7.3,9,Neutral,48.40000000000001,High
51,Female,6.1,3.8,59,2.6,8.9,6,Happy,72.0,Medium
43,Male,7.0,2.8,87,1.7,6.7,9,Stressed,67.70000000000002,Medium
58,Male,8.3,11.5,20,4.9,2.7,4,Happy,77.9,Low
20,Female,4.8,8.8,65,1.6,11.3,6,Sad,50.0,Medium
23,Female,4.1,3.6,86,3.6,8.9,7,Neutral,58.8,Medium
22,Male,6.2,3.3,50,1.1,8.2,6,Stressed,63.300000000000004,Medium
22,Male,6.2,10.4,14,2.6,8.4,4,Stressed,57.8,Medium
40,Female,6.8,3.1,57,2.2,6.0,8,Happy,64.2,Medium
26,Female,8.2,12.0,25,2.5,11.8,6,Happy,75.1,Low
52,Female,8.0,4.1,89,3.0,3.3,2,Stressed,100.0,Low
37,Male,4.5,1.9,91,3.4,9.4,6,Stressed,71.2,Medium
59,Male,8.7,8.6,58,3.3,6.2,1,Neutral,100.0,Low
52,Female,4.6,7.7,89,3.5,10.8,9,Happy,51.49999999999999,Medium
35,Male,7.2,12.0,44,4.4,9.2,10,Sad,57.199999999999996,Medium
34,Male,7.4,9.8,65,4.5,7.6,7,Neutral,77.10000000000001,Low
41,Female,7.4,5.7,34,3.9,11.4,8,Sad,79.69999999999999,Low
20,Male,5.3,8.4,95,1.3,11.1,4,Neutral,67.9,Medium
49,Female,5.7,10.0,93,4.8,2.5,8,Stressed,52.599999999999994,Medium
52,Female,6.7,6.7,109,4.8,3.9,1,Happy,100.0,Low
55,Male,5.0,4.0,63,3.8,8.8,4,Neutral,75.19999999999999,Low
30,Male,4.1,3.3,83,3.1,11.2,6,Stressed,64.9,Medium
42,Female,6.8,4.2,76,2.0,6.3,10,Stressed,57.4,Medium
26,Male,6.3,10.3,26,4.0,2.4,7,Neutral,44.39999999999999,High
21,Female,7.3,5.2,86,4.5,8.4,3,Neutral,100.0,Low
31,Male,4.7,4.2,79,3.7,3.9,10,Happy,40.69999999999999,High
54,Male,8.2,9.9,30,3.5,7.5,10,Stressed,60.7,Medium
51,Male,4.7,1.4,11,1.8,5.8,2,Stressed,59.00000000000001,Medium
28,Female,8.5,7.5,96,2.4,7.6,9,Happy,80.4,Low
58,Male,6.2,10.6,101,3.9,11.3,1,Stressed,99.1,Low
20,Female,6.7,5.5,44,1.1,6.9,10,Sad,44.099999999999994,High
45,Female,8.5,4.0,31,3.6,2.3,1,Stressed,100.0,Low
46,Female,5.5,6.4,53,4.1,7.8,10,Sad,48.9,High
26,Male,4.9,8.9,119,2.3,5.3,2,Happy,69.1,Medium
20,Female,6.2,6.7,65,1.3,9.8,5,Happy,67.69999999999999,Medium
42,Female,5.2,1.1,113,4.3,6.7,1,Neutral,100.0,Low
51,Male,6.6,1.9,112,1.6,9.4,6,Happy,87.4,Low
29,Female,5.4,8.9,114,2.5,11.1,8,Sad,61.7,Medium
59,Female,8.3,5.4,86,3.8,5.6,10,Happy,79.60000000000001,Low
26,Male,7.0,9.6,31,4.3,11.9,2,Sad,94.3,Low
32,Female,4.0,8.1,14,4.4,3.5,5,Happy,35.599999999999994,High
57,Male,8.0,7.4,103,3.1,8.4,3,Stressed,100.0,Low
42,Female,5.7,10.9,54,2.9,2.3,2,Happy,57.1,Medium
22,Female,5.6,1.2,40,4.4,4.1,6,Neutral,67.8,Medium
28,Male,5.9,2.7,39,3.3,8.3,1,Sad,90.5,Low
51,Female,7.2,7.9,71,3.3,2.5,8,Happy,59.900000000000006,Medium
41,Female,6.2,1.7,106,2.7,3.0,6,Stressed,75.3,Low
32,Female,7.1,8.1,113,2.5,4.9,4,Neutral,83.69999999999999,Low
55,Male,4.7,11.8,48,2.9,7.8,5,Stressed,43.099999999999994,High
25,Male,8.9,10.7,85,2.5,2.2,2,Neutral,93.5,Low
22,Male,7.6,7.5,118,2.4,6.8,8,Stressed,78.19999999999999,Low
43,Male,5.3,10.8,37,5.0,8.3,6,Stressed,56.400000000000006,Medium
35,Male,7.6,2.3,118,2.3,6.0,6,Sad,94.5,Low
23,Female,6.9,6.0,55,2.0,2.7,3,Stressed,71.4,Medium
54,Male,4.5,5.7,33,2.4,8.1,1,Neutral,64.4,Medium
30,Male,4.9,4.7,0,3.4,8.1,8,Stressed,40.8,High
45,Male,4.2,1.0,9,4.6,7.1,7,Sad,51.0,Medium
22,Female,8.0,10.8,39,4.2,8.9,1,Stressed,100.0,Low
30,Female,6.8,9.6,15,4.4,4.1,8,Sad,50.0,Medium
34,Male,5.6,8.2,87,4.4,8.8,10,Sad,56.6,Medium
57,Female,4.6,2.4,45,4.7,3.6,2,Neutral,72.9,Medium
49,Female,6.4,5.2,23,1.9,5.9,8,Stressed,47.499999999999986,High
46,Female,6.6,11.2,111,2.8,2.7,5,Neutral,65.20000000000002,Medium
20,Female,7.5,7.8,13,2.5,10.2,8,Sad,62.9,Medium
57,Male,8.8,7.6,89,2.5,7.4,6,Neutral,93.89999999999999,Low
51,Male,6.2,11.0,38,3.6,11.7,2,Neutral,81.0,Low
57,Female,6.0,7.2,17,2.6,11.4,7,Sad,56.80000000000001,Medium
44,Female,5.8,7.6,83,3.5,12.0,6,Sad,76.89999999999999,Low
30,Female,8.1,4.8,40,2.5,3.0,4,Neutral,81.9,Low
50,Female,4.8,5.1,55,2.2,8.1,9,Stressed,40.0,High
23,Male,5.7,8.5,35,2.4,6.1,4,Sad,55.2,Medium
41,Female,7.6,4.5,23,4.2,7.3,1,Sad,100.0,Low
36,Male,4.1,7.2,89,3.4,5.1,3,Stressed,59.599999999999994,Medium
33,Female,5.4,4.1,28,4.9,2.5,8,Happy,48.89999999999999,High
57,Male,7.2,2.8,111,4.3,9.1,3,Sad,100.0,Low
45,Female,4.9,6.0,21,2.9,11.7,7,Happy,51.1,Medium
50,Male,5.5,3.4,10,2.0,7.3,1,Stressed,70.8,Medium
58,Male,6.4,10.9,40,3.7,5.3,4,Stressed,63.300000000000004,Medium
30,Male,6.1,4.3,48,3.9,11.4,4,Stressed,88.3,Low
42,Female,4.5,7.6,117,2.9,5.6,9,Stressed,42.900000000000006,High
59,Male,8.7,3.9,10,1.9,11.1,1,Neutral,100.0,Low
53,Female,4.2,3.8,51,3.2,10.6,9,Neutral,45.8,High
44,Male,7.7,4.9,66,2.0,7.3,10,Happy,65.0,Medium
55,Male,4.4,11.1,84,4.8,8.8,8,Stressed,48.199999999999996,High
24,Female,6.3,5.3,74,3.5,9.0,10,Happy,62.7,Medium
22,Male,4.9,10.0,7,2.2,8.4,6,Happy,34.2,High
48,Female,4.7,3.2,30,1.9,3.6,4,Stressed,47.300000000000004,High
40,Female,4.6,1.5,73,3.9,8.9,6,Happy,70.89999999999999,Medium
59,Female,6.3,9.6,5,3.8,2.0,6,Happy,43.8,High
27,Female,6.6,7.0,80,3.4,9.1,2,Happy,95.2,Low
49,Male,4.7,6.5,101,3.5,7.5,7,Happy,58.7,Medium
47,Male,8.9,4.0,70,3.4,4.6,9,Neutral,85.2,Low
56,Female,5.3,1.8,95,2.4,10.0,8,Happy,68.4,Medium
48,Male,6.3,6.3,12,4.7,6.1,3,Stressed,76.50000000000001,Low
35,Male,5.1,10.5,5,2.9,6.9,8,Happy,27.3,High
53,Female,6.5,2.3,66,1.1,2.3,4,Stressed,67.7,Medium
19,Male,7.8,11.2,26,2.4,6.0,10,Stressed,44.80000000000001,High
31,Female,6.6,4.0,120,1.5,3.7,1,Neutral,92.9,Low
30,Male,5.4,6.9,44,2.5,4.8,3,Neutral,59.1,Medium
46,Male,5.2,1.7,105,3.4,4.5,1,Happy,91.6,Low
29,Female,7.8,5.7,25,1.1,2.5,5,Happy,62.099999999999994,Medium
56,Male,4.6,2.4,3,4.5,6.6,10,Sad,37.5,High
19,Male,5.8,1.5,36,3.4,7.2,9,Happy,57.6,Medium
49,Female,4.8,11.6,20,2.2,7.7,7,Sad,27.199999999999996,High
30,Male,5.3,9.0,114,2.2,6.6,3,Sad,70.0,Medium
44,Female,4.8,8.9,27,2.9,10.7,7,Neutral,43.50000000000001,High
58,Male,8.4,2.0,81,2.0,2.4,8,Stressed,79.0,Low
34,Female,7.7,11.2,119,1.0,8.1,4,Sad,83.60000000000001,Low
57,Female,6.8,6.2,31,1.1,10.7,3,Happy,76.69999999999999,Low
48,Female,5.1,10.4,102,2.4,2.4,2,Sad,59.400000000000006,Medium
51,Female,6.6,1.1,52,1.5,7.0,8,Neutral,63.7,Medium
41,Female,6.6,4.3,32,1.1,7.9,3,Sad,73.10000000000001,Medium
52,Male,7.0,12.0,25,4.4,3.9,7,Sad,52.8,Medium
23,Male,4.3,5.7,16,2.1,4.5,2,Sad,46.300000000000004,High
36,Female,8.9,10.8,55,3.0,9.9,5,Sad,93.2,Low
47,Male,6.3,4.6,115,1.7,7.7,5,Sad,80.7,Low
24,Female,8.6,6.8,92,1.2,5.2,9,Sad,71.20000000000002,Medium
27,Male,4.0,10.4,83,4.0,9.6,8,Sad,43.0,High
58,Male,5.2,7.7,29,1.5,9.5,8,Neutral,36.9,High
49,Female,4.5,9.0,120,1.1,5.5,10,Happy,27.5,High
51,Female,7.8,3.5,113,3.3,6.9,2,Neutral,100.0,Low
45,Male,5.6,2.7,4,1.1,8.6,2,Sad,66.1,Medium
32,Male,8.2,3.5,117,2.7,5.4,10,Sad,82.7,Low
47,Female,8.2,6.4,5,2.2,8.3,7,Stressed,69.80000000000001,Medium
54,Male,7.3,9.8,105,2.3,4.5,4,Neutral,78.9,Low
46,Male,7.3,4.9,61,1.0,4.9,3,Sad,78.2,Low
39,Female,7.5,7.2,114,4.9,5.1,3,Stressed,100.0,Low
21,Male,7.4,9.9,9,3.1,11.4,7,Neutral,66.3,Medium
37,Female,5.9,3.6,69,3.3,10.3,1,Sad,98.69999999999999,Low
49,Female,7.4,10.7,9,3.7,7.7,4,Stressed,72.30000000000001,Medium
53,Female,8.5,11.5,105,4.2,7.6,6,Stressed,95.2,Low
21,Male,5.7,1.4,84,3.4,2.6,9,Sad,57.2,Medium
44,Male,8.7,1.7,43,4.0,8.5,1,Happy,100.0,Low
34,Female,4.1,2.0,55,2.8,5.3,1,Sad,68.6,Medium
29,Female,5.7,9.5,3,2.5,8.1,2,Stressed,59.3,Medium
39,Male,4.7,3.1,12,4.3,10.4,7,Happy,57.5,Medium
34,Male,4.6,9.0,73,4.5,2.5,7,Happy,42.099999999999994,High
27,Male,8.1,5.9,79,1.6,8.1,5,Neutral,89.2,Low
18,Female,8.6,10.2,18,3.2,7.6,4,Happy,84.39999999999999,Low
39,Female,7.9,9.9,69,3.7,4.1,10,Stressed,59.7,Medium
43,Male,8.9,11.6,89,1.3,8.5,6,Stressed,83.1,Low
35,Male,5.1,3.8,61,4.7,7.5,8,Neutral,62.10000000000001,Medium
31,Male,4.7,3.5,8,3.1,9.7,7,Stressed,48.49999999999999,High
46,Female,6.6,1.3,45,3.6,3.1,2,Stressed,88.60000000000001,Low
29,Female,8.1,5.5,55,1.7,6.4,2,Stressed,94.3,Low
53,Male,4.2,6.0,73,2.1,12.0,6,Neutral,55.099999999999994,Medium
52,Male,9.0,11.6,39,1.5,8.9,1,Happy,95.89999999999999,Low
29,Female,7.0,10.1,66,2.1,8.8,5,Neutral,71.1,Medium
24,Female,8.9,2.8,112,3.0,5.2,1,Happy,100.0,Low
46,Male,5.8,9.8,82,4.3,2.9,7,Stressed,54.10000000000001,Medium
28,Male,6.3,3.0,61,3.1,11.5,3,Sad,95.7,Low
50,Male,7.8,1.9,98,2.0,3.1,9,Neutral,74.0,Medium
23,Female,8.0,10.2,45,1.2,11.9,5,Happy,78.39999999999999,Low
32,Male,5.2,11.7,5,3.5,3.3,1,Happy,49.7,High
49,Female,8.6,2.0,28,2.7,3.7,10,Stressed,68.5,Medium
28,Female,8.3,10.0,18,4.9,5.1,4,Happy,85.3,Low
40,Male,4.1,10.5,113,4.1,7.1,8,Stressed,45.3,High
43,Male,4.6,2.3,107,4.2,9.9,7,Stressed,75.60000000000001,Low
51,Female,6.5,4.1,14,1.0,11.7,6,Stressed,63.99999999999999,Medium
51,Male,6.3,9.1,56,4.1,5.6,9,Happy,51.7,Medium
46,Female,7.5,9.9,37,1.8,2.2,4,Sad,60.00000000000001,Medium
21,Male,4.4,4.9,20,3.3,8.2,10,Neutral,31.1,High
34,Male,7.2,2.8,107,2.8,9.1,1,Happy,100.0,Low
52,Male,7.1,8.1,50,3.3,6.0,10,Neutral,53.3,Medium
30,Male,5.2,8.7,38,1.5,3.8,6,Happy,33.3,High
58,Female,6.7,6.5,86,2.8,5.1,4,Stressed,79.4,Low
56,Female,5.1,2.6,19,1.1,8.6,1,Neutral,68.3,Medium
32,Female,4.7,10.3,105,1.2,6.9,10,Stressed,27.2,High
46,Male,6.9,8.1,113,3.6,9.4,3,Happy,100.0,Low
46,Female,8.9,10.6,1,4.8,4.2,1,Happy,96.4,Low
28,Female,5.2,11.3,108,4.1,10.4,5,Sad,72.3,Medium
49,Female,5.8,9.9,31,2.9,3.6,8,Neutral,34.10000000000001,High
19,Male,5.3,11.5,110,1.2,5.3,2,Happy,60.6,Medium
31,Female,5.3,11.5,91,1.2,7.9,6,Happy,46.0,High
37,Male,6.0,7.8,119,1.6,9.4,6,Sad,71.0,Medium
39,Male,7.5,9.0,3,4.9,4.7,5,Sad,71.5,Medium
28,Female,4.2,8.7,6,2.6,11.5,7,Sad,33.800000000000004,High
44,Male,8.8,7.8,2,4.4,9.1,1,Stressed,100.0,Low
20,Female,4.2,1.2,24,3.8,4.2,10,Sad,31.799999999999997,High
34,Female,8.4,4.9,111,3.4,9.3,4,Sad,100.0,Low
45,Female,8.5,2.1,8,4.8,9.0,6,Neutral,100.0,Low
46,Female,6.6,4.3,86,1.9,9.5,4,Stressed,87.10000000000001,Low
38,Female,4.7,1.8,86,2.8,11.2,6,Stressed,73.0,Medium
33,Male,6.8,11.1,112,4.5,9.1,2,Happy,100.0,Low
54,Female,7.1,6.0,25,3.2,5.5,9,Neutral,55.0,Medium
37,Male,8.3,3.1,103,2.0,9.9,4,Sad,100.0,Low
23,Female,6.8,7.4,63,1.8,9.0,5,Stressed,72.8,Medium
36,Female,6.1,3.2,17,4.0,7.7,7,Happy,65.4,Medium
22,Female,8.2,9.8,87,1.1,5.5,8,Neutral,64.30000000000001,Medium
20,Male,8.9,4.4,90,4.7,11.2,1,Sad,100.0,Low
18,Male,7.2,4.5,108,1.1,7.1,7,Neutral,76.3,Low
55,Male,8.4,10.6,1,3.5,8.3,10,Neutral,57.1,Medium
32,Male,7.0,7.2,0,3.4,6.2,9,Sad,48.99999999999999,High
51,Female,7.4,10.8,47,3.3,9.8,2,Happy,89.9,Low
52,Female,7.4,5.5,79,2.9,5.4,2,Sad,96.1,Low
42,Male,7.5,4.8,62,4.4,10.1,4,Stressed,100.0,Low
41,Male,5.6,6.6,106,3.6,3.1,1,Sad,84.2,Low
29,Male,6.9,1.7,87,4.1,9.1,9,Neutral,85.7,Low
35,Female,7.0,2.7,35,1.5,6.8,5,Happy,72.69999999999999,Medium
32,Male,5.6,3.4,62,1.2,9.0,3,Sad,73.60000000000001,Medium
33,Male,5.7,10.0,74,1.1,7.3,6,Stressed,47.9,High
44,Female,7.8,9.1,25,1.6,3.3,7,Happy,51.4,Medium
25,Male,6.9,3.1,5,3.7,6.8,4,Neutral,79.89999999999999,Low
42,Female,4.7,4.0,25,3.0,11.6,2,Sad,74.2,Medium
34,Female,8.2,11.4,92,4.0,9.5,5,Happy,96.60000000000001,Low
46,Female,8.4,1.9,42,1.8,5.0,7,Happy,79.60000000000001,Low
25,Female,6.3,7.0,0,2.5,11.4,10,Neutral,44.3,High
32,Female,5.0,6.7,8,4.6,9.8,10,Happy,40.8,High
44,Male,8.7,9.0,26,4.7,5.6,3,Happy,96.9,Low
24,Male,8.4,3.9,70,4.7,8.0,2,Stressed,100.0,Low
20,Female,5.2,11.3,116,4.3,6.3,2,Happy,78.69999999999999,Low
46,Female,4.5,5.5,117,3.8,3.0,4,Sad,66.4,Medium
41,Male,6.2,4.1,2,4.7,10.1,4,Stressed,81.9,Low
20,Male,7.4,4.7,60,3.9,3.9,5,Stressed,83.89999999999999,Low
37,Female,4.9,4.8,72,4.8,6.6,3,Sad,79.00000000000001,Low
32,Male,6.6,3.2,1,1.1,9.0,1,Stressed,79.3,Low
42,Male,6.1,11.2,73,4.7,11.3,4,Neutral,83.29999999999998,Low
47,Female,8.5,2.9,80,3.2,2.6,1,Neutral,100.0,Low
31,Male,6.1,10.7,30,1.4,5.9,8,Sad,32.400000000000006,High
24,Male,6.7,5.5,64,1.9,8.1,5,Happy,74.5,Medium
34,Male,8.8,4.0,17,4.4,9.8,2,Stressed,100.0,Low
37,Male,5.5,3.2,5,3.0,11.2,5,Sad,67.0,Medium
53,Female,5.4,6.5,101,4.9,2.0,5,Stressed,69.7,Medium
26,Male,8.0,8.4,104,1.5,8.3,1,Neutral,100.0,Low
55,Female,5.4,10.9,41,2.7,2.1,5,Neutral,38.10000000000001,High
39,Male,8.2,8.2,110,2.3,9.9,8,Sad,86.89999999999999,Low
19,Female,4.5,6.3,67,3.1,3.5,10,Stressed,28.300000000000004,High
41,Female,4.6,1.4,103,3.5,10.9,2,Neutral,95.1,Low
25,Male,8.5,11.1,3,3.6,3.6,8,Stressed,56.599999999999994,Medium
28,Female,6.7,10.9,98,1.0,9.6,8,Neutral,57.0,Medium
30,Female,7.6,5.2,3,1.4,4.9,1,Neutral,78.99999999999999,Low
34,Female,5.1,1.3,64,1.1,7.6,4,Neutral,65.9,Medium
25,Female,4.8,9.1,40,4.5,8.1,5,Neutral,56.5,Medium
38,Female,8.2,9.7,42,2.3,4.1,10,Happy,50.7,Medium
35,Male,5.8,7.0,94,2.5,5.0,8,Sad,53.3,Medium
47,Female,6.3,5.4,116,2.8,3.1,3,Stressed,83.60000000000001,Low
35,Female,4.1,10.4,54,4.4,2.1,1,Neutral,53.2,Medium
48,Male,5.9,3.1,18,1.1,4.4,7,Neutral,42.69999999999999,High
55,Male,7.9,5.8,20,1.5,7.2,4,Neutral,77.30000000000001,Low
49,Female,8.1,1.3,57,3.7,9.1,10,Sad,86.50000000000001,Low
28,Male,7.5,2.8,29,4.9,9.9,5,Stressed,99.5,Low
42,Male,7.5,11.3,115,3.6,2.7,6,Sad,74.80000000000001,Medium
50,Male,6.5,7.4,6,2.0,4.7,4,Sad,54.800000000000004,Medium
55,Male,6.7,9.9,68,3.1,9.7,1,Neutral,91.69999999999999,Low
58,Male,7.7,6.4,63,4.9,6.8,8,Stressed,82.89999999999999,Low
25,Male,5.2,10.2,1,3.1,3.8,9,Neutral,18.900000000000006,High
28,Female,5.2,6.9,114,2.5,5.9,3,Sad,73.3,Medium
39,Female,8.7,1.0,119,2.5,4.7,10,Happy,90.7,Low
41,Male,4.1,10.9,66,4.9,2.5,4,Happy,45.900000000000006,High
58,Male,4.7,2.6,78,3.9,9.6,5,Sad,76.1,Low
34,Female,6.9,6.0,102,3.7,4.9,10,Neutral,65.7,Medium
29,Male,7.7,6.2,100,1.9,11.5,9,Neutral,81.1,Low
49,Female,6.7,1.5,118,3.2,10.9,5,Stressed,100.0,Low
32,Male,5.8,1.6,73,2.4,9.2,7,Stressed,71.79999999999998,Medium
33,Female,8.9,9.4,8,2.0,5.3,3,Happy,80.39999999999999,Low
39,Female,7.5,4.3,22,4.6,4.8,1,Neutral,99.4,Low
45,Male,8.2,5.5,13,2.5,6.8,6,Sad,75.69999999999999,Low
37,Male,4.2,7.2,53,2.1,5.5,10,Neutral,19.700000000000003,High
50,Male,5.2,5.1,44,4.7,11.0,1,Neutral,92.1,Low
27,Male,5.9,9.5,96,1.8,3.2,6,Sad,50.6,Medium
57,Female,4.9,10.7,15,4.0,9.2,8,Happy,37.0,High
49,Male,4.4,1.7,83,3.6,8.1,9,Sad,55.39999999999999,Medium
50,Female,5.1,8.0,71,4.7,10.1,8,Neutral,60.900000000000006,Medium
19,Male,6.7,4.5,112,4.3,7.4,5,Sad,96.7,Low
50,Female,7.5,7.4,101,3.8,8.3,7,Stressed,88.0,Low
50,Male,7.9,6.3,97,2.3,11.6,6,Stressed,96.50000000000001,Low
58,Male,4.2,4.7,94,3.0,2.9,9,Stressed,36.19999999999999,High
30,Female,6.1,2.0,108,4.8,3.0,4,Stressed,92.6,Low
47,Male,4.6,7.2,56,1.1,5.9,8,Sad,28.100000000000005,High
50,Male,6.2,2.2,7,4.2,6.7,9,Happy,57.4,Medium
30,Male,6.2,2.7,24,2.0,4.0,7,Happy,51.39999999999999,Medium
43,Male,6.5,11.8,40,1.7,2.8,7,Stressed,35.5,High
39,Male,8.5,4.5,61,1.9,2.2,2,Neutral,94.10000000000001,Low
56,Female,8.0,7.4,76,1.2,9.6,9,Sad,69.60000000000001,Medium
19,Male,7.2,4.0,17,5.0,6.9,5,Neutral,86.2,Low
55,Female,8.4,10.5,49,4.5,10.4,10,Stressed,76.1,Low
56,Male,7.4,4.1,40,3.1,5.6,3,Sad,88.5,Low
43,Male,8.1,5.0,33,3.9,9.0,4,Stressed,99.1,Low
32,Female,6.8,7.7,99,3.2,6.9,10,Sad,62.19999999999999,Medium
51,Female,6.6,10.6,113,4.2,8.1,2,Stressed,96.6,Low
59,Female,7.6,10.0,80,4.4,5.7,3,Happy,93.4,Low
57,Female,4.1,3.9,11,1.9,2.8,6,Sad,26.500000000000007,High
28,Female,7.5,10.1,79,2.8,11.5,1,Happy,100.0,Low
20,Male,8.7,8.7,76,3.5,10.4,2,Stressed,100.0,Low
23,Female,7.6,11.9,74,4.9,5.1,4,Sad,85.7,Low
26,Female,4.2,11.3,77,3.7,11.6,1,Neutral,72.5,Medium
23,Male,5.9,6.9,41,4.6,5.0,6,Neutral,62.400000000000006,Medium
26,Male,8.0,9.2,54,4.4,6.4,4,Sad,91.2,Low
56,Female,8.8,7.3,91,3.3,9.6,2,Happy,100.0,Low
48,Female,5.9,7.5,58,4.6,5.1,10,Stressed,48.8,High
49,Female,8.2,2.1,116,2.5,5.2,4,Happy,100.0,Low
58,Male,8.3,1.0,50,2.5,6.1,8,Happy,83.7,Low
29,Female,4.6,1.5,87,4.1,6.7,6,Sad,70.30000000000001,Medium
25,Male,8.2,11.6,52,1.5,3.2,1,Neutral,79.10000000000001,Low
25,Male,5.6,2.4,80,2.2,2.2,5,Stressed,62.6,Medium
45,Male,7.0,1.5,8,3.4,11.2,6,Happy,84.0,Low
37,Male,6.7,4.4,109,2.7,5.5,4,Neutral,88.5,Low
24,Female,7.3,7.5,93,4.8,3.0,4,Happy,90.6,Low
28,Male,7.7,11.4,100,4.8,9.6,3,Sad,100.0,Low
37,Male,6.2,8.7,2,3.0,5.0,10,Sad,30.000000000000007,High
33,Female,8.4,4.0,117,3.2,3.8,10,Happy,83.0,Low
21,Male,8.0,11.3,7,3.9,11.6,6,Neutral,77.50000000000001,Low
23,Female,7.9,1.4,81,2.8,11.2,9,Happy,92.80000000000001,Low
39,Male,6.3,11.8,58,1.8,3.1,7,Stressed,38.199999999999996,High
43,Female,4.2,1.6,29,4.0,11.0,9,Happy,50.599999999999994,Medium
20,Male,6.5,9.3,66,4.0,10.9,6,Stressed,77.39999999999999,Low
58,Male,8.5,1.5,54,2.0,8.3,2,Happy,100.0,Low
59,Female,5.0,11.2,33,4.3,7.3,6,Stressed,46.3,High
31,Male,8.9,2.2,42,3.5,4.2,7,Neutral,90.9,Low
28,Male,8.0,1.6,27,1.9,3.2,2,Happy,90.10000000000001,Low
35,Female,7.5,10.8,36,3.6,8.1,1,Happy,90.8,Low
29,Male,7.4,2.1,88,1.9,10.2,6,Stressed,93.29999999999998,Low
40,Male,6.9,9.8,29,2.1,8.9,8,Sad,51.499999999999986,Medium
29,Female,7.6,9.2,70,4.4,3.8,6,Neutral,77.19999999999999,Low
30,Female,6.1,7.6,61,4.7,4.9,8,Sad,59.3,Medium
42,Female,8.2,5.2,109,2.0,7.5,6,Sad,94.39999999999999,Low
36,Female,7.5,11.1,28,4.7,8.2,6,Happy,74.29999999999998,Medium
53,Female,7.9,10.6,114,2.0,2.7,8,Happy,63.99999999999999,Medium
25,Male,8.0,5.7,1,1.5,8.1,3,Happy,80.5,Low
46,Female,4.5,3.5,89,1.2,9.4,3,Sad,68.6,Medium
49,Male,4.3,4.0,104,2.0,3.8,6,Neutral,49.4,High
35,Female,8.0,3.4,56,2.5,4.5,4,Stressed,89.9,Low
23,Male,5.3,7.0,56,4.7,4.6,7,Stressed,54.900000000000006,Medium
35,Male,6.9,10.6,41,2.0,11.4,7,Stressed,60.8,Medium
36,Female,6.2,9.5,114,2.5,6.1,9,Neutral,54.5,Medium
39,Male,4.1,9.8,48,3.9,7.3,2,Sad,57.099999999999994,Medium
54,Male,4.2,5.9,56,2.2,9.2,2,Sad,62.800000000000004,Medium
49,Female,8.1,4.5,70,3.7,5.7,6,Neutral,91.9,Low
58,Female,7.0,9.3,17,2.7,3.1,9,Happy,38.500000000000014,High
20,Female,6.6,9.7,69,1.8,8.5,7,Neutral,58.400000000000006,Medium
45,Female,8.7,8.6,104,3.9,8.7,6,Sad,100.0,Low
27,Male,4.9,1.4,103,1.1,4.6,5,Stressed,61.5,Medium
52,Male,5.3,7.5,26,2.2,2.4,8,Stressed,27.000000000000004,High
46,Male,7.8,4.8,117,2.4,8.7,2,Stressed,100.0,Low
32,Male,7.9,3.2,53,2.8,9.0,3,Happy,100.0,Low
50,Male,6.0,8.6,119,3.7,2.3,6,Happy,65.69999999999999,Medium
24,Male,8.8,4.0,104,2.8,8.9,1,Neutral,100.0,Low
29,Female,8.7,11.0,23,3.4,11.4,8,Stressed,77.39999999999999,Low
47,Male,4.1,4.3,96,3.4,3.8,9,Happy,40.20000000000001,High
38,Male,4.9,7.1,94,2.5,7.2,2,Sad,72.5,Medium
48,Male,8.1,10.1,33,4.7,9.0,9,Neutral,72.89999999999999,Medium
41,Female,5.7,5.4,21,4.8,4.3,5,Sad,63.00000000000001,Medium
37,Female,4.5,10.1,87,3.3,9.5,8,Sad,45.7,High
54,Female,7.9,9.0,62,1.3,10.7,1,Stressed,97.30000000000001,Low
21,Female,6.3,11.1,35,3.0,10.1,1,Sad,79.0,Low
45,Male,6.5,4.6,91,1.7,4.6,4,Stressed,75.7,Low
37,Male,4.9,2.2,83,2.9,10.0,1,Neutral,91.69999999999999,Low
41,Male,7.3,5.7,60,1.8,6.1,1,Sad,90.8,Low
49,Female,6.8,9.6,81,3.8,4.7,5,Stressed,73.4,Medium
58,Male,5.0,6.0,41,1.3,3.7,2,Sad,52.1,Medium
53,Male,5.7,3.9,95,4.8,11.1,4,Happy,98.4,Low
51,Male,7.0,1.3,32,1.8,6.3,8,Happy,63.40000000000001,Medium
53,Female,8.6,4.4,73,3.6,10.7,6,Sad,100.0,Low
19,Female,8.6,8.8,8,4.7,3.6,2,Happy,92.7,Low
32,Female,5.4,2.6,118,2.0,9.7,3,Neutral,89.79999999999998,Low
51,Male,7.7,4.7,24,4.7,3.1,2,Happy,94.1,Low
53,Male,7.9,1.2,12,2.6,2.2,4,Neutral,80.4,Low
23,Male,8.0,8.9,46,4.8,12.0,5,Stressed,99.4,Low
56,Male,6.9,10.7,113,4.9,2.7,9,Neutral,64.1,Medium
59,Female,4.1,7.3,44,1.8,6.6,7,Stressed,29.399999999999995,High
29,Male,7.8,1.3,4,4.3,10.8,8,Happy,87.30000000000001,Low
20,Female,4.5,3.4,30,1.8,10.2,7,Stressed,45.6,High
35,Male,4.6,5.8,30,1.9,6.7,10,Happy,23.299999999999997,High
57,Female,7.0,7.5,97,1.3,8.1,8,Stressed,65.10000000000001,Medium
38,Male,8.9,6.5,89,1.6,8.3,5,Neutral,98.4,Low
32,Male,5.2,11.1,70,3.5,3.1,3,Sad,55.5,Medium
50,Female,7.2,11.3,40,2.8,4.8,7,Sad,53.00000000000001,Medium
52,Female,5.5,2.2,114,4.2,5.0,1,Sad,100.0,Low
43,Male,8.5,2.5,45,2.3,5.8,3,Stressed,100.0,Low
25,Male,7.0,4.9,112,4.9,4.7,7,Sad,88.50000000000001,Low
53,Male,5.0,5.6,51,1.2,4.5,4,Happy,48.0,High
47,Female,5.3,7.4,83,1.3,5.5,7,Happy,44.3,High
40,Male,6.2,9.5,106,3.8,5.8,10,Neutral,54.800000000000004,Medium
59,Female,4.6,2.5,85,4.6,6.9,10,Stressed,54.8,Medium
31,Male,4.4,9.8,4,4.2,3.7,6,Neutral,29.599999999999994,High
31,Male,7.4,7.7,11,3.0,9.9,4,Sad,79.6,Low
19,Male,6.0,11.8,20,2.1,10.6,7,Stressed,44.099999999999994,High
54,Male,7.6,8.2,8,1.1,4.5,8,Neutral,43.69999999999999,High
22,Female,4.6,8.9,92,3.0,3.2,8,Happy,36.00000000000001,High
55,Female,7.0,3.1,90,2.9,9.2,7,Sad,86.69999999999999,Low
58,Male,6.2,9.5,16,2.4,11.2,2,Sad,72.6,Medium
31,Male,4.3,1.9,103,3.3,2.4,8,Sad,49.099999999999994,High
56,Male,6.7,8.2,23,3.9,2.1,5,Neutral,58.89999999999999,Medium
42,Female,4.4,1.6,26,3.8,3.8,9,Sad,36.6,High
37,Male,8.1,2.3,7,2.1,8.8,6,Happy,81.9,Low
19,Female,7.2,2.2,43,3.3,11.6,4,Sad,99.89999999999999,Low
56,Female,6.8,1.6,61,1.6,9.5,9,Neutral,68.0,Medium
23,Female,4.7,4.5,28,1.5,7.7,1,Neutral,62.5,Medium
34,Female,5.4,11.9,82,4.1,9.0,4,Sad,69.10000000000001,Medium
42,Male,6.5,4.8,73,3.8,4.3,5,Sad,77.6,Low
45,Male,7.2,9.4,23,4.1,8.9,4,Neutral,80.1,Low
19,Female,4.9,2.5,33,1.6,5.2,9,Happy,33.0,High
52,Male,4.0,6.0,119,4.7,4.2,1,Happy,79.7,Low
54,Male,5.7,3.0,59,1.5,4.4,3,Sad,67.1,Medium
22,Male,6.4,3.1,103,4.5,8.7,9,Sad,82.29999999999998,Low
18,Female,4.9,2.1,30,2.4,9.7,7,Sad,54.199999999999996,Medium
57,Male,6.5,5.8,109,1.4,7.8,5,Neutral,77.8,Low
29,Male,5.7,1.8,114,2.1,2.6,6,Stressed,67.9,Medium
53,Male,6.3,11.0,3,1.7,2.4,4,Stressed,38.89999999999999,High
40,Male,5.7,5.9,104,3.0,4.2,5,Neutral,69.4,Medium
48,Male,7.1,10.2,108,4.8,4.9,8,Sad,73.99999999999999,Medium
28,Male,4.2,11.8,94,2.3,6.0,5,Stressed,40.699999999999996,High
27,Male,4.9,8.5,8,3.4,2.8,10,Neutral,16.199999999999996,High
20,Male,6.2,10.9,89,4.6,9.3,2,Neutral,91.6,Low
31,Male,5.8,2.5,76,3.5,9.1,8,Happy,71.9,Medium
33,Male,6.0,10.1,120,2.4,5.5,3,Neutral,74.8,Medium
27,Female,8.0,4.0,111,5.0,7.6,5,Sad,100.0,Low
46,Male,8.4,6.2,89,1.7,3.0,6,Happy,79.89999999999999,Low
27,Female,5.2,8.1,53,3.1,6.2,1,Stressed,70.3,Medium
29,Male,8.2,10.9,0,4.2,10.6,3,Neutral,90.4,Low
47,Female,6.3,11.0,103,1.0,8.6,1,Happy,79.8,Low
58,Female,5.4,2.0,60,3.8,3.0,7,Neutral,59.0,Medium
18,Male,8.9,5.0,72,2.1,10.5,2,Neutral,100.0,Low
22,Female,8.1,9.7,30,1.7,8.8,10,Happy,53.699999999999996,Medium
37,Female,9.0,8.7,87,2.1,6.5,7,Stressed,85.5,Low
25,Female,4.8,1.3,44,4.9,8.9,3,Neutral,84.5,Low
29,Male,4.7,5.9,112,4.6,3.7,3,Sad,76.00000000000001,Low
18,Female,6.5,10.1,59,1.9,7.5,1,Stressed,77.1,Low
37,Female,7.2,9.1,85,1.5,8.2,7,Stressed,66.69999999999999,Medium
45,Male,4.9,5.5,120,2.5,11.3,8,Neutral,65.1,Medium
54,Female,8.3,9.1,72,3.4,2.7,4,Stressed,85.60000000000001,Low
54,Female,6.7,7.1,102,4.5,5.7,9,Happy,71.10000000000001,Medium
29,Female,6.1,11.0,86,4.9,11.4,4,Happy,87.5,Low
54,Male,7.0,7.5,83,4.0,4.2,10,Stressed,59.99999999999999,Medium
45,Female,7.2,5.4,118,3.4,10.1,5,Neutral,100.0,Low
32,Male,4.2,10.5,41,1.6,2.0,6,Sad,17.200000000000003,High
23,Female,9.0,1.5,84,1.3,2.3,9,Neutral,78.89999999999999,Low
37,Female,5.8,10.9,26,3.4,5.3,9,Neutral,33.00000000000001,High
31,Female,4.3,8.7,57,3.2,9.7,8,Neutral,40.400000000000006,High
19,Female,8.3,11.3,68,4.4,3.0,10,Stressed,62.0,Medium
26,Male,9.0,3.8,80,2.3,5.8,2,Stressed,100.0,Low
54,Female,8.1,8.6,97,1.2,3.3,10,Neutral,55.800000000000004,Medium
37,Male,8.3,9.9,72,2.7,4.2,10,Sad,59.50000000000001,Medium
43,Female,7.1,8.7,33,4.9,7.0,1,Neutral,94.69999999999999,Low
46,Male,8.6,3.3,9,4.2,5.2,2,Sad,100.0,Low
18,Female,4.2,4.0,107,1.1,4.1,6,Neutral,45.10000000000001,High
52,Female,7.8,7.2,65,4.5,5.9,7,Sad,82.89999999999999,Low
23,Male,7.4,5.9,110,2.9,9.0,6,Neutral,92.7,Low
54,Male,4.2,9.1,24,2.5,3.2,1,Happy,43.49999999999999,High
22,Male,6.7,5.2,2,2.4,6.8,1,Stressed,78.6,Low
50,Male,6.6,10.5,33,3.4,4.7,1,Neutral,74.0,Medium
31,Female,7.5,5.8,70,3.1,5.8,1,Stressed,100.0,Low
29,Male,4.4,1.4,27,3.6,10.2,10,Neutral,45.00000000000001,High
59,Male,8.0,1.2,8,3.3,11.3,10,Stressed,78.29999999999998,Low
37,Male,4.7,8.1,10,1.6,4.4,1,Happy,45.599999999999994,High
41,Female,6.1,6.9,92,2.0,8.3,2,Stressed,84.20000000000002,Low
51,Female,8.4,7.0,117,4.4,8.8,2,Happy,100.0,Low
42,Female,6.8,9.7,79,3.7,10.4,4,Stressed,87.7,Low
46,Female,5.9,5.1,38,2.8,11.0,3,Neutral,80.39999999999999,Low
56,Male,4.2,11.9,92,1.7,6.7,4,Sad,42.50000000000001,High
48,Female,7.4,11.4,12,1.0,11.8,5,Stressed,62.20000000000001,Medium
40,Male,8.9,1.1,98,2.2,11.7,4,Happy,100.0,Low
55,Female,8.6,10.9,10,1.2,7.1,3,Happy,74.4,Medium
37,Male,7.6,8.5,34,2.9,7.4,3,Stressed,83.1,Low
40,Male,4.5,6.5,110,4.3,8.7,4,Happy,76.9,Low
33,Male,5.2,7.4,7,2.1,5.7,6,Happy,36.49999999999999,High
59,Male,4.9,10.3,6,4.4,8.6,7,Happy,40.8,High
25,Male,5.8,11.5,68,3.8,7.1,4,Happy,65.8,Medium
38,Female,5.2,7.2,69,1.5,2.4,8,Stressed,31.7,High
18,Male,5.2,3.0,56,3.6,10.5,6,Neutral,72.2,Medium
25,Male,7.1,8.0,114,1.6,11.4,5,Neutral,88.6,Low
46,Male,5.6,1.8,34,3.6,2.3,8,Happy,49.800000000000004,High
49,Male,7.4,8.0,93,1.6,9.9,6,Sad,80.39999999999999,Low
55,Female,8.7,9.9,10,2.6,5.9,1,Stressed,90.0,Low
22,Female,7.2,4.9,37,3.3,7.9,1,Stressed,97.9,Low
39,Male,7.8,1.8,90,1.2,7.0,10,Sad,72.4,Medium
51,Male,7.8,8.6,119,1.6,7.5,10,Stressed,67.6,Medium
18,Male,5.7,4.7,84,2.3,7.0,6,Sad,65.89999999999999,Medium
43,Male,4.1,3.7,77,2.8,10.5,8,Neutral,52.00000000000001,Medium
27,Female,4.3,8.6,48,4.4,8.8,9,Neutral,38.99999999999999,High
47,Female,5.4,11.7,34,1.7,6.1,4,Neutral,42.099999999999994,High
35,Male,7.4,9.2,28,2.4,8.9,7,Neutral,62.999999999999986,Medium
34,Male,8.5,6.4,87,2.9,11.7,9,Happy,91.5,Low
43,Male,8.8,7.6,99,2.2,2.8,8,Happy,77.19999999999999,Low
25,Male,4.1,2.6,40,3.5,5.9,8,Stressed,41.099999999999994,High
57,Male,9.0,9.9,108,2.0,10.7,1,Sad,100.0,Low
29,Female,5.6,7.6,95,4.1,9.4,10,Sad,59.099999999999994,Medium
44,Female,8.2,11.6,5,3.0,11.3,6,Happy,73.4,Medium
25,Male,4.9,11.8,9,1.3,2.4,9,Sad,2.4999999999999956,High
42,Female,4.3,4.9,83,3.5,10.6,8,Neutral,56.5,Medium
21,Female,5.9,11.9,83,3.3,9.9,2,Sad,80.1,Low
50,Female,8.3,11.5,89,2.4,10.2,5,Neutral,90.19999999999999,Low
18,Male,5.1,8.0,84,1.0,8.0,4,Stressed,56.8,Medium
36,Female,4.8,4.7,108,1.8,2.5,8,Sad,42.19999999999999,High
48,Female,8.5,9.3,22,2.6,7.4,9,Neutral,62.60000000000001,Medium
33,Male,8.7,4.0,45,1.8,6.1,3,Stressed,97.2,Low
31,Female,4.1,7.9,11,3.3,7.3,9,Stressed,22.500000000000007,High
22,Male,7.6,1.3,54,3.8,9.4,1,Stressed,100.0,Low
58,Female,5.5,7.9,12,4.4,8.0,7,Sad,51.60000000000001,Medium
43,Male,5.9,11.5,73,3.6,4.9,8,Neutral,46.39999999999999,High
45,Male,6.3,3.6,6,3.8,8.0,6,Happy,68.0,Medium
19,Female,6.1,9.6,100,3.4,2.8,4,Happy,68.39999999999999,Medium
23,Female,6.6,4.2,11,4.9,2.1,4,Neutral,72.5,Medium
26,Male,6.9,8.8,60,2.0,6.0,7,Stressed,57.400000000000006,Medium
50,Male,6.3,8.7,24,2.1,9.6,10,Happy,40.099999999999994,High
58,Female,7.5,3.0,1,1.5,10.2,6,Sad,73.1,Medium
42,Female,7.6,7.6,103,2.9,7.5,4,Stressed,94.89999999999999,Low
30,Female,6.2,10.5,25,1.4,10.7,5,Happy,54.4,Medium
26,Female,4.7,5.2,103,2.1,3.3,10,Neutral,34.29999999999999,High
30,Male,7.2,8.8,50,2.9,11.6,4,Happy,86.10000000000001,Low
48,Male,7.9,8.4,68,4.8,11.2,1,Sad,100.0,Low
58,Male,7.2,3.8,61,4.9,8.0,4,Neutral,100.0,Low
28,Female,6.9,11.1,71,4.0,2.6,6,Happy,62.2,Medium
21,Female,5.1,7.2,105,2.6,6.5,2,Happy,75.6,Low
51,Male,7.2,4.9,108,4.5,3.8,7,Happy,85.89999999999999,Low
55,Male,5.7,2.8,72,4.5,8.3,9,Stressed,68.9,Medium
21,Male,8.6,6.2,38,4.6,3.9,10,Stressed,71.99999999999999,Medium
55,Male,7.3,9.0,83,3.6,6.8,2,Sad,95.19999999999999,Low
36,Male,5.4,7.9,115,1.8,4.1,7,Happy,50.400000000000006,Medium
23,Male,6.4,9.0,114,1.4,3.8,2,Sad,75.39999999999999,Low
51,Female,8.2,9.7,10,4.7,4.5,9,Neutral,61.099999999999994,Medium
35,Male,5.7,5.9,103,1.2,2.3,1,Sad,72.39999999999999,Medium
30,Male,6.6,6.7,63,2.2,9.2,4,Stressed,78.6,Low
58,Male,7.4,11.9,85,2.9,5.1,2,Happy,83.9,Low
40,Male,7.8,11.6,79,1.1,9.0,1,Stressed,90.1,Low
36,Male,4.9,5.6,105,4.6,8.5,2,Neutral,90.8,Low
28,Male,6.8,8.5,101,2.1,2.7,10,Stressed,47.1,High
18,Male,8.6,3.9,41,1.1,5.1,6,Happy,78.10000000000001,Low
41,Female,8.8,2.7,9,5.0,7.7,5,Stressed,100.0,Low
24,Male,7.3,9.5,88,2.2,11.2,1,Happy,100.0,Low
42,Female,8.9,5.8,18,4.5,6.0,3,Sad,100.0,Low
38,Female,6.9,2.9,3,2.8,7.0,10,Happy,51.8,Medium
32,Female,6.2,9.3,82,3.7,9.5,6,Sad,73.30000000000001,Medium
18,Male,6.8,11.1,2,2.0,10.0,5,Neutral,56.2,Medium
29,Male,4.6,11.3,80,3.0,11.2,6,Neutral,52.8,Medium
24,Male,6.0,7.6,13,2.0,7.0,8,Stressed,39.39999999999999,High
32,Male,6.3,6.3,9,4.8,3.9,6,Neutral,60.0,Medium
38,Male,8.2,2.6,5,1.2,9.6,5,Happy,83.0,Low
36,Male,7.8,9.7,30,2.1,3.3,4,Stressed,65.69999999999999,Medium
46,Male,7.0,11.4,30,4.6,6.2,5,Stressed,68.60000000000001,Medium
42,Male,5.7,10.8,47,2.9,8.3,9,Sad,39.900000000000006,High
50,Male,4.9,9.3,8,3.4,8.9,10,Happy,26.799999999999994,High
49,Male,5.7,1.1,116,3.6,9.3,6,Happy,90.6,Low
52,Female,7.4,5.5,75,1.3,3.9,5,Sad,72.3,Medium
55,Male,5.3,5.5,107,1.1,11.8,8,Happy,60.50000000000001,Medium
43,Male,6.1,10.8,109,4.8,3.8,5,Neutral,72.79999999999998,Medium
28,Male,5.9,1.7,25,2.1,3.0,5,Sad,57.099999999999994,Medium
52,Female,7.8,6.8,1,2.5,8.6,8,Neutral,62.30000000000001,Medium
25,Male,8.4,2.5,105,3.7,11.1,9,Happy,100.0,Low
31,Male,7.5,8.3,3,1.9,7.6,8,Stressed,51.7,Medium
27,Female,5.7,9.7,95,3.9,8.0,9,Happy,56.099999999999994,Medium
19,Male,6.2,8.1,91,2.8,7.4,9,Neutral,56.8,Medium
26,Female,4.7,9.7,5,4.4,2.4,8,Stressed,23.400000000000002,High
20,Female,4.8,7.7,29,2.1,8.8,7,Happy,38.5,High
38,Female,4.8,3.1,54,1.8,5.6,7,Happy,44.8,High
43,Female,4.7,5.2,27,4.3,11.4,1,Stressed,82.30000000000001,Low
25,Male,4.9,11.5,60,2.3,3.9,7,Sad,29.3,High
19,Female,5.0,4.2,76,2.6,5.0,10,Sad,39.8,High
23,Female,4.6,1.7,54,4.2,7.0,6,Neutral,64.39999999999999,Medium
45,Male,7.2,5.2,109,3.5,6.8,1,Stressed,100.0,Low
46,Male,9.0,5.0,35,2.8,6.0,10,Happy,73.0,Medium
43,Male,8.4,6.2,73,2.0,5.1,10,Neutral,66.39999999999999,Medium
42,Female,4.2,7.2,73,4.1,3.5,8,Stressed,37.699999999999996,High
29,Male,6.1,11.9,4,1.7,10.2,9,Happy,30.9,High
22,Female,8.3,9.3,28,4.7,6.5,2,Sad,98.5,Low
51,Female,4.7,1.4,99,1.6,7.7,4,Sad,71.4,Medium
54,Male,8.2,8.8,11,4.2,7.5,7,Happy,74.6,Medium
32,Male,7.0,10.1,21,2.7,7.8,1,Sad,79.1,Low
53,Male,8.7,10.9,58,1.7,9.0,8,Sad,71.3,Medium
32,Male,8.4,5.7,109,2.6,8.3,9,Happy,88.0,Low
40,Male,7.4,4.4,38,1.9,4.7,8,Sad,59.699999999999996,Medium
23,Male,7.3,10.2,1,1.5,7.5,2,Happy,67.30000000000001,Medium
38,Female,5.1,9.6,13,2.0,4.4,8,Stressed,21.200000000000006,High
40,Female,4.6,6.9,9,4.5,7.9,8,Neutral,40.3,High
33,Male,6.1,2.3,47,1.4,6.3,2,Stressed,77.4,Low
32,Female,4.9,8.2,63,4.9,2.4,9,Happy,38.499999999999986,High
42,Female,4.5,1.7,2,1.0,9.3,1,Neutral,61.6,Medium
53,Female,5.5,2.1,71,3.6,4.7,7,Stressed,64.4,Medium
28,Female,8.3,4.6,118,4.4,11.2,2,Happy,100.0,Low
32,Female,4.1,5.1,59,4.7,4.8,8,Happy,43.699999999999996,High
21,Female,5.5,6.1,80,1.6,12.0,8,Stressed,58.8,Medium
38,Male,6.1,4.7,67,3.8,6.6,4,Happy,81.2,Low
30,Male,6.6,1.4,20,1.4,2.3,8,Happy,46.800000000000004,High
39,Male,4.9,2.7,93,2.4,2.8,5,Stressed,59.79999999999999,Medium
36,Female,8.8,2.3,18,3.9,2.8,9,Happy,76.1,Low
51,Male,6.9,5.7,78,2.4,2.6,1,Stressed,86.39999999999999,Low
31,Male,6.6,3.3,19,2.3,4.7,5,Neutral,64.10000000000001,Medium
21,Male,4.0,4.2,57,1.5,5.2,9,Sad,24.9,High
44,Female,6.4,6.2,41,1.3,3.1,6,Happy,48.5,High
46,Male,8.2,3.6,93,1.5,6.4,4,Neutral,97.69999999999999,Low
45,Female,5.1,3.7,9,4.5,5.7,1,Neutral,75.3,Low
52,Male,5.8,10.2,22,1.0,8.4,10,Happy,23.800000000000008,High
25,Male,4.1,7.0,87,3.8,4.0,6,Stressed,47.400000000000006,High
33,Male,8.9,10.4,11,4.1,11.1,7,Happy,85.10000000000001,Low
59,Female,4.3,6.7,8,3.3,7.2,7,Stressed,34.1,High
53,Female,8.5,11.0,78,3.9,8.2,9,Happy,78.5,Low
47,Female,5.6,3.8,28,3.6,2.4,4,Neutral,60.8,Medium
35,Female,6.9,7.8,81,2.8,7.6,4,Happy,82.80000000000001,Low
19,Female,7.4,6.5,19,2.5,5.7,5,Happy,68.7,Medium
30,Male,4.7,11.1,64,4.8,11.2,9,Sad,47.99999999999999,High
21,Male,6.2,5.6,2,4.9,10.9,2,Neutral,89.5,Low
43,Female,5.6,10.4,7,3.6,8.4,4,Happy,55.400000000000006,Medium
42,Female,4.3,7.2,38,1.8,9.7,9,Neutral,28.6,High
47,Male,8.2,8.8,63,2.8,8.4,6,Stressed,83.8,Low
28,Female,4.2,10.8,30,3.0,2.2,6,Happy,21.799999999999997,High
24,Male,7.3,12.0,110,4.0,9.0,7,Happy,81.0,Low
48,Female,5.6,9.0,71,3.7,3.8,5,Neutral,58.300000000000004,Medium
27,Male,5.0,4.5,78,3.1,8.8,4,Neutral,73.69999999999999,Medium
56,Female,7.3,4.3,21,3.7,2.1,3,Neutral,79.30000000000001,Low
30,Female,6.9,4.4,95,1.1,5.1,2,Neutral,86.9,Low
48,Male,5.6,2.1,4,4.1,7.2,7,Sad,59.49999999999999,Medium
24,Male,6.6,1.6,107,1.8,5.3,5,Neutral,83.8,Low
59,Female,5.2,7.4,107,3.6,8.9,1,Happy,90.4,Low
59,Female,8.3,9.9,57,1.5,7.2,4,Happy,80.50000000000001,Low
53,Male,5.6,1.4,72,1.5,11.6,9,Stressed,62.30000000000001,Medium
37,Female,5.2,7.2,116,1.1,5.6,8,Neutral,45.5,High
21,Male,7.8,5.1,104,4.6,9.2,7,Neutral,100.0,Low
24,Male,4.1,10.8,78,3.4,10.4,5,Neutral,52.8,Medium
18,Female,5.3,2.6,110,2.4,4.5,1,Neutral,86.8,Low
59,Male,5.9,7.2,62,4.2,9.5,5,Neutral,77.0,Low
30,Male,8.4,11.7,60,3.5,5.9,8,Happy,69.89999999999999,Medium
39,Female,8.8,4.8,51,3.5,3.3,4,Sad,96.7,Low
38,Male,7.6,9.2,107,2.9,2.0,5,Stressed,77.5,Low
39,Male,6.5,10.7,100,1.0,9.4,8,Neutral,55.39999999999999,Medium
45,Male,7.2,3.0,32,2.0,3.9,5,Neutral,70.2,Medium
26,Male,6.1,11.9,21,1.4,2.5,4,Neutral,37.400000000000006,High
43,Female,5.5,9.9,50,3.6,7.0,4,Neutral,61.2,Medium
26,Male,8.8,2.5,10,2.0,5.5,6,Sad,82.0,Low
32,Female,4.6,4.4,57,2.8,8.9,10,Sad,40.400000000000006,High
27,Male,5.7,7.9,49,2.4,3.1,1,Happy,65.2,Medium
41,Female,8.5,10.7,69,1.6,3.3,4,Stressed,76.0,Low
59,Male,7.6,3.1,16,4.8,6.0,1,Neutral,100.0,Low
25,Female,4.1,9.0,45,4.7,7.2,6,Neutral,45.9,High
41,Male,4.1,4.0,43,1.3,10.2,8,Happy,36.5,High
33,Male,6.6,9.9,56,4.3,7.9,4,Stressed,78.7,Low
43,Male,6.4,8.5,4,3.0,11.0,8,Stressed,52.8,Medium
44,Male,6.2,6.8,38,4.1,4.2,2,Happy,76.9,Low
54,Female,5.5,8.1,57,1.6,8.0,5,Neutral,54.2,Medium
21,Female,8.9,10.6,111,1.5,8.6,3,Sad,100.0,Low
41,Male,5.4,5.3,120,4.6,9.3,7,Happy,81.0,Low
36,Female,6.5,9.5,8,4.6,11.9,9,Neutral,58.39999999999999,Medium
53,Male,6.0,2.7,92,2.9,6.7,1,Neutral,96.9,Low
56,Male,4.9,8.7,22,4.5,5.7,8,Neutral,37.900000000000006,High
27,Female,5.0,9.3,46,3.7,10.5,4,Happy,64.1,Medium
42,Female,8.6,5.9,35,1.7,3.8,10,Happy,57.300000000000004,Medium
35,Female,8.3,9.7,30,2.3,2.4,5,Happy,65.89999999999999,Medium
36,Male,5.0,7.1,83,1.5,6.4,1,Neutral,68.69999999999999,Medium
53,Male,8.4,11.3,22,4.1,4.5,5,Happy,75.30000000000001,Low
27,Female,5.0,2.2,55,4.9,6.0,9,Neutral,57.099999999999994,Medium
50,Male,7.1,2.4,70,3.2,11.9,8,Sad,88.0,Low
22,Female,4.4,10.3,45,3.6,5.5,8,Sad,29.4,High
52,Female,8.4,10.3,57,4.0,9.1,6,Sad,89.00000000000001,Low
51,Female,4.3,6.2,35,1.9,4.5,9,Stressed,20.1,High
50,Female,6.8,11.6,67,2.3,5.0,4,Stressed,63.7,Medium
38,Female,7.9,8.5,87,2.6,4.4,6,Happy,77.2,Low
34,Female,4.6,11.8,59,3.4,7.7,3,Stressed,54.599999999999994,Medium
39,Male,6.0,6.9,13,4.4,4.3,2,Neutral,71.39999999999999,Medium
54,Male,4.2,3.2,24,2.0,9.2,9,Stressed,32.8,High
32,Female,7.4,5.9,70,2.9,8.8,5,Happy,88.30000000000001,Low
52,Female,5.5,11.8,78,4.0,6.2,2,Sad,71.4,Medium
45,Female,6.8,5.1,43,1.3,2.3,5,Neutral,57.49999999999999,Medium
24,Male,8.7,11.5,45,3.1,2.2,6,Sad,68.9,Medium
49,Female,5.5,9.8,12,1.6,7.3,8,Neutral,28.400000000000006,High
28,Female,4.2,5.9,61,3.2,10.4,5,Happy,59.2,Medium
27,Female,7.4,7.0,18,4.1,8.0,2,Neutral,92.1,Low
26,Male,7.9,7.7,11,1.9,6.4,7,Stressed,60.099999999999994,Medium
31,Female,8.8,8.3,111,4.4,10.8,5,Sad,100.0,Low
30,Male,4.8,1.8,89,2.3,4.0,2,Neutral,73.7,Medium
42,Male,6.0,11.3,47,1.8,5.6,6,Stressed,43.0,High
19,Female,8.2,7.6,32,2.9,7.7,7,Neutral,75.10000000000001,Low
52,Male,8.0,11.2,78,4.5,4.9,8,Stressed,73.49999999999999,Medium
24,Male,7.1,8.0,36,1.3,12.0,3,Stressed,80.7,Low
38,Male,5.3,5.7,5,2.3,6.5,4,Stressed,51.1,Medium
35,Female,5.4,7.2,88,3.6,2.5,6,Sad,56.19999999999999,Medium
20,Male,4.6,10.1,116,2.4,3.8,3,Sad,56.6,Medium
59,Female,8.6,4.6,80,1.3,7.3,6,Sad,89.89999999999999,Low
56,Female,4.9,11.5,42,2.3,7.5,9,Stressed,24.900000000000006,High
58,Female,6.9,6.1,99,4.3,11.8,5,Sad,100.0,Low
28,Male,6.9,11.5,49,4.9,8.0,2,Neutral,88.3,Low
56,Female,5.8,10.7,115,1.2,8.7,10,Stressed,42.99999999999999,High
41,Male,5.8,9.4,45,3.3,4.1,2,Neutral,64.9,Medium
36,Male,7.3,6.1,118,1.4,3.1,7,Sad,69.6,Medium
21,Male,5.9,7.5,72,3.7,8.0,4,Neutral,76.9,Low
43,Male,5.3,10.2,27,1.0,10.6,9,Sad,28.2,High
55,Female,6.0,7.0,98,1.1,7.9,9,Neutral,50.89999999999999,Medium
59,Female,8.0,9.1,66,4.1,6.4,6,Happy,84.3,Low
49,Male,8.8,9.7,10,1.3,7.8,10,Neutral,52.699999999999996,Medium
56,Female,7.2,6.6,19,2.2,6.7,5,Stressed,67.0,Medium
53,Female,7.9,6.9,86,4.8,3.4,7,Sad,85.2,Low
57,Female,6.7,3.2,117,4.9,9.4,5,Stressed,100.0,Low
54,Male,7.1,3.7,29,1.6,7.3,9,Happy,55.99999999999999,Medium
50,Female,8.9,11.0,100,3.2,6.0,9,Happy,79.0,Low
53,Male,6.2,10.2,35,3.2,7.6,7,Stressed,51.8,Medium
20,Female,4.3,1.1,107,2.8,4.4,4,Sad,69.0,Medium
26,Male,8.8,10.6,119,4.7,6.3,1,Sad,100.0,Low
25,Male,8.0,1.3,75,4.0,8.2,4,Neutral,100.0,Low
50,Male,6.0,6.0,99,4.1,4.3,3,Neutral,84.89999999999999,Low
23,Female,8.9,1.7,98,2.1,9.5,1,Happy,100.0,Low
58,Male,5.7,11.7,118,2.7,7.2,10,Stressed,45.09999999999999,High
56,Female,5.9,11.7,97,2.9,10.6,4,Neutral,74.7,Medium
21,Male,7.0,7.7,67,2.2,10.5,7,Neutral,72.0,Medium
30,Female,5.4,5.3,87,1.4,6.9,2,Neutral,73.60000000000001,Medium
19,Male,7.5,6.6,35,1.5,4.0,7,Happy,56.3,Medium
22,Female,4.8,9.4,57,1.7,9.4,6,Neutral,43.900000000000006,High
44,Male,4.5,3.5,27,1.8,6.2,9,Neutral,28.799999999999997,High
49,Male,6.7,5.9,38,2.0,7.9,2,Sad,80.6,Low
38,Male,6.8,9.1,65,2.0,3.1,6,Happy,55.0,Medium
25,Female,4.5,5.3,42,2.8,8.3,6,Sad,49.400000000000006,High
55,Male,8.8,1.4,4,3.0,5.7,6,Happy,88.4,Low
25,Male,6.9,6.6,91,2.2,5.3,3,Sad,83.6,Low
20,Male,4.8,9.1,12,4.6,11.8,6,Sad,54.800000000000004,Medium
20,Male,5.6,11.7,99,3.2,6.3,9,Sad,45.00000000000001,High
39,Female,8.0,1.4,8,4.1,8.8,3,Sad,100.0,Low
23,Male,6.6,6.9,102,4.7,8.3,2,Neutral,100.0,Low
19,Male,4.9,5.9,93,1.7,3.0,8,Stressed,38.3,High
40,Female,4.5,3.7,56,2.7,9.5,3,Neutral,69.30000000000001,Medium
19,Female,6.2,8.0,26,2.7,5.2,5,Neutral,55.1,Medium
55,Female,5.7,2.8,60,2.4,10.0,5,Sad,75.4,Low
34,Male,7.3,4.1,76,1.0,8.1,2,Happy,93.2,Low
52,Female,8.6,9.6,105,4.3,5.2,2,Happy,100.0,Low
51,Female,5.2,6.1,102,1.4,5.6,6,Stressed,54.400000000000006,Medium
40,Female,8.3,11.9,49,5.0,9.3,2,Sad,100.0,Low
47,Male,8.6,5.3,91,4.1,7.5,6,Sad,100.0,Low
25,Male,8.5,6.1,81,3.3,8.7,7,Stressed,94.9,Low
39,Male,8.8,4.3,33,1.6,3.6,4,Neutral,85.2,Low
53,Female,8.2,3.6,84,3.1,9.9,10,Sad,86.89999999999999,Low
22,Male,7.0,11.1,64,2.0,5.2,4,Stressed,65.0,Medium
30,Female,6.0,9.2,44,2.0,8.2,3,Neutral,64.8,Medium
46,Female,6.5,4.7,86,4.3,3.1,1,Neutral,96.5,Low
48,Female,8.4,8.7,33,2.5,5.2,4,Sad,80.1,Low
33,Male,5.5,11.6,99,2.8,8.5,3,Happy,70.6,Medium
59,Female,4.8,1.8,72,4.4,4.7,8,Stressed,58.20000000000001,Medium
47,Female,4.7,3.9,7,1.4,10.8,5,Happy,49.2,High
33,Male,8.1,3.2,113,3.4,8.6,7,Stressed,100.0,Low
29,Female,7.8,10.6,93,3.3,10.7,3,Sad,100.0,Low
34,Female,6.5,3.0,47,2.7,6.0,3,Neutral,81.9,Low
33,Female,5.4,4.4,35,4.3,2.3,6,Neutral,54.300000000000004,Medium
29,Male,7.4,7.0,99,4.8,7.8,10,Happy,79.39999999999999,Low
25,Female,4.2,7.8,81,2.9,5.4,4,Neutral,51.900000000000006,Medium
37,Male,6.8,9.9,65,2.8,6.5,8,Happy,56.2,Medium
20,Male,6.0,5.5,116,3.0,8.8,3,Sad,92.80000000000001,Low
33,Female,8.9,6.9,10,3.9,9.0,5,Stressed,94.7,Low
47,Female,6.5,11.6,51,3.7,2.3,1,Sad,71.1,Medium
40,Female,6.8,4.3,119,1.9,9.7,1,Neutral,100.0,Low
45,Female,7.6,3.7,35,1.3,6.9,8,Sad,63.89999999999999,Medium
57,Male,6.4,8.8,94,4.8,7.6,7,Sad,76.39999999999999,Low
22,Male,5.1,9.5,30,2.0,5.0,1,Neutral,54.0,Medium
37,Female,6.7,5.6,23,3.6,6.2,6,Neutral,66.8,Medium
57,Male,8.7,3.3,109,4.3,9.1,2,Happy,100.0,Low
18,Female,6.0,9.6,20,2.2,9.8,1,Stressed,71.4,Medium
47,Female,7.4,8.4,95,3.5,5.9,10,Sad,65.5,Medium
38,Female,8.9,10.6,112,1.4,8.9,5,Sad,95.0,Low
37,Female,8.1,10.3,29,4.9,4.6,5,Neutral,79.89999999999999,Low
23,Male,7.3,3.3,120,1.2,10.3,2,Stressed,100.0,Low
39,Male,7.7,10.2,71,2.8,8.1,5,Sad,81.00000000000001,Low
35,Female,8.7,2.9,96,3.1,9.8,7,Happy,100.0,Low
25,Female,8.8,10.5,114,4.2,6.8,4,Happy,100.0,Low
56,Male,8.8,9.5,63,1.5,4.3,2,Neutral,89.69999999999999,Low
49,Male,7.1,7.3,114,2.8,6.3,5,Sad,85.8,Low
50,Male,5.9,8.1,116,2.2,5.8,6,Happy,64.6,Medium
33,Female,4.7,2.1,38,2.2,5.3,8,Sad,39.99999999999999,High
29,Male,5.9,1.4,0,4.1,4.1,9,Neutral,48.900000000000006,High
55,Female,8.7,4.6,96,1.0,9.6,10,Neutral,81.2,Low
51,Female,8.4,10.0,41,4.0,2.9,8,Stressed,66.0,Medium
31,Male,6.6,6.1,76,4.2,10.9,7,Sad,83.8,Low
53,Female,6.7,3.5,85,4.6,3.8,9,Happy,71.6,Medium
50,Male,5.5,10.2,4,3.5,11.8,9,Neutral,40.5,High
40,Female,6.3,3.5,11,2.3,11.9,6,Sad,69.5,Medium
19,Female,7.6,10.0,28,2.7,6.0,3,Sad,75.1,Low
58,Female,6.0,6.0,2,4.9,11.9,8,Happy,64.7,Medium
38,Female,4.9,6.1,60,4.5,10.7,3,Neutral,80.69999999999999,Low
19,Female,6.7,4.0,50,2.9,2.8,1,Stressed,85.1,Low
44,Female,5.1,10.9,35,4.8,11.5,4,Sad,67.2,Medium
26,Male,8.9,2.0,110,4.3,2.4,9,Neutral,97.3,Low
18,Male,6.0,2.6,108,4.6,3.8,8,Stressed,74.99999999999999,Medium
28,Female,8.5,8.0,74,3.7,7.8,6,Neutral,93.89999999999999,Low
20,Male,5.1,10.4,89,4.4,2.8,3,Neutral,63.6,Medium
40,Female,4.9,2.0,1,4.6,3.6,3,Sad,63.400000000000006,Medium
43,Male,7.1,9.1,28,1.4,11.5,7,Sad,60.39999999999999,Medium
21,Male,7.9,9.2,40,4.9,11.9,5,Happy,96.89999999999999,Low
35,Female,6.8,7.4,28,2.3,10.0,3,Happy,78.3,Low
23,Male,5.1,6.4,107,2.8,7.2,1,Neutral,84.00000000000001,Low
52,Female,4.2,4.5,99,4.2,11.0,9,Sad,59.8,Medium
39,Male,7.1,4.9,63,3.7,3.1,5,Neutral,78.5,Low
32,Female,4.7,8.4,57,4.6,11.4,7,Sad,59.400000000000006,Medium
39,Male,5.7,1.7,82,2.6,5.5,10,Stressed,54.0,Medium
54,Female,7.4,7.4,9,2.5,10.6,9,Sad,58.7,Medium
59,Male,4.5,4.1,10,1.1,8.7,4,Neutral,45.699999999999996,High
29,Female,4.6,6.1,6,2.9,11.6,5,Happy,52.7,Medium
59,Male,4.3,7.1,76,3.9,10.6,3,Sad,72.7,Medium
55,Female,9.0,10.7,104,2.2,10.9,7,Neutral,94.2,Low
35,Male,5.9,7.4,107,2.9,8.3,1,Stressed,92.70000000000002,Low
52,Female,8.5,3.5,60,1.9,10.3,8,Happy,88.1,Low
47,Male,5.5,1.9,65,4.1,9.6,3,Happy,91.9,Low
41,Female,7.8,7.9,93,1.2,3.6,4,Stressed,78.0,Low
59,Female,5.1,7.0,85,3.8,8.5,10,Sad,50.0,Medium
47,Female,6.5,8.4,52,2.5,3.5,4,Stressed,62.10000000000001,Medium
31,Female,8.1,6.1,64,1.2,10.7,7,Neutral,81.0,Low
23,Male,8.1,10.1,26,4.4,2.7,7,Stressed,65.4,Medium
20,Male,8.0,11.1,6,3.0,11.9,4,Happy,81.8,Low
33,Male,8.1,1.4,64,3.4,6.0,6,Sad,96.0,Low
24,Female,5.1,9.2,57,3.9,3.7,8,Neutral,38.900000000000006,High
31,Female,6.4,1.4,24,3.6,11.4,10,Sad,66.8,Medium
26,Female,6.4,5.9,47,3.9,2.5,4,Stressed,70.10000000000001,Medium
32,Female,8.5,6.1,3,4.0,6.7,1,Stressed,100.0,Low
38,Female,5.5,8.7,93,3.4,9.7,7,Neutral,64.6,Medium
52,Male,8.7,4.9,7,2.5,5.2,2,Stressed,93.50000000000001,Low
19,Male,6.3,10.0,112,2.0,7.3,3,Sad,78.0,Low
44,Male,7.3,4.8,84,4.6,9.0,8,Stressed,89.2,Low
19,Female,5.3,4.8,114,4.9,11.5,2,Sad,100.0,Low
52,Female,6.1,3.5,67,2.4,3.0,2,Stressed,77.4,Low
35,Female,7.5,8.5,59,1.4,3.6,4,Neutral,68.0,Medium
31,Female,6.6,1.8,3,1.9,7.1,6,Sad,62.7,Medium
37,Female,8.7,5.0,7,3.7,6.2,10,Neutral,69.30000000000001,Medium
35,Female,7.7,3.9,105,1.7,6.1,2,Happy,100.0,Low
27,Female,6.8,3.5,89,4.1,5.0,9,Happy,73.3,Medium
42,Male,8.4,1.7,92,4.7,7.6,2,Stressed,100.0,Low
19,Male,7.3,3.1,15,4.9,10.8,9,Sad,79.9,Low
42,Female,7.2,5.9,18,1.0,3.6,7,Stressed,48.0,High
50,Female,5.2,6.5,0,4.8,4.2,3,Neutral,59.4,Medium
53,Female,6.0,4.0,100,4.0,8.7,9,Stressed,73.4,Medium
48,Male,7.4,8.2,33,1.3,2.6,9,Happy,39.89999999999999,High
31,Male,8.5,4.7,92,2.7,8.7,6,Neutral,100.0,Low
18,Female,5.6,5.0,90,3.8,5.1,2,Happy,85.2,Low
33,Male,5.1,9.6,111,4.8,5.6,7,Neutral,61.2,Medium
20,Male,7.0,7.1,44,1.7,6.1,4,Neutral,69.3,Medium
52,Male,4.3,11.5,62,1.5,5.5,4,Happy,34.9,High
58,Female,7.6,5.0,93,2.9,10.4,7,Stressed,91.89999999999999,Low
23,Male,7.5,10.1,5,4.9,11.5,5,Happy,83.3,Low
42,Male,5.8,9.1,35,4.9,7.5,1,Sad,82.3,Low
30,Female,8.5,10.8,120,1.9,7.8,3,Neutral,100.0,Low
51,Female,6.5,11.5,102,2.3,2.7,7,Sad,51.300000000000004,Medium
25,Male,7.2,1.1,65,4.6,9.1,9,Happy,88.0,Low
38,Female,5.0,2.0,118,3.9,7.8,9,Happy,68.69999999999999,Medium
51,Male,6.1,8.4,105,4.9,2.5,7,Stressed,66.7,Medium
21,Male,8.3,5.3,77,4.6,4.0,5,Neutral,98.80000000000001,Low
42,Female,5.1,10.0,7,1.9,4.0,4,Stressed,33.9,High
32,Female,6.0,1.1,66,4.0,3.7,9,Neutral,62.4,Medium
21,Male,5.6,9.9,98,1.2,8.6,6,Happy,55.0,Medium
29,Female,4.8,2.5,26,4.3,11.3,10,Sad,52.300000000000004,Medium
49,Female,5.4,4.2,33,3.4,9.6,2,Neutral,80.39999999999999,Low
49,Male,5.2,11.7,27,4.8,6.8,3,Neutral,59.60000000000001,Medium
45,Male,8.6,1.6,30,4.8,6.0,7,Sad,96.8,Low
30,Male,7.7,4.8,16,1.2,5.9,4,Happy,72.4,Medium
48,Male,5.6,1.9,82,1.6,8.0,7,Happy,64.60000000000001,Medium
31,Male,7.8,10.4,105,2.9,5.6,5,Happy,83.9,Low
37,Male,4.1,8.7,107,4.5,4.3,1,Stressed,72.1,Medium
35,Female,6.6,9.8,54,4.3,8.0,10,Happy,54.69999999999999,Medium
46,Female,5.3,6.8,74,4.9,5.9,3,Sad,78.5,Low
23,Male,4.6,4.9,8,3.5,2.1,9,Stressed,23.499999999999996,High
49,Female,8.4,1.0,93,2.0,2.2,4,Happy,99.0,Low
46,Female,5.0,4.1,56,1.1,4.7,5,Neutral,47.9,High
19,Male,8.1,6.7,44,1.9,7.1,2,Neutral,92.1,Low
40,Female,6.1,8.3,5,3.7,5.5,10,Neutral,34.9,High
36,Female,4.1,3.5,13,4.7,2.2,8,Sad,32.49999999999999,High
48,Male,7.7,2.5,30,2.3,4.2,1,Sad,93.9,Low
22,Female,7.0,3.2,53,4.5,3.0,4,Neutral,86.69999999999999,Low
36,Female,5.7,4.9,10,2.6,11.5,6,Stressed,61.2,Medium
51,Male,5.4,2.6,68,2.2,5.1,8,Happy,51.599999999999994,Medium
27,Female,4.4,2.7,94,3.0,2.1,4,Happy,60.599999999999994,Medium
42,Female,8.7,1.5,1,2.8,8.6,2,Happy,100.0,Low
19,Female,6.5,10.4,102,4.7,4.3,4,Happy,80.7,Low
28,Male,4.4,3.4,16,2.9,7.7,1,Neutral,66.30000000000001,Medium
48,Male,8.3,10.0,101,2.1,3.5,8,Happy,68.7,Medium
32,Female,5.4,5.8,109,4.4,11.8,9,Sad,73.80000000000001,Medium
26,Female,5.0,8.0,35,5.0,11.7,3,Happy,77.4,Low
40,Male,5.4,1.8,2,3.6,8.6,8,Stressed,54.000000000000014,Medium
36,Male,6.8,7.4,62,2.0,9.1,9,Happy,57.80000000000001,Medium
26,Female,4.4,4.2,42,2.0,6.3,8,Stressed,34.6,High
52,Male,6.4,2.0,92,1.2,11.6,2,Neutral,99.60000000000001,Low
38,Female,8.5,11.0,32,1.3,6.2,2,Stressed,80.30000000000001,Low
26,Female,4.9,7.6,77,4.7,4.4,10,Happy,41.5,High
45,Male,5.7,3.7,101,1.4,3.2,4,Stressed,67.2,Medium
24,Male,6.0,5.6,28,2.9,4.1,1,Neutral,73.1,Medium
33,Female,6.9,4.9,22,3.8,7.7,3,Neutral,86.00000000000001,Low
33,Female,8.6,8.7,58,4.4,4.5,4,Happy,95.19999999999999,Low
50,Male,6.0,7.7,80,1.7,8.5,2,Neutral,78.1,Low
21,Female,4.3,1.2,48,2.8,5.8,7,Stressed,47.79999999999999,High
21,Male,5.7,3.2,54,2.0,10.9,10,Sad,53.19999999999999,Medium
56,Male,5.0,6.3,74,2.0,7.6,3,Neutral,65.39999999999999,Medium
57,Male,7.3,5.9,27,2.2,8.2,7,Stressed,66.0,Medium
34,Male,4.1,6.7,117,3.3,7.6,7,Neutral,54.7,Medium
54,Male,5.5,8.9,70,1.1,10.9,9,Happy,42.5,High
56,Female,6.7,8.5,108,2.6,2.6,4,Happy,73.8,Medium
46,Male,5.4,5.1,103,1.7,2.7,4,Neutral,62.29999999999999,Medium
53,Male,6.8,10.7,71,4.9,9.0,1,Sad,99.30000000000001,Low
55,Male,4.6,1.7,104,3.3,9.7,6,Sad,75.29999999999998,Low
56,Male,8.7,7.4,92,4.5,6.3,6,Stressed,100.0,Low
54,Male,5.5,11.4,24,1.8,5.5,7,Stressed,29.0,High
52,Male,8.6,7.0,6,4.2,4.8,9,Neutral,67.8,Medium
24,Male,5.6,6.0,120,2.7,4.3,10,Stressed,50.1,Medium
44,Female,7.9,2.5,85,1.7,11.1,10,Neutral,81.7,Low
45,Female,5.2,9.9,72,4.0,5.0,10,Neutral,36.60000000000001,High
39,Female,7.3,5.1,74,4.0,8.5,9,Neutral,78.6,Low
31,Female,5.6,8.7,33,5.0,9.9,5,Happy,69.99999999999999,Medium
24,Male,6.5,3.2,90,4.1,2.2,2,Neutral,93.5,Low
54,Female,7.4,1.5,113,1.6,2.3,1,Neutral,100.0,Low
39,Male,6.9,4.4,21,2.3,5.3,2,Sad,78.5,Low
22,Female,6.9,4.1,66,2.8,9.0,2,Stressed,98.0,Low
19,Female,4.3,10.6,49,1.5,4.6,1,Neutral,44.3,High
44,Male,5.2,10.5,47,4.2,2.0,8,Neutral,33.400000000000006,High
38,Male,6.9,6.9,103,3.1,4.9,3,Neutral,89.1,Low
55,Female,4.1,1.2,118,4.8,2.9,10,Neutral,51.999999999999986,Medium
32,Female,5.3,3.5,71,3.4,4.2,10,Neutral,45.6,High
38,Female,5.1,8.0,69,3.1,5.3,8,Sad,42.9,High
27,Female,5.2,2.1,56,1.3,3.3,6,Happy,48.1,High
40,Male,6.7,8.7,24,1.6,9.1,1,Happy,76.6,Low
56,Female,6.9,1.1,65,4.4,4.6,7,Sad,83.0,Low
22,Female,8.5,8.5,15,5.0,8.6,3,Neutral,100.0,Low
18,Female,5.9,10.3,57,2.7,8.0,9,Sad,43.300000000000004,High
30,Female,8.6,6.2,116,4.2,11.0,9,Neutral,100.0,Low
38,Female,7.3,10.1,40,3.5,2.9,4,Stressed,68.1,Medium
43,Male,8.6,9.6,50,4.8,4.1,2,Happy,100.0,Low
38,Male,8.2,8.4,20,2.0,10.7,10,Happy,60.6,Medium
35,Male,7.4,5.9,78,3.2,10.2,9,Stressed,78.19999999999999,Low
54,Male,5.8,4.0,55,2.6,3.9,5,Stressed,61.8,Medium
49,Male,5.2,10.5,97,3.2,3.1,8,Happy,40.60000000000001,High
53,Female,5.1,8.1,46,2.1,10.6,9,Stressed,39.7,High
34,Male,8.8,9.8,117,3.0,3.8,1,Stressed,100.0,Low
52,Male,8.8,7.1,42,3.5,10.7,3,Neutral,100.0,Low
28,Female,7.6,2.9,83,1.3,11.6,7,Stressed,88.5,Low
38,Male,8.4,11.8,107,4.0,4.2,2,Neutral,100.0,Low
43,Male,8.6,3.0,30,3.8,10.4,4,Stressed,100.0,Low
21,Male,6.6,11.0,14,4.5,6.2,4,Sad,65.7,Medium
51,Male,7.1,3.3,47,2.7,9.9,7,Neutral,79.10000000000001,Low
35,Female,6.1,5.1,61,1.2,6.1,2,Neutral,73.2,Medium
57,Female,6.1,5.8,91,2.8,2.7,8,Happy,55.00000000000001,Medium
52,Male,4.2,11.1,69,1.6,9.1,8,Stressed,27.799999999999994,High
58,Female,6.2,10.8,2,3.6,3.5,6,Neutral,41.800000000000004,High
46,Male,7.4,10.1,37,1.2,11.3,4,Sad,73.80000000000001,Medium
46,Female,6.1,5.1,86,2.5,6.2,2,Sad,84.9,Low
55,Female,8.4,1.0,57,1.3,2.8,3,Happy,93.5,Low
59,Female,5.7,8.5,66,1.0,4.3,3,Stressed,54.800000000000004,Medium
38,Female,4.7,5.5,116,4.8,10.6,3,Neutral,92.4,Low
59,Female,8.1,9.3,44,5.0,5.2,4,Happy,90.6,Low
30,Female,7.4,9.7,43,3.2,10.6,7,Stressed,72.39999999999999,Medium
58,Female,5.2,5.8,7,2.0,3.7,9,Stressed,23.199999999999996,High
34,Female,6.7,9.2,65,4.6,6.7,10,Happy,57.99999999999999,Medium
26,Female,6.0,10.2,70,4.7,10.8,4,Sad,82.69999999999999,Low
58,Female,8.7,11.2,60,4.4,2.5,7,Happy,75.6,Low
18,Female,7.0,7.4,16,3.2,5.0,10,Happy,44.400000000000006,High
19,Male,4.8,9.6,70,1.3,11.1,6,Sad,47.5,High
46,Female,6.5,6.4,96,1.4,8.0,10,Happy,54.400000000000006,Medium
50,Male,8.3,1.5,35,4.6,9.2,9,Happy,92.4,Low
27,Female,7.4,2.7,110,4.5,10.4,8,Neutral,100.0,Low
57,Male,8.2,2.4,67,2.7,7.2,2,Neutral,100.0,Low
38,Male,5.3,2.9,107,2.3,10.5,3,Neutral,89.10000000000001,Low
45,Male,8.4,1.1,79,3.6,8.4,6,Neutral,100.0,Low
28,Female,7.8,10.4,20,4.2,8.9,5,Sad,80.0,Low
51,Female,7.6,7.2,81,3.9,3.5,2,Sad,96.3,Low
25,Female,5.7,5.2,45,3.5,11.4,2,Neutral,87.89999999999999,Low
39,Female,8.4,5.5,45,1.9,10.0,5,Happy,91.5,Low
25,Male,7.2,6.1,91,2.1,4.5,5,Happy,77.5,Low
32,Female,8.3,1.8,106,3.9,7.8,1,Happy,100.0,Low
34,Female,5.8,4.0,15,4.2,5.8,10,Neutral,45.6,High
40,Female,4.7,10.4,110,1.5,8.6,3,Stressed,60.900000000000006,Medium
41,Female,5.7,9.2,21,1.7,11.9,9,Stressed,39.10000000000001,High
36,Female,6.3,7.2,5,3.7,2.5,10,Stressed,33.099999999999994,High
22,Female,6.7,6.3,93,2.6,11.5,3,Happy,97.0,Low
49,Female,6.6,3.8,55,3.3,2.7,6,Sad,67.30000000000001,Medium
18,Female,6.7,6.2,44,3.5,6.6,6,Neutral,70.1,Medium
40,Male,8.2,7.6,57,4.1,6.8,2,Neutral,100.0,Low
54,Male,4.9,8.8,27,4.2,4.7,7,Happy,39.2,High
25,Female,5.6,2.8,16,2.1,7.7,9,Stressed,43.50000000000001,High
30,Female,8.4,9.9,35,3.2,10.3,9,Stressed,71.80000000000001,Medium
25,Female,6.8,4.8,11,1.5,4.9,8,Stressed,45.900000000000006,High
40,Female,6.9,6.5,49,4.4,2.7,5,Neutral,73.2,Medium
18,Male,6.4,7.7,58,4.4,8.3,8,Happy,66.79999999999998,Medium
41,Male,6.7,6.4,103,2.2,9.5,9,Stressed,68.8,Medium
52,Female,5.0,7.3,11,1.6,11.5,1,Neutral,64.6,Medium
41,Male,6.7,2.2,99,1.3,3.6,1,Happy,92.1,Low
34,Male,9.0,5.8,61,3.3,11.0,5,Happy,100.0,Low
22,Female,6.8,4.1,39,1.4,6.8,7,Happy,60.199999999999996,Medium
37,Female,4.2,1.9,92,3.7,4.4,9,Happy,47.900000000000006,High
38,Female,8.0,3.1,1,3.7,11.6,9,Happy,79.7,Low
57,Male,6.0,7.6,92,3.5,4.4,3,Sad,77.5,Low
48,Male,4.8,3.2,93,4.5,9.3,1,Sad,97.29999999999998,Low
53,Female,8.3,3.0,99,2.5,9.8,3,Happy,100.0,Low
28,Female,5.0,7.1,107,4.6,6.3,8,Sad,60.800000000000004,Medium
32,Male,8.6,11.0,24,1.1,8.9,7,Happy,64.1,Medium
36,Male,6.2,9.7,84,1.5,7.7,5,Stressed,62.300000000000004,Medium
24,Female,7.7,11.0,85,2.6,3.9,10,Happy,52.8,Medium
45,Male,6.7,7.4,73,3.4,9.6,9,Sad,67.0,Medium
22,Female,5.3,5.5,30,1.1,11.3,4,Sad,60.1,Medium
22,Female,7.4,9.0,46,3.3,6.9,6,Stressed,71.5,Medium
47,Male,8.8,3.9,59,2.2,11.9,5,Happy,100.0,Low
49,Male,7.8,1.9,72,4.5,6.3,6,Sad,99.7,Low
25,Male,7.0,4.8,104,3.1,6.8,4,Neutral,94.3,Low
27,Female,9.0,4.3,102,3.4,8.7,3,Sad,100.0,Low
55,Female,5.3,8.4,97,4.8,3.9,5,Happy,67.4,Medium
49,Female,4.3,7.1,102,4.1,11.0,5,Neutral,71.7,Medium
45,Female,4.2,2.5,40,2.8,10.0,2,Sad,71.0,Medium
34,Female,7.6,11.0,49,2.9,10.7,10,Sad,59.699999999999996,Medium
48,Female,8.2,7.5,22,3.6,8.1,4,Sad,89.60000000000001,Low
25,Male,7.2,6.0,11,1.8,10.8,3,Sad,80.80000000000001,Low
57,Female,8.5,11.3,70,1.4,8.8,7,Sad,73.0,Medium
42,Female,7.5,2.1,95,2.2,7.1,5,Happy,95.0,Low
26,Female,5.9,9.7,82,4.1,11.3,6,Sad,75.1,Low
19,Female,4.9,5.0,21,2.0,6.4,7,Stressed,38.0,High
32,Male,8.6,8.6,55,1.5,7.0,2,Neutral,93.3,Low
20,Female,4.5,11.2,15,1.9,3.7,10,Sad,2.5000000000000018,High
53,Male,6.7,6.7,57,3.7,11.5,4,Sad,90.5,Low
21,Male,5.6,1.2,71,3.5,4.2,6,Happy,69.7,Medium
31,Female,5.4,1.3,93,3.8,4.0,3,Happy,85.0,Low
58,Female,7.2,4.6,50,2.3,3.0,6,Neutral,66.3,Medium
58,Male,5.2,9.6,5,4.6,6.5,10,Happy,29.799999999999997,High
42,Male,8.6,4.2,1,2.8,4.7,1,Stressed,97.2,Low
27,Female,6.0,4.7,61,3.1,9.4,8,Neutral,65.1,Medium
38,Male,7.4,9.6,97,4.8,5.1,10,Stressed,68.4,Medium
53,Female,7.6,2.3,92,4.9,9.2,5,Sad,100.0,Low
29,Female,7.4,10.3,103,3.6,4.0,1,Happy,96.0,Low
44,Male,8.5,3.9,41,4.8,4.3,10,Sad,78.0,Low
57,Female,5.2,1.6,116,3.2,10.1,10,Stressed,68.2,Medium
19,Female,4.4,2.3,116,2.2,5.7,1,Sad,81.00000000000001,Low
30,Female,4.3,11.5,42,2.3,3.1,10,Happy,6.099999999999999,High
49,Male,8.4,6.0,51,3.2,11.6,3,Happy,100.0,Low
48,Male,8.9,3.8,57,3.4,3.8,6,Happy,93.4,Low
33,Male,5.5,6.7,19,2.8,3.5,2,Sad,58.4,Medium
49,Female,7.5,8.5,55,4.5,5.6,8,Happy,70.7,Medium
49,Male,4.0,4.5,66,2.7,3.0,10,Neutral,23.700000000000003,High
51,Male,4.9,9.0,58,2.1,3.6,7,Neutral,32.3,High
28,Male,7.4,3.8,47,1.0,10.5,2,Happy,93.80000000000001,Low
27,Female,4.3,2.2,34,4.9,3.7,1,Neutral,73.3,Medium
32,Female,6.3,7.0,7,4.3,3.1,7,Stressed,50.10000000000001,Medium
34,Male,7.3,2.7,114,3.5,10.8,7,Happy,100.0,Low
57,Male,7.8,11.3,75,4.3,6.4,3,Sad,92.7,Low
35,Male,6.3,1.0,113,4.2,3.6,10,Neutral,71.8,Medium
26,Female,7.2,9.3,108,4.7,7.8,8,Neutral,82.1,Low
42,Male,6.7,4.1,106,2.5,2.4,8,Neutral,65.3,Medium
57,Female,4.3,10.3,31,3.2,6.3,5,Neutral,37.2,High
31,Female,7.7,1.7,92,1.4,7.9,7,Stressed,86.8,Low
42,Female,4.9,11.5,44,4.9,11.6,3,Stressed,70.5,Medium
39,Male,4.2,2.1,84,4.9,5.3,6,Stressed,65.69999999999999,Medium
47,Male,6.3,9.7,66,4.2,9.7,3,Neutral,85.20000000000002,Low
37,Female,8.3,6.7,101,2.8,3.3,9,Stressed,74.39999999999999,Medium
38,Female,4.8,5.7,26,3.0,6.3,7,Sad,41.400000000000006,High
49,Female,4.1,4.1,118,2.7,4.2,1,Stressed,74.3,Medium
38,Female,4.5,10.3,2,2.2,6.9,8,Neutral,17.599999999999998,High
52,Male,5.8,3.2,56,3.1,6.2,9,Happy,54.699999999999996,Medium
49,Male,6.9,8.9,64,1.2,11.8,10,Neutral,53.6,Medium
47,Female,5.0,5.9,109,5.0,11.2,2,Happy,99.4,Low
56,Female,8.0,12.0,118,2.7,7.8,1,Stressed,100.0,Low
29,Female,7.8,7.7,19,4.7,3.8,4,Stressed,81.49999999999999,Low
58,Male,7.5,2.1,70,3.9,7.6,9,Happy,83.5,Low
35,Female,6.4,5.6,120,2.2,9.9,6,Sad,83.6,Low
38,Male,5.8,1.7,40,1.9,2.4,10,Neutral,36.89999999999999,High
30,Female,5.9,4.1,0,5.0,6.3,8,Sad,56.4,Medium
38,Male,6.5,4.8,73,4.1,2.4,7,Neutral,67.3,Medium
25,Male,4.4,10.4,108,2.0,4.4,5,Neutral,43.599999999999994,High
57,Female,7.4,10.2,75,1.3,2.9,5,Sad,60.89999999999999,Medium
24,Male,5.8,1.1,3,3.8,11.6,6,Sad,74.6,Medium
40,Male,5.1,6.9,70,2.2,3.7,6,Happy,45.6,High
49,Male,5.4,3.5,9,1.9,3.5,5,Stressed,45.3,High
28,Male,4.9,4.5,85,3.9,11.7,8,Stressed,67.9,Medium
39,Female,8.5,1.2,88,3.7,7.2,3,Happy,100.0,Low
39,Female,4.8,9.2,28,2.9,9.6,9,Happy,32.89999999999999,High
42,Female,8.4,11.5,102,4.8,5.3,5,Stressed,96.0,Low
39,Female,6.9,3.4,14,3.7,7.3,9,Sad,62.1,Medium
45,Female,8.3,4.8,18,4.6,2.1,5,Stressed,84.2,Low
46,Male,6.4,3.3,102,1.8,6.1,3,Neutral,87.00000000000001,Low
30,Male,8.6,11.2,57,2.2,7.6,9,Happy,65.2,Medium
35,Male,5.1,1.1,109,1.4,7.1,2,Stressed,83.8,Low
19,Male,6.8,7.4,52,2.2,6.1,5,Sad,66.80000000000001,Medium
46,Female,4.6,10.6,45,4.9,9.9,3,Stressed,66.1,Medium
38,Female,6.2,3.0,17,4.9,7.0,7,Happy,69.9,Medium
32,Male,6.8,7.5,105,4.0,8.4,4,Neutral,94.8,Low
44,Female,7.0,1.6,2,3.1,3.8,8,Sad,58.300000000000004,Medium
48,Male,5.8,10.0,69,4.1,10.6,1,Sad,89.5,Low
32,Male,4.4,4.0,21,3.2,5.6,5,Neutral,47.400000000000006,High
40,Female,7.3,11.9,54,1.0,6.8,8,Sad,46.6,High
41,Female,6.4,11.1,117,3.0,5.5,2,Sad,83.2,Low
30,Female,4.7,9.1,63,3.4,10.9,6,Stressed,56.19999999999999,Medium
39,Female,8.7,6.5,40,2.1,11.0,7,Sad,86.5,Low
54,Female,8.8,9.4,109,1.8,4.2,6,Happy,84.4,Low
50,Female,8.3,2.4,116,2.1,9.5,10,Neutral,90.9,Low
20,Female,8.2,4.4,94,3.5,3.0,3,Happy,100.0,Low
36,Male,4.5,1.3,84,1.6,2.3,6,Neutral,47.800000000000004,High
40,Female,9.0,8.1,119,3.9,10.4,7,Sad,100.0,Low
46,Male,6.0,9.9,7,2.7,3.3,3,Neutral,49.70000000000001,High
47,Male,4.8,11.4,64,2.4,3.5,10,Sad,17.0,High
56,Female,8.1,8.6,2,4.2,8.1,2,Sad,93.4,Low
42,Male,5.1,9.1,28,3.0,10.2,3,Neutral,61.79999999999999,Medium
54,Female,6.6,10.9,117,2.5,3.9,1,Sad,83.9,Low
25,Male,4.6,11.3,69,4.5,3.1,7,Happy,37.9,High
59,Male,6.4,6.4,96,2.5,2.8,4,Neutral,72.5,Medium
33,Male,6.8,2.2,17,4.4,2.2,3,Neutral,81.4,Low
25,Female,6.2,6.1,105,3.0,3.2,6,Neutral,68.2,Medium
18,Male,4.3,7.1,118,1.8,11.4,3,Sad,72.19999999999999,Medium
22,Male,6.4,7.9,112,3.5,3.0,10,Happy,54.10000000000001,Medium
20,Male,6.3,11.9,57,2.1,8.0,3,Neutral,65.10000000000001,Medium
18,Female,5.3,11.1,116,1.6,11.2,9,Sad,48.4,High
21,Male,8.6,5.4,0,1.3,8.3,2,Stressed,90.30000000000001,Low
57,Female,6.1,2.2,21,2.0,2.3,5,Stressed,55.4,Medium
52,Male,8.3,3.4,94,3.9,8.0,10,Stressed,90.5,Low
49,Male,4.5,2.9,22,4.4,11.0,10,Happy,47.60000000000001,High
59,Male,5.6,4.9,7,4.4,5.2,2,Sad,72.00000000000001,Medium
51,Female,4.9,10.6,28,2.1,5.1,6,Sad,30.09999999999999,High
42,Male,6.0,5.8,43,3.6,4.5,4,Stressed,68.0,Medium
27,Male,4.6,7.2,114,1.9,7.1,7,Happy,50.099999999999994,Medium
38,Male,6.2,3.0,109,3.5,4.4,1,Sad,100.0,Low
56,Male,5.8,6.4,61,4.5,9.2,8,Stressed,66.30000000000001,Medium
44,Female,5.1,10.6,18,1.2,8.4,2,Happy,48.2,High
44,Male,7.2,9.5,58,4.9,6.0,4,Stressed,85.1,Low
19,Male,8.8,1.9,112,4.3,9.2,7,Neutral,100.0,Low
58,Male,5.0,10.5,79,4.0,3.0,8,Neutral,38.8,High
30,Male,7.6,4.0,18,3.8,9.5,9,Happy,73.6,Medium
26,Female,7.7,8.3,100,4.1,8.0,5,Sad,96.9,Low
53,Male,6.5,2.6,21,5.0,8.3,9,Stressed,69.6,Medium
39,Male,8.5,8.4,82,4.1,2.6,9,Neutral,74.30000000000001,Medium
59,Female,8.8,1.4,67,2.4,8.2,3,Stressed,100.0,Low
43,Male,5.8,7.6,4,3.5,6.9,7,Happy,46.89999999999999,High
29,Male,7.3,8.1,4,2.3,6.9,8,Happy,50.89999999999999,Medium
34,Male,7.3,3.7,24,4.9,5.2,1,Sad,100.0,Low
31,Female,6.0,11.3,23,4.6,2.1,10,Sad,29.2,High
31,Male,5.6,1.5,0,3.3,6.2,5,Stressed,61.9,Medium
51,Female,8.7,10.8,113,4.1,6.0,1,Neutral,100.0,Low
37,Female,7.9,5.2,27,4.6,6.2,3,Neutral,97.4,Low
28,Female,4.6,8.9,46,2.0,8.1,2,Neutral,55.60000000000001,Medium
33,Female,4.6,8.2,84,3.3,5.0,2,Sad,64.9,Medium
48,Female,8.6,2.9,59,2.9,4.7,4,Neutral,99.9,Low
23,Female,4.4,4.5,18,4.1,7.0,5,Happy,53.099999999999994,Medium
36,Female,7.4,6.8,86,2.5,7.9,1,Happy,100.0,Low
54,Male,5.1,10.3,13,3.8,7.7,6,Neutral,43.39999999999999,High
21,Male,4.2,11.5,69,2.6,10.8,5,Sad,47.4,High
21,Female,4.3,1.2,95,1.4,9.7,4,Neutral,70.0,Medium
37,Female,5.9,4.9,113,1.4,2.5,6,Happy,59.8,Medium
27,Female,4.4,8.3,95,1.5,7.6,2,Neutral,61.099999999999994,Medium
41,Female,7.0,6.8,7,1.1,6.2,8,Stressed,43.7,High
52,Female,7.2,11.4,36,3.1,5.6,6,Happy,59.10000000000001,Medium
43,Female,5.9,1.2,85,3.7,11.6,3,Stressed,100.0,Low
54,Male,7.7,5.8,71,1.5,6.6,4,Sad,84.30000000000001,Low
55,Male,6.5,8.4,101,3.4,9.2,2,Stressed,95.80000000000001,Low
38,Female,6.2,3.4,9,3.4,11.7,4,Happy,81.4,Low
57,Female,6.0,9.0,66,1.6,3.5,9,Neutral,34.2,High
56,Female,6.2,1.9,12,2.6,2.5,4,Sad,62.60000000000001,Medium
38,Male,8.8,6.0,38,4.0,5.1,8,Sad,81.8,Low
27,Female,7.4,8.4,63,1.1,2.4,3,Stressed,68.1,Medium
55,Male,5.6,3.9,29,1.6,3.2,5,Sad,48.4,High
21,Male,7.7,1.8,3,5.0,11.9,2,Stressed,100.0,Low
37,Male,5.7,11.5,44,3.9,11.6,9,Neutral,49.5,High
34,Female,4.6,11.1,5,2.9,8.9,9,Happy,21.099999999999998,High
24,Female,6.4,11.2,15,3.5,9.5,10,Neutral,41.1,High
21,Male,7.8,11.8,21,4.4,3.4,7,Happy,59.39999999999999,Medium
46,Male,5.9,3.0,90,4.4,8.0,2,Stressed,100.0,Low
31,Male,8.3,2.7,20,2.3,3.5,4,Sad,84.1,Low
20,Male,5.9,1.4,92,3.0,5.8,6,Happy,77.2,Low
41,Female,5.7,10.8,64,3.6,5.5,9,Stressed,41.19999999999999,High
54,Male,9.0,9.3,29,1.3,8.1,6,Sad,75.89999999999999,Low
33,Female,6.4,8.0,23,4.8,2.8,4,Sad,66.19999999999999,Medium
21,Male,8.0,11.2,63,2.7,3.0,1,Stressed,85.69999999999999,Low
41,Female,8.0,7.3,12,2.5,8.1,7,Sad,68.50000000000001,Medium
51,Male,8.6,2.4,93,4.6,8.4,7,Stressed,100.0,Low
47,Female,4.4,2.9,25,1.5,5.4,6,Sad,37.5,High
35,Female,5.4,2.5,97,1.2,3.5,3,Neutral,69.4,Medium
36,Female,7.8,4.4,19,3.7,10.9,5,Happy,93.3,Low
48,Male,6.8,5.2,60,2.5,2.5,7,Stressed,59.099999999999994,Medium
36,Female,6.8,9.8,114,4.1,9.2,6,Stressed,86.1,Low
36,Male,4.8,3.1,5,1.3,3.4,7,Neutral,28.099999999999998,High
39,Female,5.4,9.0,42,2.5,8.4,5,Sad,53.7,Medium
41,Female,6.6,6.4,48,1.9,8.6,1,Happy,85.5,Low
29,Male,5.4,12.0,8,4.0,10.0,10,Happy,31.599999999999994,High
47,Female,5.1,9.5,100,1.9,6.0,5,Stressed,53.5,Medium
55,Female,4.4,11.7,36,2.8,2.2,2,Happy,38.2,High
48,Male,4.8,4.8,15,4.3,10.1,10,Neutral,43.099999999999994,High
53,Female,7.8,2.4,3,4.7,6.4,10,Happy,70.1,Medium
36,Female,7.6,6.6,31,3.9,10.5,2,Happy,100.0,Low
53,Female,4.2,2.4,83,2.7,9.8,4,Happy,70.9,Medium
47,Female,5.0,6.4,92,3.3,7.0,6,Stressed,62.10000000000001,Medium
50,Male,6.8,4.0,94,3.8,12.0,5,Happy,100.0,Low
35,Female,5.6,6.4,108,4.5,6.6,7,Sad,72.5,Medium
45,Female,8.1,11.4,16,4.6,9.0,10,Happy,62.400000000000006,Medium
28,Female,7.9,4.2,40,4.7,8.7,8,Sad,87.5,Low
50,Female,8.5,11.9,88,4.2,7.2,10,Happy,74.2,Medium
34,Female,6.8,3.5,44,1.6,7.9,1,Stressed,89.6,Low
23,Female,5.8,3.3,15,4.0,10.0,8,Happy,62.400000000000006,Medium
21,Female,7.0,7.0,19,4.3,7.7,3,Stressed,84.7,Low
37,Female,4.4,10.3,41,4.5,6.5,10,Neutral,27.1,High
44,Male,4.0,9.2,9,4.7,8.6,10,Neutral,24.099999999999998,High
32,Male,4.1,9.0,51,3.0,2.4,2,Neutral,45.0,High
23,Male,6.0,4.1,59,3.6,3.1,2,Happy,79.8,Low
31,Male,5.1,1.2,47,1.0,3.3,5,Sad,49.60000000000001,High
28,Female,4.8,2.8,22,3.3,6.3,2,Neutral,67.9,Medium
56,Female,7.1,4.8,115,2.9,10.7,4,Neutral,100.0,Low
26,Male,9.0,11.7,32,4.8,8.4,3,Happy,100.0,Low
43,Male,4.9,11.1,106,4.6,11.7,8,Stressed,62.4,Medium
33,Male,6.7,3.2,76,4.2,2.4,9,Stressed,65.6,Medium
22,Female,4.6,9.0,24,1.2,9.2,6,Neutral,33.199999999999996,High
27,Female,8.7,7.4,49,2.6,5.1,4,Happy,89.2,Low
20,Male,5.5,1.5,100,3.8,2.2,2,Sad,87.4,Low
30,Male,8.4,5.1,99,1.1,10.3,8,Stressed,87.69999999999999,Low
47,Male,5.4,6.3,87,1.9,3.6,3,Happy,63.500000000000014,Medium
23,Male,8.0,8.3,69,4.6,4.1,2,Sad,100.0,Low
34,Male,5.0,4.2,78,1.5,5.4,4,Sad,59.499999999999986,Medium
36,Female,5.5,11.3,54,1.2,9.9,2,Happy,61.0,Medium
59,Male,5.0,6.0,97,3.3,8.2,3,Happy,78.30000000000001,Low
52,Female,5.3,3.7,67,4.8,4.6,9,Sad,56.2,Medium
43,Male,8.2,4.5,77,4.3,3.7,7,Stressed,89.30000000000001,Low
22,Male,7.2,9.3,3,4.9,3.1,1,Neutral,80.7,Low
46,Female,6.0,8.0,27,4.0,3.5,10,Happy,36.400000000000006,High
54,Male,8.9,9.2,28,2.7,10.7,5,Happy,91.1,Low
37,Female,6.3,4.2,81,4.8,11.2,5,Happy,97.19999999999999,Low
38,Female,8.8,4.6,83,2.7,11.7,9,Sad,96.29999999999998,Low
27,Male,5.0,5.4,47,2.4,10.3,1,Neutral,77.20000000000002,Low
22,Male,8.5,3.1,104,2.8,10.9,1,Stressed,100.0,Low
53,Female,4.1,8.6,95,4.3,10.2,10,Happy,44.699999999999996,High
23,Female,6.7,4.6,71,4.7,11.6,7,Happy,90.7,Low
43,Male,6.1,4.6,106,2.4,10.5,7,Stressed,78.0,Low
21,Female,6.6,4.0,109,2.8,6.6,8,Neutral,75.0,Low
56,Male,6.8,6.0,112,4.6,5.2,4,Sad,95.80000000000001,Low
56,Female,5.9,9.5,12,1.2,7.8,7,Stressed,36.00000000000001,High
52,Male,9.0,10.2,103,4.1,8.1,6,Happy,100.0,Low
18,Female,8.9,9.8,109,2.8,7.7,1,Happy,100.0,Low
41,Female,8.8,7.8,42,2.5,9.1,2,Sad,100.0,Low
53,Male,8.9,4.1,8,2.8,9.0,8,Happy,82.39999999999999,Low
23,Female,8.0,9.1,39,2.7,2.9,6,Sad,64.89999999999999,Medium
58,Female,8.9,1.4,45,4.0,4.9,7,Stressed,97.0,Low
48,Female,8.5,9.8,110,4.7,10.9,8,Stressed,100.0,Low
37,Female,6.1,9.6,57,3.0,7.9,5,Stressed,64.0,Medium
41,Female,7.9,8.4,96,4.3,5.3,5,Stressed,93.5,Low
42,Female,8.6,2.1,55,3.9,10.5,2,Neutral,100.0,Low
53,Female,7.6,12.0,11,2.3,4.5,4,Neutral,58.7,Medium
38,Male,6.1,9.3,100,3.3,6.1,2,Sad,83.10000000000001,Low
47,Female,4.3,9.1,24,3.7,4.8,7,Stressed,29.699999999999996,High
41,Female,8.0,1.7,109,1.1,10.7,9,Sad,89.29999999999998,Low
59,Male,8.8,5.4,88,2.6,9.3,2,Sad,100.0,Low
47,Female,5.8,1.9,117,5.0,6.6,4,Neutral,99.80000000000001,Low
39,Female,4.8,5.0,15,3.5,11.3,8,Neutral,49.1,High
45,Male,5.6,7.3,50,2.3,11.3,9,Happy,49.5,High
24,Female,6.9,10.7,79,2.0,9.1,4,Stressed,75.60000000000001,Low
52,Female,5.6,4.1,102,1.8,10.9,8,Sad,67.0,Medium
45,Male,7.1,7.9,98,2.6,9.2,7,Sad,78.19999999999999,Low
31,Male,8.8,2.8,86,1.8,8.3,5,Happy,100.0,Low
27,Female,7.4,4.9,71,1.5,6.2,4,Happy,82.30000000000001,Low
33,Female,5.8,11.4,116,2.5,4.7,6,Neutral,56.300000000000004,Medium
33,Male,8.7,9.2,52,3.4,2.6,6,Happy,77.2,Low
48,Female,6.8,7.0,109,1.6,10.0,2,Happy,95.8,Low
59,Male,4.6,3.8,51,1.2,3.2,3,Sad,49.0,High
42,Male,6.5,5.2,66,1.1,6.1,6,Happy,61.5,Medium
30,Male,7.3,2.7,23,2.1,4.3,4,Stressed,75.29999999999998,Low
23,Female,8.2,4.9,106,1.8,6.5,3,Sad,100.0,Low
26,Male,8.7,2.7,85,3.2,5.1,4,Sad,100.0,Low
53,Male,5.6,9.7,13,2.8,10.3,6,Sad,49.8,High
37,Male,4.8,1.9,21,2.3,11.8,3,Happy,71.5,Medium
35,Female,4.4,3.1,97,4.3,11.4,1,Happy,97.5,Low
38,Female,7.7,8.6,99,3.0,8.2,6,Sad,87.0,Low
21,Female,8.0,10.9,30,1.4,11.8,2,Neutral,86.80000000000001,Low
50,Male,6.0,11.6,84,2.2,6.0,9,Stressed,40.599999999999994,High
44,Female,6.0,10.2,57,4.9,7.2,6,Neutral,65.9,Medium
24,Female,8.8,3.3,68,4.9,4.6,1,Sad,100.0,Low
23,Male,8.6,4.1,18,2.0,11.0,4,Stressed,97.39999999999999,Low
32,Male,5.2,10.6,105,1.7,3.8,5,Neutral,47.9,High
35,Female,7.9,10.8,52,3.0,8.1,8,Stressed,67.00000000000001,Medium
49,Female,7.1,8.0,84,2.9,10.0,3,Stressed,94.3,Low
28,Male,4.8,4.5,1,2.6,8.0,9,Stressed,32.2,High
37,Female,5.8,3.5,52,3.1,2.8,9,Stressed,46.50000000000001,High
41,Male,4.9,10.4,66,1.9,8.1,10,Happy,27.100000000000005,High
32,Male,5.5,3.3,46,1.5,9.7,5,Sad,64.5,Medium
24,Female,7.1,8.3,114,3.3,3.9,4,Stressed,85.49999999999999,Low
38,Female,5.9,11.6,52,4.7,9.4,7,Happy,60.5,Medium
59,Female,6.0,8.8,56,1.6,10.8,9,Neutral,47.2,High
43,Female,6.7,3.8,93,3.8,11.9,6,Neutral,96.8,Low
31,Male,4.4,4.1,97,2.8,6.1,7,Happy,53.400000000000006,Medium
54,Female,7.7,2.0,24,2.2,2.3,1,Neutral,89.39999999999999,Low
38,Female,6.0,8.5,34,4.4,6.2,4,Neutral,68.2,Medium
35,Female,6.4,6.7,28,2.8,8.6,2,Happy,79.39999999999999,Low
22,Male,8.9,3.3,75,3.3,10.9,1,Happy,100.0,Low
20,Female,5.7,3.5,86,2.8,11.4,7,Happy,76.0,Low
40,Female,7.2,1.1,91,1.3,11.1,10,Happy,76.7,Low
43,Male,6.0,11.8,109,3.4,8.6,4,Neutral,76.39999999999999,Low
54,Male,8.5,10.1,16,2.7,8.8,2,Stressed,91.1,Low
41,Male,8.2,5.3,79,1.3,2.0,5,Happy,77.7,Low
36,Male,5.2,11.4,48,3.4,5.6,7,Sad,39.0,High
42,Male,7.5,8.4,55,1.0,11.1,2,Stressed,88.4,Low
38,Female,4.3,9.3,72,1.8,8.9,7,Neutral,37.60000000000001,High
29,Male,8.8,8.5,2,4.1,6.7,3,Stressed,93.30000000000001,Low
58,Male,5.7,9.3,21,1.2,3.0,8,Neutral,22.6,High
50,Male,8.2,2.9,94,3.6,4.5,7,Happy,94.0,Low
21,Male,5.6,7.2,13,4.8,7.5,1,Neutral,79.19999999999999,Low
59,Male,7.2,10.3,2,1.7,11.0,9,Happy,46.300000000000004,High
24,Male,8.9,1.2,37,2.7,3.0,6,Neutral,89.5,Low
39,Male,8.4,2.4,86,3.3,3.5,4,Happy,100.0,Low
50,Male,4.8,3.7,20,2.8,8.6,6,Neutral,51.8,Medium
34,Female,6.7,4.2,50,3.5,4.9,2,Sad,87.89999999999999,Low
41,Female,5.7,3.0,23,2.6,3.7,2,Happy,68.0,Medium
51,Female,6.2,7.9,95,1.6,3.8,8,Happy,48.800000000000004,High
45,Male,5.7,4.2,44,1.4,6.9,10,Sad,38.19999999999999,High
58,Male,5.7,2.7,68,4.0,7.8,5,Happy,80.79999999999998,Low
56,Male,6.7,11.0,96,2.0,11.0,7,Stressed,68.2,Medium
39,Female,5.0,8.6,43,4.4,7.3,1,Stressed,73.99999999999999,Medium
34,Male,6.7,3.7,46,4.0,8.9,6,Neutral,82.6,Low
51,Male,5.4,5.0,56,1.2,3.8,10,Stressed,28.800000000000004,High
23,Male,5.4,9.1,18,1.8,9.1,7,Neutral,38.599999999999994,High
23,Female,7.7,9.7,33,2.2,8.5,10,Neutral,52.19999999999999,Medium
51,Female,4.1,2.9,2,3.4,4.2,7,Stressed,33.0,High
18,Male,5.9,11.3,38,4.2,8.7,10,Sad,42.4,High
27,Female,6.0,9.6,91,1.2,4.1,3,Sad,61.2,Medium
38,Male,6.4,10.4,74,2.0,7.9,9,Neutral,47.8,High
22,Male,7.3,2.6,59,2.5,8.7,9,Sad,73.5,Medium
19,Female,5.8,2.6,9,1.7,8.9,5,Happy,60.89999999999999,Medium
39,Female,5.1,4.4,39,3.2,11.1,9,Sad,52.2,Medium
19,Female,8.4,1.7,1,2.9,11.5,7,Happy,90.3,Low
27,Female,8.9,2.0,109,2.3,10.1,7,Stressed,100.0,Low
51,Male,4.1,2.6,44,3.1,10.8,9,Neutral,45.699999999999996,High
33,Male,6.7,8.8,102,2.4,2.2,2,Neutral,78.20000000000002,Low
56,Female,5.7,1.3,26,2.4,5.6,10,Neutral,42.80000000000001,High
39,Female,5.4,1.9,52,2.1,2.4,5,Sad,55.900000000000006,Medium
29,Male,5.7,11.4,8,3.2,4.2,8,Neutral,28.199999999999996,High
41,Male,7.2,1.9,102,2.8,5.8,8,Sad,82.2,Low
57,Male,5.0,6.9,0,1.8,10.7,3,Neutral,54.6,Medium
55,Male,8.6,8.1,32,1.1,7.1,5,Happy,75.9,Low
27,Female,6.3,11.5,37,1.6,8.5,4,Sad,56.400000000000006,Medium
52,Female,5.6,10.9,56,1.2,5.6,4,Happy,46.60000000000001,High
49,Female,7.8,5.8,32,2.7,8.0,2,Happy,94.30000000000001,Low
24,Male,4.1,11.4,47,1.9,10.2,6,Stressed,33.49999999999999,High
38,Male,6.2,5.8,2,2.7,5.0,1,Stressed,70.30000000000001,Medium
37,Female,5.8,8.4,31,2.3,11.3,8,Happy,49.50000000000001,High
43,Female,5.7,3.9,76,3.2,4.1,10,Neutral,48.60000000000001,High
21,Female,5.7,8.0,20,3.9,11.2,9,Stressed,50.9,Medium
39,Male,4.2,6.9,67,2.9,2.3,5,Stressed,40.70000000000001,High
32,Female,4.8,7.7,16,1.2,7.4,6,Happy,32.60000000000001,High
57,Male,4.7,8.5,41,1.1,11.9,1,Happy,63.5,Medium
38,Female,8.9,2.9,67,1.9,8.1,6,Happy,98.30000000000001,Low
32,Female,4.1,4.3,83,2.7,7.5,1,Sad,73.5,Medium
39,Female,4.8,9.1,11,1.2,8.8,5,Sad,35.6,High
45,Male,8.9,2.8,89,2.3,4.9,9,Sad,86.5,Low
31,Male,7.1,4.8,44,4.5,2.5,5,Sad,77.7,Low
44,Male,6.3,8.3,35,1.4,4.5,3,Sad,57.4,Medium
58,Male,4.4,11.3,79,4.8,3.8,4,Sad,52.8,Medium
57,Male,7.3,1.8,50,4.4,11.2,3,Stressed,100.0,Low
45,Male,4.7,6.7,6,4.3,10.5,4,Sad,61.300000000000004,Medium
43,Female,7.4,1.9,32,4.5,5.2,10,Neutral,69.50000000000001,Medium
19,Male,8.9,5.2,47,1.3,10.4,6,Sad,91.3,Low
42,Female,6.7,2.9,65,1.6,4.1,3,Happy,78.4,Low
20,Male,5.1,8.1,32,1.5,4.0,5,Neutral,36.7,High
25,Female,7.1,9.3,77,1.4,9.7,7,Sad,66.20000000000002,Medium
50,Female,6.6,3.7,83,2.3,5.3,1,Sad,93.29999999999998,Low
59,Male,6.7,8.8,100,4.3,2.6,3,Happy,84.10000000000001,Low
52,Female,6.4,5.9,26,2.0,9.2,6,Happy,61.800000000000004,Medium
23,Male,7.4,4.1,46,2.0,11.9,10,Happy,68.8,Medium
56,Male,6.9,6.8,105,3.7,7.7,2,Neutral,100.0,Low
40,Male,8.9,5.2,84,1.4,4.6,8,Neutral,79.6,Low
42,Male,8.1,3.5,65,2.4,5.7,7,Neutral,82.4,Low
36,Female,5.3,9.3,42,2.2,8.5,2,Stressed,62.800000000000004,Medium
22,Male,7.6,9.8,79,4.4,9.0,5,Stressed,92.19999999999999,Low
28,Female,5.1,9.8,18,3.1,10.9,4,Stressed,56.3,Medium
29,Female,7.9,5.2,67,3.6,11.1,2,Neutral,100.0,Low
27,Female,4.7,2.9,9,1.5,10.6,4,Stressed,55.7,Medium
25,Male,6.4,10.2,117,4.7,8.5,9,Stressed,71.5,Medium
41,Female,8.0,4.6,21,2.3,6.5,10,Happy,59.5,Medium
45,Male,5.4,9.2,75,3.8,8.8,2,Happy,79.19999999999999,Low
58,Female,8.2,10.0,65,4.8,8.7,10,Stressed,76.4,Low
53,Male,7.2,9.4,1,3.0,4.2,10,Stressed,36.800000000000004,High
54,Male,6.0,5.3,104,3.0,7.1,6,Stressed,75.4,Low
38,Male,6.1,11.3,107,1.5,4.1,4,Stressed,59.500000000000014,Medium
25,Male,8.6,8.3,97,2.6,11.0,8,Happy,91.80000000000001,Low
26,Female,5.1,7.3,17,4.4,5.2,4,Happy,56.2,Medium
32,Female,7.5,8.7,79,1.5,10.1,9,Stressed,65.10000000000001,Medium
57,Male,7.5,1.5,18,4.7,5.8,10,Happy,70.69999999999999,Medium
35,Female,8.6,5.3,110,3.7,9.6,3,Sad,100.0,Low
59,Male,7.6,10.7,88,2.7,4.2,7,Happy,66.1,Medium
37,Male,6.9,2.8,29,3.2,9.6,5,Happy,84.4,Low
23,Female,8.5,5.6,111,1.6,3.8,1,Stressed,100.0,Low
29,Male,8.1,5.5,5,1.9,6.9,3,Sad,82.3,Low
19,Male,7.6,4.9,26,2.1,3.1,9,Neutral,52.10000000000001,Medium
24,Male,4.2,7.2,14,2.5,7.3,9,Happy,21.5,High
33,Male,5.9,12.0,30,4.7,10.2,5,Sad,64.9,Medium
20,Male,7.2,3.8,43,2.5,9.6,5,Sad,84.7,Low
20,Female,6.6,8.8,85,3.1,2.5,4,Stressed,69.9,Medium
44,Female,5.6,9.3,75,1.6,6.9,4,Sad,58.2,Medium
57,Female,4.7,7.4,9,3.9,10.5,4,Stressed,58.5,Medium
55,Male,6.8,2.1,20,3.2,8.5,2,Sad,92.8,Low
50,Male,5.4,7.3,46,2.8,2.6,7,Neutral,39.800000000000004,High
45,Male,5.2,11.5,54,4.8,5.3,3,Neutral,62.4,Medium
18,Male,6.0,4.8,94,4.6,7.6,1,Stressed,100.0,Low
25,Male,7.9,8.0,35,3.6,3.7,10,Neutral,55.4,Medium
54,Male,6.4,11.6,73,4.7,8.8,3,Happy,84.5,Low
49,Female,5.1,9.8,57,3.3,8.3,9,Stressed,39.900000000000006,High
54,Male,4.6,8.6,18,4.3,4.0,9,Sad,25.89999999999999,High
21,Female,6.5,11.7,86,2.6,7.5,10,Happy,46.80000000000001,High
47,Male,8.0,2.9,63,1.3,10.1,7,Stressed,85.5,Low
23,Female,7.3,9.5,109,5.0,5.7,1,Stressed,100.0,Low
36,Male,5.2,5.5,9,1.7,4.5,6,Stressed,36.3,High
49,Female,6.2,5.0,48,2.0,9.0,10,Stressed,49.599999999999994,High
26,Female,8.3,6.7,53,1.7,2.7,1,Sad,90.1,Low
29,Male,4.9,1.4,60,2.3,10.3,2,Sad,82.30000000000001,Low
28,Male,6.7,4.4,58,2.2,11.4,3,Neutral,91.6,Low
33,Female,5.8,2.8,90,3.4,11.6,6,Stressed,86.60000000000001,Low
18,Male,4.6,2.5,106,5.0,6.3,7,Neutral,71.8,Medium
38,Male,4.2,4.7,113,1.2,8.2,8,Happy,45.599999999999994,High
47,Male,6.8,9.8,1,4.1,10.6,9,Sad,54.3,Medium
30,Female,4.1,3.2,74,1.5,4.2,7,Stressed,37.3,High
51,Male,4.5,6.8,7,1.1,2.3,6,Sad,18.9,High
21,Female,5.7,9.2,18,3.6,5.8,5,Happy,51.8,Medium
45,Female,4.2,3.7,120,4.5,10.8,10,Neutral,62.699999999999996,Medium
55,Male,6.0,11.2,79,1.7,7.1,2,Sad,68.1,Medium
48,Female,4.7,10.5,67,2.4,7.3,8,Sad,34.00000000000001,High
44,Male,5.7,3.8,13,1.7,8.9,5,Stressed,58.3,Medium
22,Male,8.0,11.9,21,4.6,7.7,10,Sad,58.800000000000004,Medium
42,Female,7.1,8.4,16,2.1,2.5,2,Stressed,64.9,Medium
20,Female,6.2,4.1,106,2.8,7.6,3,Neutral,92.2,Low
50,Female,4.5,8.5,62,4.6,8.5,10,Stressed,40.400000000000006,High
21,Female,7.1,8.3,25,3.2,8.4,10,Neutral,52.2,Medium
42,Female,4.8,7.7,98,4.7,9.3,7,Happy,66.29999999999998,Medium
37,Male,4.4,8.8,35,4.7,7.2,10,Neutral,31.299999999999997,High
51,Female,7.3,4.0,116,2.8,11.0,8,Neutral,92.2,Low
43,Male,8.6,11.8,44,3.3,6.6,5,Happy,80.89999999999999,Low
22,Male,6.3,10.4,112,1.9,7.2,10,Happy,48.50000000000001,High
52,Female,4.2,9.2,29,5.0,9.8,8,Sad,42.0,High
45,Female,8.4,1.3,115,2.1,10.3,10,Neutral,95.5,Low
46,Female,4.3,7.5,20,4.1,8.5,10,Stressed,29.5,High
26,Female,8.3,8.8,19,2.3,3.3,6,Happy,63.29999999999999,Medium
55,Female,6.0,10.4,41,2.3,5.3,2,Happy,61.50000000000001,Medium
23,Male,5.8,11.4,89,1.4,2.2,2,Sad,56.4,Medium
36,Male,6.7,11.1,118,3.2,5.0,8,Neutral,62.39999999999999,Medium
28,Male,8.8,5.5,55,2.0,7.7,4,Sad,97.4,Low
19,Female,8.5,10.9,11,1.6,10.1,8,Stressed,61.60000000000001,Medium
26,Female,6.4,1.0,7,1.9,7.9,9,Neutral,52.7,Medium
38,Male,7.5,4.9,98,2.0,2.4,6,Happy,75.6,Low
41,Female,6.9,2.3,92,3.0,4.6,9,Stressed,71.00000000000001,Medium
51,Female,7.5,10.7,116,2.5,7.8,6,Sad,80.9,Low
39,Female,8.1,11.2,105,1.3,9.1,3,Neutral,92.3,Low
20,Male,4.2,3.8,62,3.1,10.7,8,Stressed,51.7,Medium
29,Female,5.6,5.0,55,4.2,11.7,1,Happy,97.4,Low
45,Male,8.8,11.8,6,3.3,10.9,6,Sad,79.89999999999999,Low
47,Female,8.7,7.2,61,4.9,6.7,3,Sad,100.0,Low
43,Female,4.1,6.5,120,1.4,9.5,10,Happy,38.0,High
38,Male,5.0,6.5,60,4.3,4.4,10,Neutral,39.3,High
45,Female,9.0,8.7,9,3.0,2.6,3,Neutral,82.60000000000001,Low
43,Female,6.5,11.5,102,3.1,2.6,9,Sad,47.10000000000001,High
50,Female,6.9,5.0,49,3.1,4.4,7,Happy,65.1,Medium
38,Male,4.8,2.9,19,2.3,2.4,2,Neutral,54.3,Medium
52,Female,8.5,3.0,27,2.3,10.5,6,Stressed,92.9,Low
51,Female,5.2,1.2,13,3.5,6.9,4,Neutral,67.49999999999999,Medium
58,Female,4.9,7.1,75,1.2,10.1,10,Neutral,36.0,High
35,Female,5.1,11.2,7,3.4,11.4,7,Sad,41.80000000000001,High
28,Female,8.6,8.8,120,3.9,11.9,4,Sad,100.0,Low
40,Male,7.5,11.9,6,2.4,11.4,7,Sad,59.2,Medium
39,Male,7.8,11.0,4,1.9,9.2,6,Neutral,60.699999999999996,Medium
34,Female,5.9,6.4,0,1.9,6.4,8,Happy,36.5,High
22,Female,8.5,6.4,110,1.3,8.0,7,Happy,88.7,Low
28,Male,7.9,7.9,72,1.4,10.2,9,Happy,69.0,Medium
47,Female,7.8,2.2,107,1.7,11.0,4,Stressed,100.0,Low
32,Female,8.9,7.7,117,1.1,11.6,9,Sad,89.7,Low
44,Female,5.8,6.1,81,2.1,9.3,5,Neutral,71.1,Medium
52,Female,7.1,8.1,106,2.2,7.4,9,Neutral,65.8,Medium
50,Female,8.5,7.2,105,5.0,11.7,4,Happy,100.0,Low
37,Female,8.0,4.4,9,5.0,11.6,3,Stressed,100.0,Low
33,Female,6.8,7.7,113,1.7,6.8,7,Neutral,69.29999999999998,Medium
51,Female,4.4,5.0,57,1.9,8.5,4,Happy,55.900000000000006,Medium
19,Male,7.3,3.1,64,3.0,10.1,5,Sad,94.8,Low
52,Male,6.6,8.4,59,1.6,6.3,3,Stressed,69.6,Medium
57,Female,4.9,4.4,19,3.0,10.3,6,Stressed,55.6,Medium
45,Female,8.4,10.8,57,2.6,3.1,4,Happy,77.00000000000001,Low
56,Female,5.7,3.2,42,2.3,6.8,1,Sad,80.1,Low
23,Female,5.9,7.6,28,4.3,6.8,2,Stressed,76.49999999999999,Low
26,Male,7.4,7.3,1,4.3,8.8,8,Neutral,66.70000000000002,Medium
37,Male,6.4,3.2,25,5.0,3.2,4,Stressed,78.0,Low
18,Male,4.4,5.8,74,1.9,3.0,10,Neutral,22.699999999999996,High
25,Male,5.9,8.4,88,4.6,11.0,2,Sad,96.8,Low
40,Female,4.5,4.5,97,3.2,5.0,4,Stressed,65.4,Medium
20,Female,5.0,2.3,58,3.4,5.3,7,Stressed,56.6,Medium
21,Female,4.0,7.8,104,4.6,9.8,2,Neutral,79.80000000000001,Low
42,Male,4.9,3.5,0,4.8,6.1,6,Stressed,54.2,Medium
55,Female,5.7,8.5,118,3.9,10.3,1,Sad,99.69999999999999,Low
32,Female,6.7,10.2,30,2.4,6.0,3,Happy,64.6,Medium
38,Male,8.6,2.4,37,3.0,9.6,9,Sad,86.80000000000001,Low
52,Male,6.7,5.8,21,3.5,7.3,5,Happy,71.7,Medium
31,Male,7.5,5.9,65,4.3,11.4,8,Neutral,88.5,Low
53,Male,5.8,8.0,46,3.6,5.3,1,Happy,75.8,Low
29,Male,7.8,4.7,0,2.5,5.6,4,Happy,76.3,Low
34,Female,7.1,5.6,119,2.7,11.7,3,Stressed,100.0,Low
56,Female,6.3,1.1,87,1.2,9.4,10,Neutral,63.0,Medium
26,Male,5.0,2.3,49,4.7,9.7,9,Stressed,62.1,Medium
52,Female,5.5,7.3,35,1.4,5.0,7,Neutral,36.4,High
30,Female,7.1,3.4,44,3.3,7.3,3,Stressed,92.1,Low
32,Female,6.1,2.6,35,4.5,5.1,1,Happy,91.5,Low
35,Female,8.4,4.6,110,2.7,4.6,5,Sad,99.5,Low
50,Male,5.2,2.8,33,4.2,7.4,10,Happy,48.8,High
23,Female,4.4,1.7,8,4.2,11.9,3,Stressed,75.0,Low
44,Female,6.9,4.1,75,1.2,4.1,2,Neutral,82.0,Low
40,Female,8.4,2.8,109,2.6,4.4,3,Sad,100.0,Low
44,Male,5.8,9.8,83,3.8,4.4,5,Happy,62.8,Medium
51,Female,7.2,1.7,3,2.7,9.9,5,Neutral,82.49999999999999,Low
55,Male,5.2,9.2,78,3.2,7.1,10,Stressed,39.39999999999999,High
31,Male,6.8,5.2,62,3.4,5.8,8,Sad,66.6,Medium
53,Male,7.9,8.4,3,1.6,10.4,4,Neutral,75.6,Low
25,Male,8.3,1.6,4,2.6,5.0,2,Sad,95.6,Low
52,Female,4.5,11.1,9,1.1,5.9,8,Happy,9.899999999999999,High
36,Male,5.8,9.4,107,1.6,2.7,8,Sad,42.00000000000001,High
47,Male,7.2,2.5,43,3.0,3.2,10,Sad,56.99999999999999,Medium
31,Male,4.2,3.4,39,3.3,3.4,8,Happy,34.3,High
37,Male,7.5,8.1,35,1.6,5.5,1,Stressed,80.8,Low
42,Male,6.6,11.1,34,4.0,7.2,9,Sad,48.99999999999999,High
57,Female,5.4,5.9,58,2.5,2.0,4,Happy,54.3,Medium
41,Male,8.1,6.3,64,4.7,3.9,4,Neutral,96.5,Low
31,Female,5.5,3.6,81,2.6,3.8,8,Neutral,52.6,Medium
43,Female,9.0,5.2,115,1.6,4.5,8,Neutral,87.6,Low
55,Male,8.1,4.1,120,4.0,3.7,6,Stressed,100.0,Low
40,Female,7.5,4.9,30,3.3,4.0,4,Happy,79.7,Low
39,Female,4.3,1.2,45,2.5,11.8,3,Happy,73.7,Medium
36,Female,8.5,1.5,48,2.4,7.9,5,Happy,99.39999999999999,Low
20,Male,8.0,8.5,5,1.6,9.6,8,Happy,59.2,Medium
59,Male,5.1,8.5,69,2.4,10.2,7,Stressed,52.199999999999996,Medium
36,Male,6.0,4.6,105,1.1,8.7,8,Stressed,62.699999999999996,Medium
26,Male,5.3,10.7,18,3.0,9.0,1,Neutral,64.19999999999999,Medium
45,Male,8.9,3.9,95,4.6,8.3,4,Happy,100.0,Low
37,Male,8.3,5.4,41,4.2,8.5,9,Neutral,82.4,Low
24,Male,8.7,9.0,120,1.1,11.3,6,Sad,97.1,Low
31,Female,7.9,9.2,29,4.5,3.9,10,Sad,56.7,Medium
26,Female,6.3,10.5,25,2.8,4.7,8,Neutral,38.4,High
36,Male,5.0,1.3,2,1.8,2.9,8,Stressed,30.599999999999998,High
31,Female,5.0,3.0,32,4.0,10.4,5,Sad,71.2,Medium
55,Male,4.8,8.0,49,2.3,6.5,8,Neutral,34.3,High
53,Male,6.7,4.7,30,2.0,11.1,4,Happy,79.8,Low
57,Male,8.6,1.5,110,1.6,6.1,6,Neutral,100.0,Low
34,Female,9.0,7.5,83,2.9,6.4,7,Happy,90.89999999999999,Low
47,Male,5.4,5.3,67,1.4,6.5,6,Sad,52.800000000000004,Medium
26,Male,7.5,5.0,95,4.1,8.1,6,Neutral,96.7,Low
50,Male,7.0,3.9,81,2.9,9.7,8,Happy,80.30000000000001,Low
42,Male,6.4,1.1,9,2.8,5.5,5,Stressed,68.6,Medium
31,Female,7.3,3.0,21,1.0,8.3,8,Neutral,60.800000000000004,Medium
28,Male,5.9,6.2,62,4.3,4.0,9,Stressed,52.5,Medium
52,Female,8.7,4.0,53,3.0,7.5,4,Neutral,100.0,Low
58,Female,7.5,10.6,50,2.8,7.5,3,Stressed,80.8,Low
31,Male,7.8,2.6,80,4.0,10.9,5,Neutral,100.0,Low
47,Male,5.2,10.6,105,1.3,11.0,10,Stressed,40.3,High
58,Female,4.8,5.5,120,2.5,6.9,10,Sad,47.3,High
21,Female,6.0,4.0,3,3.3,2.2,5,Happy,53.49999999999999,Medium
21,Female,7.8,4.3,120,2.8,10.4,7,Sad,100.0,Low
45,Female,8.7,4.6,36,1.7,2.0,3,Stressed,85.5,Low
25,Male,6.1,6.6,70,2.2,6.8,10,Happy,46.4,High
19,Female,7.9,4.9,114,2.2,2.2,9,Stressed,71.4,Medium
58,Female,6.4,8.1,62,5.0,5.5,6,Neutral,72.2,Medium
39,Female,5.5,5.7,50,2.3,8.4,10,Stressed,41.89999999999999,High
58,Female,7.7,8.4,7,1.8,5.7,9,Sad,46.00000000000001,High
33,Male,8.0,7.6,0,4.3,11.3,1,Happy,100.0,Low
46,Male,5.0,3.7,119,2.7,8.4,2,Stressed,88.69999999999999,Low
47,Male,5.5,9.9,7,2.8,8.5,10,Happy,27.60000000000001,High
29,Female,6.5,9.8,82,3.2,5.7,2,Sad,81.20000000000002,Low
52,Female,4.9,11.9,80,3.4,2.4,8,Happy,31.000000000000004,High
28,Male,8.6,2.9,104,3.4,9.4,4,Happy,100.0,Low
38,Male,7.0,10.3,115,1.1,9.2,7,Neutral,68.30000000000001,Medium
38,Female,4.6,10.6,54,4.3,7.3,4,Happy,55.699999999999996,Medium
22,Male,4.9,8.1,111,1.8,6.2,4,Stressed,60.4,Medium
37,Female,8.8,6.6,8,2.2,7.4,8,Happy,70.19999999999999,Medium
54,Female,7.7,11.5,50,1.7,9.5,10,Sad,51.5,Medium
20,Female,7.7,11.7,15,4.1,9.1,4,Happy,79.3,Low
50,Female,4.4,8.1,52,3.3,8.6,3,Neutral,59.900000000000006,Medium
26,Female,8.5,5.0,58,4.0,11.0,10,Sad,88.6,Low
26,Female,6.2,10.0,44,3.6,8.1,9,Stressed,49.0,High
21,Male,7.3,2.0,114,1.4,2.1,3,Sad,91.0,Low
52,Male,8.8,4.2,36,2.2,8.2,5,Happy,94.19999999999999,Low
34,Male,4.5,11.8,90,3.0,8.1,1,Sad,66.6,Medium
51,Female,6.4,10.0,65,2.2,2.7,9,Stressed,37.4,High
41,Male,4.2,11.3,63,1.8,6.3,6,Stressed,29.6,High
49,Female,6.5,7.5,35,4.5,8.5,5,Sad,76.5,Low
18,Female,5.3,5.5,75,4.0,9.0,4,Sad,79.0,Low
25,Female,8.6,11.8,49,2.4,10.9,8,Neutral,73.99999999999999,Medium
40,Female,6.0,4.4,98,4.1,10.4,2,Stressed,100.0,Low
57,Male,7.2,9.3,94,3.5,3.2,10,Neutral,56.09999999999999,Medium
29,Male,8.3,7.1,52,1.0,8.1,5,Happy,80.4,Low
29,Male,8.9,3.5,56,2.5,8.0,8,Stressed,89.7,Low
32,Female,6.5,1.2,18,2.2,5.0,1,Stressed,83.19999999999999,Low
58,Male,6.3,5.2,25,1.9,3.8,3,Neutral,62.699999999999996,Medium
36,Male,4.4,7.0,117,2.0,4.0,7,Happy,43.400000000000006,High
43,Male,4.1,3.0,99,4.8,3.8,10,Sad,46.4,High
46,Female,7.0,5.6,67,2.9,10.1,5,Stressed,86.9,Low
39,Male,4.3,7.8,111,4.4,3.5,10,Neutral,38.60000000000001,High
57,Female,5.9,8.9,42,1.9,4.6,9,Stressed,32.30000000000001,High
38,Male,4.0,1.6,94,1.7,4.2,1,Neutral,68.5,Medium
55,Female,7.1,8.3,57,4.6,9.1,7,Neutral,79.00000000000001,Low
37,Male,6.1,1.6,76,3.0,3.6,10,Neutral,55.2,Medium
46,Male,4.6,1.3,116,4.6,2.2,6,Stressed,70.00000000000001,Medium
21,Male,5.5,2.7,106,1.3,5.7,10,Sad,48.699999999999996,High
24,Female,6.8,8.2,102,4.7,5.1,4,Sad,89.7,Low
45,Male,7.3,1.6,58,2.7,6.0,10,Neutral,66.89999999999999,Medium
45,Male,6.3,1.2,45,1.6,9.5,10,Sad,56.599999999999994,Medium
21,Female,8.0,2.3,67,3.7,2.1,6,Sad,87.50000000000001,Low
39,Female,4.6,11.4,39,4.2,2.4,10,Stressed,16.8,High
29,Female,4.4,11.0,107,1.2,4.6,9,Sad,22.600000000000005,High
20,Female,4.2,2.0,12,4.9,10.9,9,Happy,50.7,Medium
39,Male,6.7,4.3,120,3.8,3.7,2,Neutral,100.0,Low
19,Male,7.5,11.4,104,2.3,12.0,9,Happy,72.5,Medium
41,Female,4.7,2.1,8,1.6,10.1,2,Stressed,64.6,Medium
51,Male,7.2,2.0,65,2.6,6.6,6,Stressed,83.2,Low
44,Female,6.4,1.9,98,1.9,9.5,7,Happy,80.3,Low
58,Male,8.9,11.7,52,3.0,7.2,9,Stressed,69.4,Medium
18,Female,7.6,9.2,75,4.1,7.7,6,Sad,84.5,Low
25,Male,7.3,3.4,80,3.6,7.8,8,Happy,83.8,Low
40,Female,6.9,1.5,3,2.7,8.5,10,Sad,57.099999999999994,Medium
55,Female,9.0,11.6,13,1.5,2.6,3,Sad,70.1,Medium
23,Male,8.9,5.7,84,4.8,8.2,10,Stressed,94.80000000000001,Low
39,Male,6.7,7.6,104,2.1,9.2,6,Stressed,77.5,Low
42,Male,6.3,4.1,7,2.1,5.1,2,Happy,68.9,Medium
35,Female,6.3,9.3,96,3.6,11.8,1,Stressed,100.0,Low
34,Male,6.1,3.2,61,4.1,3.4,6,Neutral,70.1,Medium
29,Female,6.7,9.7,44,4.9,11.1,3,Stressed,91.10000000000001,Low
23,Male,5.4,3.5,91,4.9,8.8,5,Neutral,87.30000000000001,Low
43,Male,8.6,2.1,66,4.7,8.6,6,Stressed,100.0,Low
44,Female,6.5,6.3,61,2.7,10.8,10,Stressed,59.70000000000001,Medium
25,Female,8.2,9.9,77,1.7,10.3,6,Sad,82.70000000000002,Low
36,Male,6.4,5.2,82,3.3,5.5,10,Happy,57.5,Medium
59,Female,7.6,1.3,69,1.1,9.1,7,Neutral,82.9,Low
18,Female,5.7,7.1,35,1.8,2.5,7,Happy,35.8,High
46,Male,7.1,8.5,83,1.0,6.6,6,Stressed,64.8,Medium
52,Female,6.5,9.1,0,1.7,11.4,1,Stressed,74.1,Medium
57,Male,5.8,5.4,59,2.9,4.7,8,Stressed,50.9,Medium
31,Male,8.4,2.1,73,2.6,2.5,10,Happy,72.39999999999999,Medium
52,Female,4.6,7.4,12,2.5,7.8,4,Happy,45.699999999999996,High
37,Male,6.4,4.6,11,4.3,5.6,1,Sad,85.7,Low
30,Female,5.0,11.4,74,3.7,5.8,10,Sad,32.1,High
55,Male,8.3,6.5,99,4.7,7.8,2,Sad,100.0,Low
25,Female,5.3,6.2,16,2.8,8.2,3,Neutral,62.2,Medium
37,Female,7.2,4.4,46,2.1,6.4,6,Happy,71.7,Medium
50,Female,4.8,4.7,52,1.5,7.1,2,Sad,62.7,Medium
43,Female,6.0,6.6,92,3.7,11.9,2,Happy,99.5,Low
56,Female,8.5,4.4,66,4.4,11.6,6,Stressed,100.0,Low
38,Male,4.8,10.8,92,1.7,9.1,4,Happy,55.5,Medium
59,Male,7.3,5.8,9,4.5,3.6,5,Sad,72.9,Medium
58,Female,5.0,4.2,116,3.1,5.6,8,Neutral,59.5,Medium
26,Male,6.1,2.7,45,1.6,10.8,3,Sad,82.19999999999999,Low
41,Female,6.7,8.4,82,3.6,6.2,5,Happy,77.00000000000001,Low
54,Female,6.9,1.3,116,3.1,11.6,1,Stressed,100.0,Low
58,Male,7.0,5.9,3,1.1,6.9,10,Stressed,38.099999999999994,High
34,Male,7.2,7.1,56,2.6,10.6,4,Happy,87.2,Low
41,Female,5.4,4.7,109,4.1,2.4,5,Neutral,71.69999999999999,Medium
38,Female,6.0,9.2,37,3.2,6.3,4,Sad,61.6,Medium
56,Female,4.2,8.4,11,2.1,9.0,9,Happy,19.900000000000006,High
58,Female,7.8,11.7,30,4.7,10.6,8,Happy,73.3,Medium
56,Female,8.2,6.6,1,2.0,8.1,2,Happy,87.2,Low
30,Female,5.0,6.9,112,2.0,3.7,9,Happy,40.00000000000001,High
28,Male,5.0,3.7,0,2.4,10.9,2,Sad,68.4,Medium
36,Female,4.2,5.2,80,4.6,7.7,6,Sad,61.99999999999999,Medium
28,Female,8.9,1.3,24,3.0,3.1,2,Sad,100.0,Low
30,Male,8.0,8.6,4,3.7,6.6,6,Sad,71.3,Medium
18,Female,5.8,4.4,47,4.9,9.0,6,Sad,77.10000000000001,Low
57,Female,6.4,6.9,13,4.1,6.5,7,Neutral,58.3,Medium
36,Male,5.5,3.8,51,1.7,10.7,10,Stressed,47.50000000000001,High
29,Female,7.0,7.8,73,4.2,6.2,5,Stressed,82.4,Low
25,Male,7.6,5.9,20,4.0,7.8,3,Sad,91.8,Low
25,Female,6.2,6.3,24,1.9,4.1,2,Stressed,63.89999999999999,Medium
29,Male,8.4,11.4,98,2.3,7.1,4,Happy,90.5,Low
50,Male,6.6,8.8,66,3.8,4.2,1,Stressed,85.0,Low
43,Male,4.7,3.9,81,2.0,4.3,2,Sad,66.0,Medium
56,Female,7.1,6.5,119,1.8,4.8,8,Neutral,68.39999999999999,Medium
45,Female,6.3,6.1,118,3.8,2.4,5,Stressed,78.19999999999999,Low
22,Male,8.7,9.7,49,4.5,3.6,5,Happy,87.10000000000001,Low
25,Male,6.0,10.2,99,1.3,6.2,3,Neutral,66.30000000000001,Medium
42,Female,6.0,4.1,102,2.8,3.3,1,Stressed,88.8,Low
44,Female,7.3,10.0,32,3.4,3.3,6,Happy,59.00000000000001,Medium
40,Female,6.6,3.0,111,3.7,11.7,1,Happy,100.0,Low
47,Female,5.9,9.4,16,5.0,6.3,4,Sad,65.0,Medium
40,Female,8.9,3.7,103,3.7,6.0,4,Neutral,100.0,Low
37,Male,5.5,4.3,69,3.5,4.7,3,Stressed,75.10000000000001,Low
35,Female,5.4,10.4,33,5.0,7.1,4,Neutral,63.0,Medium
35,Male,8.3,5.6,25,1.2,8.0,6,Happy,74.8,Medium
19,Female,4.0,11.9,41,1.3,6.2,6,Sad,19.300000000000004,High
21,Male,5.0,2.7,30,3.2,5.9,6,Happy,54.39999999999999,Medium
47,Male,7.0,6.1,112,2.4,9.0,6,Stressed,86.2,Low
50,Female,4.8,9.1,50,1.4,11.5,4,Neutral,53.8,Medium
53,Male,8.9,1.1,91,2.2,10.8,7,Stressed,100.0,Low
35,Male,6.3,2.7,35,3.7,3.2,7,Stressed,61.49999999999999,Medium
54,Male,7.0,1.2,12,4.5,8.5,2,Happy,100.0,Low
36,Male,4.8,11.9,84,1.4,2.1,6,Stressed,28.2,High
45,Female,5.4,9.4,89,3.2,8.3,5,Stressed,65.6,Medium
57,Male,7.1,5.1,114,2.2,6.6,10,Stressed,67.8,Medium
37,Female,6.7,2.7,94,3.7,6.9,1,Sad,100.0,Low
50,Male,7.9,2.0,79,3.2,7.9,3,Stressed,100.0,Low
29,Female,5.3,6.9,94,4.7,9.4,9,Neutral,64.3,Medium
32,Female,7.3,11.7,12,1.2,9.3,9,Happy,40.60000000000001,High
58,Female,5.5,8.4,93,2.9,2.4,10,Sad,36.099999999999994,High
56,Male,6.9,5.0,31,1.8,9.4,9,Neutral,57.0,Medium
19,Female,7.0,6.5,4,3.1,10.3,10,Sad,53.9,Medium
46,Female,4.6,12.0,11,4.4,2.7,5,Stressed,31.6,High
58,Male,6.7,6.7,102,4.6,5.2,6,Happy,83.4,Low
27,Female,4.1,11.6,58,2.6,9.9,9,Neutral,26.199999999999992,High
19,Male,6.5,1.2,40,4.2,6.9,4,Sad,89.39999999999999,Low
28,Male,7.5,8.9,36,2.1,8.9,4,Neutral,76.7,Low
30,Female,4.4,7.9,67,1.0,7.0,9,Happy,24.599999999999994,High
27,Male,8.7,8.5,105,4.4,11.8,7,Happy,100.0,Low
31,Male,6.3,7.3,47,1.5,11.4,6,Stressed,64.10000000000001,Medium
35,Male,8.7,1.5,42,1.1,4.8,10,Sad,67.5,Medium
26,Female,4.5,2.6,92,2.4,5.9,6,Neutral,58.0,Medium
56,Male,8.7,11.1,40,2.5,6.3,5,Happy,77.89999999999999,Low
45,Male,4.5,3.6,55,1.3,3.0,4,Stressed,45.3,High
20,Male,6.3,11.9,68,4.3,6.0,3,Sad,74.3,Medium
37,Female,8.7,8.5,120,2.6,9.7,7,Stressed,98.4,Low
23,Male,5.2,5.9,10,3.0,10.5,5,Stressed,58.2,Medium
44,Female,4.2,11.1,93,2.1,10.9,2,Stressed,62.69999999999999,Medium
19,Male,8.0,9.7,8,3.0,2.1,3,Stressed,69.39999999999999,Medium
46,Female,7.0,5.7,112,4.1,9.9,5,Stressed,100.0,Low
55,Female,6.6,1.8,27,4.6,7.0,9,Stressed,68.80000000000001,Medium
20,Female,4.2,10.6,21,4.9,4.1,6,Stressed,33.7,High
33,Male,7.3,9.4,74,2.7,7.0,2,Stressed,88.5,Low
47,Male,4.9,9.7,84,5.0,10.4,8,Stressed,60.2,Medium
57,Male,8.7,9.2,5,2.2,6.3,6,Sad,69.19999999999999,Medium
19,Female,7.4,4.0,25,1.0,11.9,6,Sad,75.8,Low
34,Male,7.5,10.4,15,4.1,8.2,8,Stressed,62.1,Medium
58,Male,5.2,1.0,114,1.7,6.9,7,Neutral,67.1,Medium
29,Female,8.4,3.6,13,1.2,4.9,5,Happy,75.19999999999999,Low
52,Male,6.7,1.5,34,4.7,2.1,9,Happy,62.5,Medium
18,Male,8.3,2.2,41,4.2,8.1,1,Neutral,100.0,Low
32,Female,5.4,6.9,52,1.4,7.8,4,Happy,57.20000000000001,Medium
43,Female,7.8,1.4,118,4.1,7.2,10,Sad,93.7,Low
54,Male,6.9,3.0,99,4.4,7.4,9,Stressed,83.6,Low
38,Female,4.2,3.6,21,4.6,10.4,2,Sad,74.8,Medium
48,Male,6.0,8.2,52,3.2,5.2,3,Neutral,68.4,Medium
42,Male,4.9,6.2,65,3.8,7.5,3,Sad,71.6,Medium
40,Male,5.8,6.0,12,4.0,8.8,6,Happy,62.00000000000001,Medium
41,Male,5.9,9.5,10,3.8,4.1,3,Happy,57.2,Medium
55,Male,6.4,6.0,11,3.6,11.2,3,Neutral,82.6,Low
45,Female,7.0,4.8,96,3.2,9.4,5,Stressed,94.4,Low
38,Female,6.9,11.6,85,2.9,2.5,3,Sad,70.3,Medium
35,Male,4.2,1.1,52,5.0,10.7,5,Happy,76.6,Low
53,Female,7.8,4.4,8,2.4,11.3,3,Happy,93.4,Low
52,Female,8.7,7.7,107,1.4,9.9,2,Stressed,100.0,Low
26,Male,5.7,9.6,70,4.1,6.3,8,Happy,52.9,Medium
55,Female,4.9,10.0,16,1.9,11.9,3,Sad,53.5,Medium
47,Female,6.7,1.5,60,3.1,3.2,6,Happy,73.9,Medium
51,Male,7.5,8.8,9,1.4,7.4,2,Sad,72.99999999999999,Medium
49,Male,7.4,8.9,37,3.5,3.7,1,Happy,84.50000000000001,Low
20,Male,7.1,3.4,38,4.8,6.4,8,Sad,76.6,Low
20,Male,4.7,2.2,114,3.9,11.3,3,Happy,95.5,Low
45,Male,8.2,9.2,109,1.9,9.9,2,Sad,100.0,Low
32,Male,6.1,3.7,88,4.9,9.8,2,Neutral,100.0,Low
58,Male,5.1,1.0,90,2.2,5.5,5,Neutral,69.0,Medium
40,Female,4.4,3.5,93,2.7,11.3,6,Neutral,67.69999999999999,Medium
57,Male,6.1,1.3,29,3.0,5.7,2,Happy,82.60000000000001,Low
28,Female,7.1,3.7,106,5.0,2.4,6,Stressed,90.6,Low
49,Female,7.3,4.7,33,1.3,8.4,1,Stressed,89.49999999999999,Low
53,Male,8.8,4.0,32,3.8,5.6,9,Sad,80.60000000000001,Low
50,Female,4.8,11.1,31,2.4,3.5,4,Stressed,35.0,High
41,Female,8.9,3.6,105,1.3,11.3,5,Happy,100.0,Low
56,Female,7.3,6.1,11,4.7,8.4,3,Sad,91.3,Low
51,Male,6.3,11.5,104,3.4,11.4,6,Sad,76.6,Low
45,Female,8.4,10.7,86,4.0,7.8,1,Happy,100.0,Low
54,Female,7.5,4.4,92,2.0,2.6,7,Sad,71.80000000000001,Medium
24,Male,5.7,4.6,106,4.0,2.3,8,Stressed,61.6,Medium
21,Female,8.4,7.5,64,4.3,11.0,3,Neutral,100.0,Low
54,Female,7.3,11.1,83,2.7,2.4,2,Stressed,77.69999999999999,Low
18,Female,7.5,1.1,9,3.3,8.2,4,Happy,91.5,Low
18,Female,8.5,5.3,18,4.9,5.0,8,Neutral,80.5,Low
37,Female,6.2,10.3,22,4.4,8.9,8,Neutral,53.60000000000001,Medium
36,Male,7.3,5.5,84,2.8,4.8,8,Stressed,70.39999999999999,Medium
46,Female,7.7,8.9,56,3.7,2.4,2,Neutral,85.7,Low
27,Male,6.3,8.6,106,4.1,9.3,4,Stressed,90.1,Low
35,Female,4.4,3.3,98,1.1,5.1,10,Stressed,32.69999999999999,High
45,Male,7.9,5.9,58,3.4,7.5,1,Stressed,100.0,Low
52,Male,4.2,7.2,111,4.9,9.7,7,Happy,65.69999999999999,Medium
48,Male,7.6,8.9,95,4.8,9.0,10,Neutral,79.2,Low
44,Female,8.6,10.0,53,4.3,5.5,6,Happy,85.1,Low
28,Female,5.7,9.4,73,1.4,9.5,7,Happy,50.8,Medium
55,Female,4.5,1.3,1,5.0,11.3,10,Stressed,50.20000000000001,Medium
22,Female,5.2,8.4,114,3.4,8.1,5,Neutral,71.2,Medium
25,Female,6.8,6.5,99,1.9,9.0,6,Sad,78.3,Low
51,Male,8.7,7.3,47,3.7,10.7,6,Sad,97.70000000000002,Low
29,Male,6.6,5.1,5,4.4,10.4,6,Stressed,75.6,Low
55,Male,4.6,8.9,42,1.4,5.5,9,Stressed,18.599999999999994,High
18,Female,7.1,8.4,16,4.7,11.9,4,Happy,88.7,Low
48,Female,7.7,7.4,78,4.7,2.3,2,Neutral,97.89999999999999,Low
21,Male,6.0,10.5,117,1.1,11.9,9,Stressed,55.7,Medium
22,Female,7.6,2.1,35,4.6,4.5,10,Happy,70.8,Medium
47,Female,5.6,4.3,23,4.8,6.4,7,Sad,60.8,Medium
41,Male,7.9,6.4,120,1.2,10.8,5,Happy,97.80000000000001,Low
20,Male,5.7,11.5,103,2.2,4.4,6,Happy,50.39999999999999,Medium
28,Female,5.3,1.8,119,2.5,4.2,7,Stressed,66.10000000000001,Medium
21,Female,8.4,4.7,60,2.4,8.4,5,Stressed,95.39999999999999,Low
43,Male,6.7,11.2,28,4.0,9.1,5,Sad,68.39999999999999,Medium
44,Female,5.4,10.9,113,2.4,2.1,6,Neutral,47.0,High
44,Male,8.7,10.5,77,4.8,6.5,8,Sad,86.4,Low
59,Male,7.5,4.4,57,5.0,6.9,2,Neutral,100.0,Low
23,Male,5.1,10.3,65,2.3,4.7,10,Neutral,24.299999999999997,High
32,Female,7.1,6.6,111,3.0,7.5,9,Stressed,74.0,Medium
47,Male,8.4,7.8,85,3.2,3.5,10,Sad,68.4,Medium
59,Male,7.5,3.6,110,3.3,5.2,5,Happy,96.7,Low
54,Female,5.2,8.8,52,2.5,9.1,4,Happy,59.5,Medium
54,Male,7.2,4.6,69,1.7,10.7,8,Sad,74.5,Medium
59,Female,7.1,4.8,8,1.2,7.9,4,Neutral,68.8,Medium
54,Female,8.1,8.0,75,1.4,2.7,2,Sad,84.4,Low
52,Female,4.9,3.6,41,4.6,8.8,5,Stressed,70.6,Medium
40,Male,7.5,3.5,38,2.1,11.0,5,Happy,88.1,Low
23,Male,4.1,5.1,68,1.3,7.0,4,Happy,48.900000000000006,High
21,Female,7.5,9.6,118,3.5,6.9,3,Neutral,98.69999999999999,Low
35,Female,8.8,3.5,39,1.3,11.9,5,Stressed,99.1,Low
26,Female,4.9,9.7,58,1.3,8.4,9,Sad,28.499999999999996,High
46,Male,5.6,8.7,43,3.5,10.1,9,Stressed,48.89999999999999,High
30,Female,6.9,8.5,64,3.4,8.5,9,Happy,62.8,Medium
34,Female,7.7,6.2,73,1.2,4.2,6,Stressed,69.6,Medium
49,Female,5.7,9.2,10,2.8,4.8,8,Sad,32.2,High
39,Male,7.3,1.1,90,2.7,8.7,1,Sad,100.0,Low
21,Female,8.5,4.4,86,3.2,6.6,1,Sad,100.0,Low
22,Male,7.6,8.5,83,4.0,6.0,7,Neutral,79.6,Low
54,Male,7.6,11.9,4,2.1,2.2,5,Happy,47.9,High
58,Female,5.9,1.0,76,2.7,10.8,2,Neutral,99.30000000000001,Low
30,Female,8.6,6.6,113,4.2,10.8,4,Happy,100.0,Low
51,Female,5.4,11.2,73,4.7,6.6,4,Happy,66.89999999999999,Medium
39,Male,5.0,10.5,116,4.6,9.0,6,Sad,69.2,Medium
40,Male,5.8,1.3,120,2.9,3.8,8,Sad,69.5,Medium
20,Male,7.3,6.8,48,3.1,7.0,3,Happy,86.5,Low
59,Female,8.3,1.0,50,3.1,6.4,7,Sad,91.3,Low
51,Male,4.7,9.7,35,4.5,8.6,2,Sad,66.3,Medium
49,Female,8.1,4.4,104,4.4,6.7,9,Sad,92.4,Low
38,Female,8.1,9.4,113,2.2,7.0,7,Stressed,81.8,Low
38,Female,6.9,11.4,15,1.7,5.0,1,Neutral,63.7,Medium
28,Male,7.8,11.7,6,2.5,2.5,4,Stressed,57.30000000000001,Medium
56,Male,4.9,10.8,95,2.2,11.2,2,Stressed,71.8,Medium
21,Male,4.8,3.2,88,4.8,2.1,10,Neutral,47.39999999999999,High
18,Female,8.3,3.1,43,2.1,4.8,5,Stressed,85.49999999999999,Low
45,Male,6.5,7.9,25,1.7,6.5,9,Happy,39.7,High
41,Male,5.2,7.0,35,4.6,5.2,3,Sad,66.4,Medium
52,Female,7.4,1.1,52,1.3,7.5,5,Stressed,83.7,Low
30,Female,8.5,5.3,91,2.0,6.6,10,Stressed,75.80000000000001,Low
51,Male,7.2,11.0,43,2.8,4.6,2,Sad,73.8,Medium
28,Female,5.7,10.9,11,3.4,2.9,4,Sad,44.2,High
53,Male,6.4,3.2,89,2.3,3.4,2,Neutral,85.69999999999999,Low
34,Female,7.8,5.2,67,3.0,6.9,8,Happy,77.8,Low
52,Female,4.3,7.2,107,1.8,10.5,7,Sad,52.00000000000001,Medium
35,Male,5.1,10.4,22,3.3,3.0,7,Stressed,29.10000000000001,High
57,Female,6.3,6.9,103,2.6,8.8,7,Neutral,72.4,Medium
39,Female,7.0,11.7,87,4.4,9.9,9,Neutral,69.8,Medium
41,Female,5.7,9.8,94,2.7,4.8,2,Sad,71.29999999999998,Medium
36,Male,5.5,11.5,29,2.8,8.7,6,Stressed,45.199999999999996,High
54,Female,4.2,9.0,62,3.4,8.9,4,Sad,55.2,Medium
56,Female,4.2,10.7,2,1.5,9.1,10,Neutral,6.699999999999999,High
38,Male,5.4,10.1,79,1.6,10.9,6,Stressed,55.39999999999999,Medium
25,Male,6.7,3.8,33,4.2,6.0,9,Stressed,63.0,Medium
45,Female,6.8,3.5,101,2.1,4.4,1,Neutral,96.5,Low
22,Female,6.5,10.5,91,3.7,7.4,2,Happy,87.5,Low
34,Female,6.0,1.9,48,1.4,2.6,6,Stressed,54.0,Medium
54,Male,5.3,5.5,43,4.3,5.3,7,Neutral,54.699999999999996,Medium
53,Female,6.0,10.0,40,5.0,10.8,3,Stressed,82.6,Low
36,Male,4.7,9.9,47,2.5,7.3,1,Stressed,59.70000000000001,Medium
44,Male,4.6,2.5,70,3.0,6.4,7,Neutral,54.8,Medium
51,Female,5.5,6.4,7,2.8,4.7,2,Stressed,59.00000000000001,Medium
28,Female,9.0,6.3,6,4.6,4.5,6,Happy,86.60000000000001,Low
29,Male,5.6,4.6,116,1.0,4.4,4,Neutral,67.8,Medium
38,Female,8.7,11.1,36,3.6,10.3,10,Neutral,70.6,Medium
28,Female,6.0,8.2,54,3.6,11.9,4,Stressed,80.2,Low
56,Male,6.2,11.8,70,2.5,7.3,9,Happy,43.50000000000001,High
45,Female,8.0,1.7,49,1.9,2.8,7,Happy,73.49999999999999,Medium
22,Male,4.5,5.3,81,2.0,9.5,1,Sad,75.6,Low
34,Female,4.9,10.2,111,4.2,10.8,4,Neutral,77.4,Low
37,Male,8.9,5.6,102,1.3,11.3,10,Stressed,87.30000000000001,Low
58,Male,6.5,3.9,20,3.3,8.3,6,Stressed,70.30000000000001,Medium
29,Female,4.2,12.0,33,2.2,7.1,2,Sad,41.8,High
23,Male,4.2,10.6,48,2.1,8.2,4,Stressed,41.300000000000004,High
34,Male,8.5,7.0,120,3.0,2.1,2,Happy,100.0,Low
36,Female,8.4,7.2,26,4.6,8.6,1,Neutral,100.0,Low
43,Female,6.3,1.1,7,3.5,9.1,1,Happy,93.9,Low
49,Female,4.8,11.8,33,4.2,9.2,9,Neutral,34.39999999999999,High
23,Male,8.2,9.9,17,3.4,7.6,9,Sad,61.80000000000001,Medium
53,Male,5.6,1.4,50,3.8,9.0,4,Neutral,84.2,Low
55,Male,6.1,2.9,115,2.7,8.4,8,Happy,76.5,Low
28,Female,7.4,10.0,104,4.7,3.2,10,Stressed,64.7,Medium
50,Male,5.8,2.0,11,3.0,11.0,7,Neutral,65.2,Medium
41,Male,7.1,11.4,85,3.2,8.2,5,Sad,77.6,Low
40,Female,8.4,12.0,50,3.1,9.3,10,Sad,64.1,Medium
32,Male,8.0,10.8,62,2.3,5.4,2,Stressed,85.10000000000001,Low
44,Female,5.9,9.1,39,1.9,11.2,9,Sad,44.49999999999999,High
28,Female,5.4,6.4,21,1.3,7.0,7,Happy,37.900000000000006,High
34,Female,5.4,1.9,7,3.9,8.8,4,Neutral,72.70000000000002,Medium
31,Male,5.7,9.0,105,2.2,11.5,10,Neutral,54.0,Medium
44,Male,6.5,5.4,27,2.6,11.2,2,Happy,87.0,Low
35,Male,6.1,7.3,49,4.7,8.4,2,Sad,88.5,Low
45,Female,4.7,4.2,46,3.3,3.7,3,Happy,59.699999999999996,Medium
21,Female,4.8,3.7,55,1.4,11.5,6,Neutral,57.6,Medium
24,Female,5.7,4.6,31,4.2,11.8,1,Neutral,94.6,Low
52,Male,6.8,10.0,10,2.0,3.0,5,Neutral,46.0,High
26,Male,7.0,5.7,20,3.2,6.5,10,Neutral,51.599999999999994,Medium
25,Male,6.4,4.4,25,3.0,7.5,3,Stressed,78.2,Low
34,Male,7.7,5.8,13,2.0,2.9,7,Neutral,55.8,Medium
34,Male,7.7,1.4,78,1.5,3.9,7,Sad,77.1,Low
50,Female,6.1,10.8,13,1.8,7.4,10,Happy,25.799999999999994,High
49,Male,4.6,7.1,75,1.4,11.6,5,Sad,57.0,Medium
25,Female,6.7,2.2,99,2.1,2.3,9,Neutral,61.49999999999999,Medium
36,Female,5.9,4.2,2,5.0,11.1,10,Sad,58.2,Medium
55,Male,4.7,11.8,107,2.6,11.0,8,Stressed,47.800000000000004,High
20,Female,8.9,7.5,56,4.5,10.6,9,Happy,92.9,Low
22,Male,5.8,4.2,6,3.2,5.8,6,Neutral,54.4,Medium
30,Male,7.1,5.7,38,3.7,6.9,8,Sad,67.49999999999999,Medium
48,Female,6.5,3.8,117,1.6,6.0,10,Stressed,60.80000000000001,Medium
33,Male,4.7,1.3,56,2.1,11.5,2,Stressed,81.10000000000001,Low
49,Male,4.3,10.3,114,3.0,7.2,5,Stressed,54.599999999999994,Medium
39,Female,7.1,4.2,109,4.5,2.8,8,Happy,80.49999999999999,Low
46,Female,5.2,10.2,64,1.2,4.7,2,Sad,51.8,Medium
39,Female,5.2,6.3,102,3.0,6.6,2,Sad,80.00000000000001,Low
20,Female,8.8,3.0,24,1.2,11.5,3,Happy,100.0,Low
27,Female,6.3,9.8,30,2.8,7.7,2,Stressed,70.8,Medium
59,Female,4.1,5.1,85,3.5,9.0,4,Neutral,67.3,Medium
38,Male,5.7,8.8,9,4.0,2.9,4,Sad,50.99999999999999,Medium
33,Male,6.9,10.2,81,1.6,10.8,1,Neutral,90.4,Low
29,Male,5.6,11.6,76,1.7,7.4,6,Stressed,47.3,High
19,Female,4.1,1.9,71,2.9,11.2,7,Happy,60.300000000000004,Medium
58,Male,6.2,1.1,8,5.0,6.5,7,Neutral,71.39999999999999,Medium
41,Female,4.5,7.0,78,2.4,8.8,5,Sad,56.199999999999996,Medium
52,Male,7.1,3.9,7,2.7,6.7,4,Sad,75.50000000000001,Low
47,Female,7.1,6.2,120,2.7,3.4,2,Happy,94.89999999999999,Low
47,Male,4.2,1.8,96,1.3,4.7,5,Stressed,53.50000000000001,Medium
52,Female,5.5,6.5,98,4.1,2.7,4,Sad,71.5,Medium
36,Female,6.1,2.4,18,2.0,6.4,8,Sad,50.599999999999994,Medium
25,Female,6.8,10.2,29,3.8,8.5,10,Happy,49.400000000000006,High
43,Female,5.5,9.4,8,2.9,4.4,1,Neutral,57.099999999999994,Medium
57,Male,5.4,1.8,82,3.4,6.9,7,Stressed,69.60000000000001,Medium
24,Male,8.9,10.2,46,1.2,6.6,5,Neutral,77.00000000000001,Low
47,Female,4.2,4.6,45,4.6,7.3,10,Stressed,39.4,High
24,Female,8.9,4.9,89,2.0,3.8,5,Neutral,94.6,Low
20,Female,4.2,3.0,0,3.7,7.3,1,Neutral,65.1,Medium
18,Male,5.4,10.2,2,4.2,5.6,9,Sad,30.200000000000006,High
53,Female,6.5,5.5,33,3.2,4.9,7,Neutral,58.39999999999999,Medium
42,Female,4.7,1.5,24,2.3,7.9,2,Stressed,68.1,Medium
54,Male,4.7,11.6,29,4.9,3.5,5,Happy,41.099999999999994,High
18,Female,5.3,3.8,0,2.1,11.0,8,Happy,45.9,High
32,Female,8.9,11.3,17,4.8,11.3,7,Neutral,88.4,Low
54,Male,5.9,4.3,32,1.6,8.6,2,Stressed,74.00000000000001,Medium
30,Female,6.8,10.1,8,2.6,5.0,7,Stressed,44.39999999999999,High
57,Female,7.5,8.3,6,1.6,8.3,6,Sad,60.199999999999996,Medium
25,Male,7.7,10.5,29,1.0,8.0,8,Happy,50.8,Medium
22,Female,7.4,11.7,76,2.0,5.9,9,Happy,51.60000000000001,Medium
26,Male,5.7,10.6,80,1.3,4.9,7,Sad,40.099999999999994,High
18,Female,4.6,5.4,12,4.9,3.7,8,Happy,37.50000000000001,High
53,Female,5.4,10.0,12,4.0,4.2,10,Stressed,24.800000000000004,High
52,Female,5.1,8.8,41,1.0,8.5,7,Neutral,35.6,High
19,Female,4.7,1.7,101,1.9,10.9,7,Neutral,67.1,Medium
57,Female,4.1,11.2,100,3.7,5.8,1,Stressed,64.7,Medium
40,Male,8.7,6.1,73,2.6,3.2,5,Neutral,88.8,Low
26,Female,8.6,2.5,77,4.3,2.1,10,Sad,82.10000000000001,Low
51,Female,4.3,5.7,62,3.0,6.1,5,Happy,51.2,Medium
31,Male,4.9,7.6,106,3.6,4.3,4,Happy,65.6,Medium
21,Male,4.7,7.3,68,3.4,5.2,1,Sad,69.39999999999999,Medium
47,Female,5.4,7.3,35,3.6,4.4,7,Neutral,45.2,High
48,Male,5.0,3.8,34,1.9,8.6,8,Neutral,43.89999999999999,High
55,Female,8.7,8.0,45,2.5,8.4,5,Sad,89.3,Low
28,Male,4.4,11.0,44,1.2,11.1,4,Stressed,43.0,High
52,Male,5.1,5.3,55,3.4,9.0,9,Happy,50.400000000000006,Medium
25,Female,4.4,7.9,86,2.8,3.6,3,Neutral,54.60000000000001,Medium
20,Male,8.9,3.7,4,4.0,9.5,3,Neutral,100.0,Low
31,Female,8.6,1.5,43,1.8,3.8,4,Stressed,92.19999999999999,Low
30,Male,7.6,7.4,120,2.7,7.6,7,Happy,85.9,Low
49,Male,6.1,1.5,27,1.7,2.8,2,Neutral,69.5,Medium
51,Male,5.0,9.0,86,3.5,2.5,8,Stressed,39.7,High
36,Female,5.1,8.4,41,4.4,6.6,2,Happy,69.60000000000001,Medium
55,Female,6.2,5.1,97,4.1,3.0,4,Stressed,81.7,Low
33,Male,7.8,5.5,30,4.8,5.1,2,Happy,99.2,Low
19,Female,5.3,11.1,6,4.9,5.4,9,Neutral,31.3,High
57,Female,5.6,1.1,6,4.1,9.7,4,Neutral,78.9,Low
34,Female,7.0,7.2,3,2.1,5.3,5,Happy,57.29999999999999,Medium
51,Male,5.2,11.2,107,1.9,6.9,9,Stressed,38.30000000000001,High
59,Female,6.9,11.1,31,2.8,9.7,2,Sad,78.4,Low
33,Male,5.9,7.4,27,5.0,4.0,4,Sad,66.60000000000001,Medium
55,Male,4.2,5.2,55,2.7,10.0,6,Stressed,52.1,Medium
19,Male,6.0,2.1,3,1.8,10.3,1,Neutral,82.0,Low
19,Male,8.6,2.9,102,4.8,11.9,1,Happy,100.0,Low
43,Male,5.5,8.5,115,2.5,6.4,7,Stressed,58.3,Medium
30,Female,5.6,1.2,108,3.8,5.7,6,Happy,81.6,Low
48,Female,4.3,10.7,7,4.2,9.0,4,Happy,46.00000000000001,High
51,Male,7.1,7.5,13,4.4,2.6,5,Sad,65.8,Medium
56,Female,8.2,1.5,29,4.3,2.4,5,Neutral,91.1,Low
20,Female,5.8,3.6,2,4.3,5.3,9,Neutral,47.300000000000004,High
25,Female,5.2,7.5,1,3.7,9.3,5,Sad,54.300000000000004,Medium
40,Female,8.8,1.4,9,2.6,3.2,2,Stressed,98.4,Low
31,Female,7.7,9.6,69,3.7,8.4,7,Happy,78.89999999999999,Low
44,Female,6.8,11.1,118,4.3,4.7,10,Sad,60.29999999999999,Medium
46,Female,5.5,11.6,70,2.4,8.5,9,Sad,38.8,High
56,Male,5.1,9.1,15,2.2,6.6,7,Neutral,31.999999999999996,High
56,Male,7.6,10.4,69,2.4,3.2,8,Stressed,55.4,Medium
18,Male,6.6,7.7,79,3.2,4.5,10,Sad,51.39999999999999,Medium
34,Female,6.6,6.0,90,1.2,4.2,3,Happy,74.4,Medium
58,Female,4.4,8.8,119,4.1,3.6,9,Sad,41.89999999999999,High
47,Male,6.6,3.5,75,1.6,6.7,7,Happy,67.4,Medium
30,Female,8.1,2.2,85,1.5,11.5,10,Stressed,84.1,Low
38,Female,8.7,9.4,78,1.8,8.6,4,Sad,94.0,Low
36,Male,4.5,11.5,21,3.3,10.4,10,Happy,23.500000000000004,High
36,Male,7.2,7.4,34,2.1,11.8,7,Neutral,70.1,Medium
42,Male,6.8,6.3,111,2.5,7.4,3,Neutral,92.9,Low
39,Female,8.5,6.9,113,4.7,4.4,10,Sad,86.1,Low
48,Female,7.8,6.3,78,4.4,11.3,7,Neutral,97.6,Low
34,Female,8.8,5.9,86,4.4,9.0,3,Sad,100.0,Low
40,Male,8.8,11.4,101,3.3,11.6,2,Happy,100.0,Low
49,Male,5.1,6.3,48,4.5,8.5,1,Happy,83.5,Low
27,Female,7.6,1.9,1,4.1,9.8,6,Stressed,88.5,Low
27,Male,6.7,9.4,65,4.8,10.9,3,Neutral,95.0,Low
53,Male,5.1,5.3,112,1.3,9.6,10,Stressed,48.500000000000014,High
25,Female,5.0,8.8,18,1.1,7.6,2,Sad,48.7,High
37,Male,4.4,7.4,68,1.7,6.7,3,Happy,52.699999999999996,Medium
49,Male,8.0,8.8,3,4.7,10.2,8,Sad,74.9,Medium
31,Male,5.6,1.7,91,3.4,9.7,3,Stressed,95.19999999999999,Low
45,Female,8.3,1.4,81,2.7,5.7,4,Neutral,100.0,Low
41,Female,7.0,5.2,103,3.1,7.0,2,Sad,100.0,Low
32,Male,7.4,8.6,40,4.3,8.3,8,Stressed,70.9,Medium
39,Female,5.5,3.5,55,4.7,2.3,6,Neutral,63.1,Medium
47,Female,6.3,5.8,54,3.9,4.5,9,Sad,54.7,Medium
21,Female,6.1,11.8,113,4.0,4.5,8,Stressed,57.0,Medium
30,Male,5.2,3.4,30,2.3,10.8,4,Stressed,68.30000000000001,Medium
40,Female,8.2,10.3,21,2.9,5.3,8,Neutral,58.699999999999996,Medium
25,Male,7.1,10.1,74,4.5,7.5,1,Sad,99.1,Low
35,Male,4.2,10.8,47,4.1,10.3,9,Sad,34.900000000000006,High
29,Female,8.1,11.1,79,3.7,4.6,5,Stressed,82.3,Low
48,Male,4.5,6.6,3,1.3,3.2,4,Sad,29.300000000000004,High
31,Female,6.0,8.5,20,1.2,11.5,5,Neutral,56.0,Medium
51,Female,6.9,7.8,40,1.5,9.0,1,Stressed,82.9,Low
35,Male,4.0,4.4,44,3.3,3.8,2,Stressed,56.1,Medium
51,Male,7.3,4.1,88,3.1,10.2,2,Sad,100.0,Low
28,Female,7.3,4.8,83,4.8,9.9,9,Stressed,87.8,Low
58,Female,7.3,3.4,7,3.8,10.4,6,Neutral,83.4,Low
29,Female,4.8,9.3,106,2.2,4.8,3,Happy,59.2,Medium
32,Female,5.3,11.6,116,1.6,6.5,4,Stressed,58.0,Medium
48,Male,5.2,10.5,8,4.4,8.9,1,Sad,68.39999999999999,Medium
46,Male,8.8,3.4,17,2.8,5.9,7,Sad,82.4,Low
43,Male,4.3,1.6,30,3.6,2.7,7,Neutral,41.199999999999996,High
35,Female,6.1,9.3,115,3.3,3.4,8,Sad,56.7,Medium
49,Male,8.4,5.3,34,1.4,8.0,1,Sad,99.2,Low
39,Male,7.8,10.1,118,1.2,5.8,9,Happy,62.99999999999999,Medium
55,Male,8.1,9.6,29,2.5,2.1,2,Stressed,76.3,Low
34,Male,8.9,7.9,17,2.4,9.7,1,Sad,100.0,Low
40,Female,5.9,3.8,82,3.7,6.2,1,Sad,94.70000000000002,Low
41,Male,5.5,2.1,40,3.5,5.1,8,Happy,54.5,Medium
25,Male,4.2,3.8,23,4.9,9.1,3,Stressed,69.69999999999999,Medium
58,Male,4.8,6.6,113,4.4,6.6,6,Neutral,68.6,Medium
23,Male,6.8,11.8,85,3.0,8.9,6,Happy,70.2,Medium
22,Female,4.8,1.7,47,3.0,2.1,2,Happy,65.2,Medium
46,Female,7.7,3.2,13,3.7,2.1,2,Sad,87.89999999999999,Low
45,Male,4.2,7.9,18,1.5,7.6,1,Sad,48.5,High
28,Female,5.3,4.3,59,5.0,11.8,9,Neutral,68.80000000000001,Medium
18,Female,7.5,10.4,92,3.1,4.7,1,Neutral,93.50000000000001,Low
36,Female,5.3,2.5,21,4.6,8.8,6,Neutral,68.80000000000001,Medium
26,Female,7.6,11.6,29,4.9,3.7,9,Happy,54.49999999999999,Medium
44,Male,9.0,11.0,14,3.3,5.1,6,Happy,73.5,Medium
51,Female,8.0,10.8,20,1.4,2.8,6,Happy,51.00000000000001,Medium
21,Female,5.7,2.9,25,3.3,10.8,4,Neutral,78.30000000000001,Low
53,Male,8.5,4.6,99,3.4,5.1,5,Stressed,100.0,Low
35,Male,4.3,9.8,11,4.2,4.3,1,Neutral,51.2,Medium
32,Male,7.6,9.9,6,1.2,9.3,3,Sad,70.0,Medium
30,Male,4.1,8.8,74,2.9,4.0,6,Happy,36.699999999999996,High
36,Female,4.9,5.9,102,4.7,4.4,2,Sad,81.9,Low
23,Male,8.9,4.4,83,5.0,3.0,1,Neutral,100.0,Low
29,Female,5.8,11.6,34,1.8,11.6,1,Sad,69.8,Medium
54,Female,8.1,2.5,67,4.5,4.5,1,Happy,100.0,Low
34,Male,5.9,1.5,1,1.6,12.0,10,Stressed,48.2,High
40,Male,8.2,1.1,19,4.4,3.8,10,Stressed,73.19999999999999,Medium
43,Female,8.8,9.5,46,2.1,2.2,1,Neutral,89.10000000000001,Low
46,Female,6.2,1.6,83,4.8,11.0,6,Stressed,97.39999999999999,Low
50,Male,6.8,6.9,11,3.8,7.8,10,Happy,51.00000000000001,Medium
44,Male,7.1,5.0,52,2.6,5.5,4,Neutral,79.4,Low
42,Male,8.7,2.6,16,2.1,7.1,4,Happy,93.7,Low
27,Female,5.3,9.1,17,1.9,4.6,4,Sad,40.900000000000006,High
40,Female,7.1,1.6,103,3.7,8.3,8,Neutral,91.5,Low
38,Male,5.6,4.5,23,4.6,8.2,7,Stressed,62.99999999999999,Medium
38,Female,5.1,7.2,71,4.0,2.8,5,Happy,56.4,Medium
30,Male,4.4,5.4,36,4.3,11.1,7,Neutral,56.10000000000001,Medium
54,Female,7.1,3.9,119,4.1,6.6,8,Neutral,88.7,Low
50,Female,8.4,11.2,104,4.9,4.0,10,Stressed,74.9,Medium
41,Male,5.8,11.2,29,4.0,5.1,8,Happy,39.599999999999994,High
28,Male,6.8,5.6,83,1.8,10.7,7,Sad,75.79999999999998,Low
34,Male,7.2,5.3,51,4.2,5.8,7,Stressed,76.2,Low
21,Female,6.1,4.4,22,2.3,7.6,9,Neutral,47.30000000000001,High
42,Female,8.5,10.4,36,5.0,11.5,5,Happy,99.4,Low
47,Male,5.8,7.2,73,2.5,8.5,8,Neutral,55.69999999999999,Medium
26,Female,4.6,2.0,96,2.2,8.8,2,Stressed,81.80000000000001,Low
38,Male,4.7,10.4,23,2.0,4.5,8,Sad,17.799999999999997,High
37,Female,8.5,6.9,99,3.6,8.7,1,Sad,100.0,Low
36,Male,8.9,5.6,119,1.4,5.9,9,Happy,84.39999999999999,Low
36,Female,5.4,4.7,79,4.8,11.1,1,Sad,100.0,Low
29,Female,4.7,2.1,49,2.2,3.3,8,Neutral,38.199999999999996,High
54,Female,6.4,11.5,91,2.2,4.9,3,Sad,68.0,Medium
59,Female,7.5,9.2,75,1.2,2.7,4,Sad,67.0,Medium
34,Male,7.1,2.4,19,2.0,5.8,10,Sad,51.6,Medium
54,Female,8.8,6.6,46,2.7,3.5,7,Neutral,76.5,Low
56,Male,8.1,7.1,17,2.5,10.5,10,Sad,63.7,Medium
45,Male,8.3,2.8,100,2.1,11.3,3,Neutral,100.0,Low
58,Male,6.7,5.7,25,1.2,8.7,9,Happy,47.99999999999999,High
52,Male,5.6,8.1,109,2.2,3.0,3,Neutral,66.6,Medium
35,Female,7.5,4.1,119,4.1,5.4,8,Neutral,89.89999999999999,Low
31,Male,6.2,4.6,70,2.8,11.6,8,Happy,72.0,Medium
52,Female,5.4,2.3,42,2.2,3.4,3,Sad,63.60000000000001,Medium
58,Female,4.8,5.5,46,2.2,7.6,3,Sad,60.400000000000006,Medium
24,Female,6.6,7.4,84,3.2,5.5,10,Happy,55.0,Medium
58,Female,7.0,2.3,42,2.2,12.0,5,Sad,88.80000000000001,Low
30,Male,6.8,7.8,31,3.5,4.9,8,Sad,53.900000000000006,Medium
35,Female,4.6,5.4,6,5.0,2.5,6,Happy,42.400000000000006,High
54,Male,6.8,8.5,116,1.2,9.0,5,Sad,78.2,Low
30,Female,4.8,4.5,86,1.7,5.3,5,Stressed,55.300000000000004,Medium
53,Female,7.3,7.3,83,1.7,8.6,6,Happy,76.7,Low
48,Male,6.1,7.7,83,2.8,3.0,8,Sad,50.19999999999999,Medium
19,Female,8.2,8.6,31,1.2,7.2,6,Sad,67.4,Medium
33,Female,7.9,9.3,89,2.9,5.8,7,Sad,76.29999999999998,Low
26,Female,7.6,2.5,99,4.7,7.4,9,Stressed,93.1,Low
26,Female,7.5,11.6,87,1.0,10.5,7,Sad,67.2,Medium
55,Female,6.8,10.3,64,2.5,11.7,9,Happy,60.09999999999999,Medium
28,Male,4.3,7.2,57,4.0,9.5,10,Stressed,39.00000000000001,High
39,Female,7.3,10.8,52,1.6,9.7,1,Neutral,85.20000000000002,Low
50,Female,6.3,5.2,91,1.3,7.3,3,Neutral,79.89999999999999,Low
53,Male,6.3,1.4,89,3.5,3.0,6,Happy,77.5,Low
40,Female,5.9,9.0,33,1.0,8.7,3,Happy,57.99999999999999,Medium
51,Male,8.6,11.4,89,4.2,3.5,2,Sad,100.0,Low
26,Female,5.2,2.8,99,1.3,4.5,5,Sad,61.7,Medium
41,Female,5.6,8.1,68,3.1,9.1,1,Stressed,83.1,Low
25,Male,8.8,9.9,55,4.0,8.6,5,Stressed,96.4,Low
24,Female,8.1,11.0,65,2.0,5.1,8,Stressed,60.2,Medium
53,Female,4.1,4.0,31,1.4,9.7,9,Stressed,29.6,High
35,Male,8.5,2.4,97,1.7,11.4,10,Neutral,90.9,Low
20,Male,5.1,3.7,49,4.4,7.5,6,Neutral,66.39999999999999,Medium
45,Female,7.5,7.4,93,3.8,8.8,4,Happy,99.4,Low
23,Male,6.8,11.1,23,1.8,4.7,3,Happy,56.79999999999999,Medium
38,Female,6.7,7.4,91,3.9,11.7,8,Sad,81.30000000000001,Low
45,Male,7.6,11.1,45,3.8,4.7,2,Sad,83.2,Low
57,Female,5.0,9.5,2,5.0,10.9,8,Sad,46.2,High
18,Male,4.8,7.6,116,2.6,11.3,7,Neutral,63.6,Medium
53,Male,7.3,1.2,113,4.5,9.2,2,Stressed,100.0,Low
38,Male,5.5,4.7,117,2.8,10.1,2,Neutral,95.2,Low
52,Male,8.9,1.6,9,4.6,6.6,2,Happy,100.0,Low
30,Male,6.3,4.5,5,1.4,11.2,1,Neutral,80.4,Low
27,Male,4.6,1.7,97,1.7,9.4,7,Sad,61.3,Medium
27,Male,7.4,2.8,94,4.4,5.3,8,Happy,87.8,Low
30,Male,5.5,5.5,51,4.3,2.3,7,Neutral,52.300000000000004,Medium
54,Male,4.7,6.7,106,2.2,7.4,4,Stressed,64.6,Medium
55,Female,6.1,3.4,49,3.4,10.4,9,Sad,65.8,Medium
41,Male,8.8,9.1,109,2.5,10.6,2,Happy,100.0,Low
19,Female,6.1,7.5,57,1.0,10.4,5,Neutral,63.2,Medium
39,Male,5.7,8.6,51,1.1,4.1,2,Happy,55.7,Medium
34,Female,6.2,9.1,12,1.2,6.3,3,Happy,52.800000000000004,Medium
53,Female,4.1,9.0,58,3.4,8.1,2,Neutral,59.8,Medium
31,Male,4.7,11.3,38,2.1,8.7,8,Sad,27.89999999999999,High
27,Male,8.2,3.6,52,1.6,5.3,10,Neutral,63.800000000000004,Medium
52,Female,8.9,4.0,57,4.8,8.9,6,Stressed,100.0,Low
42,Female,4.8,2.0,19,1.5,7.9,5,Stressed,51.099999999999994,Medium
20,Male,6.7,7.5,62,3.7,7.7,5,Sad,78.30000000000001,Low
55,Male,8.8,5.3,95,4.6,8.6,9,Happy,100.0,Low
34,Male,4.8,6.5,9,1.7,8.0,2,Sad,53.3,Medium
29,Female,4.9,2.9,25,1.9,3.7,1,Sad,61.1,Medium
41,Male,8.6,8.1,18,3.3,10.7,6,Happy,87.29999999999998,Low
46,Male,7.5,7.8,92,3.0,4.4,8,Neutral,69.60000000000001,Medium
42,Male,4.8,3.9,60,3.1,9.4,8,Happy,54.5,Medium
53,Male,6.0,6.1,76,3.2,3.8,6,Sad,62.6,Medium
43,Male,4.3,10.8,117,4.8,8.6,3,Stressed,74.00000000000001,Medium
55,Female,6.2,9.5,33,1.2,11.0,3,Neutral,65.6,Medium
18,Female,7.9,3.5,83,4.0,2.1,2,Neutral,100.0,Low
37,Male,6.8,10.7,43,1.9,11.8,2,Happy,80.29999999999998,Low
45,Male,7.2,1.7,103,2.5,2.3,2,Happy,98.29999999999998,Low
33,Female,5.6,5.6,17,1.4,2.1,7,Sad,31.400000000000002,High
34,Male,4.8,1.9,120,2.8,10.6,10,Neutral,63.400000000000006,Medium
57,Female,4.1,11.2,97,4.2,9.1,9,Neutral,41.2,High
45,Male,8.1,1.4,111,1.4,3.1,10,Happy,73.60000000000001,Medium
29,Female,7.2,2.7,71,2.1,11.4,7,Happy,86.1,Low
44,Female,5.1,11.1,15,2.5,8.7,8,Stressed,29.699999999999996,High
59,Male,6.1,7.4,103,1.4,3.1,5,Sad,60.0,Medium
47,Female,8.0,9.7,86,4.0,10.6,2,Stressed,100.0,Low
58,Male,6.7,1.2,95,4.1,6.8,8,Sad,85.69999999999999,Low
51,Female,5.5,5.6,76,4.3,4.8,5,Stressed,70.1,Medium
54,Male,5.3,11.8,25,3.3,10.3,9,Neutral,35.5,High
23,Male,5.1,7.4,101,3.0,9.4,6,Happy,66.2,Medium
24,Male,8.1,10.3,64,2.1,8.2,7,Sad,72.1,Medium
49,Female,6.9,11.6,65,3.6,11.0,1,Neutral,94.8,Low
49,Male,7.5,8.5,102,2.8,10.6,8,Sad,81.60000000000001,Low
42,Male,8.3,4.6,76,4.9,4.3,7,Neutral,94.1,Low
50,Male,8.9,4.4,26,4.9,10.8,7,Sad,100.0,Low
24,Female,5.2,1.8,3,4.6,5.7,7,Happy,55.4,Medium
29,Male,4.9,5.7,104,2.4,6.3,7,Neutral,54.99999999999999,Medium
33,Female,6.3,11.1,50,2.5,11.7,1,Happy,82.69999999999999,Low
33,Female,4.2,6.3,83,4.4,9.6,9,Happy,51.2,Medium
53,Female,8.0,11.0,2,3.9,5.2,7,Neutral,60.300000000000004,Medium
30,Male,8.4,10.0,86,3.8,8.5,7,Sad,89.2,Low
24,Male,7.4,11.8,65,2.1,7.4,1,Sad,84.7,Low
53,Female,5.3,11.4,15,4.3,3.2,6,Neutral,37.1,High
26,Male,4.6,8.8,73,3.3,10.9,10,Neutral,41.3,High
49,Male,5.9,10.6,27,2.8,10.2,8,Stressed,45.6,High
28,Female,8.2,9.2,43,4.5,9.8,5,Happy,94.29999999999998,Low
25,Female,5.7,8.7,17,2.6,7.6,1,Neutral,67.2,Medium
50,Male,4.2,8.9,1,3.6,4.2,5,Neutral,30.800000000000004,High
40,Female,5.4,8.9,77,2.9,10.8,2,Neutral,79.70000000000002,Low
42,Male,8.9,5.2,43,3.4,5.5,2,Happy,100.0,Low
25,Female,7.4,5.7,19,1.2,2.2,4,Happy,60.79999999999999,Medium
39,Male,8.5,4.2,55,2.8,11.8,4,Happy,100.0,Low
21,Male,7.9,2.6,119,3.2,10.6,10,Happy,94.8,Low
57,Female,6.7,6.0,119,3.0,8.2,7,Stressed,82.19999999999999,Low
20,Male,4.7,10.9,103,4.4,2.1,9,Stressed,36.0,High
46,Male,5.7,8.2,22,2.2,4.3,2,Neutral,56.60000000000001,Medium
58,Female,6.9,1.6,117,4.5,6.5,8,Happy,92.7,Low
46,Male,8.4,9.9,59,2.6,8.3,8,Neutral,73.6,Medium
51,Male,5.3,11.3,70,3.8,9.1,8,Happy,49.599999999999994,High
51,Male,4.6,10.1,44,1.3,9.9,9,Neutral,24.899999999999995,High
45,Female,6.8,9.0,46,1.8,7.6,9,Sad,47.400000000000006,High
30,Female,4.9,2.7,77,4.0,8.6,10,Happy,56.2,Medium
32,Female,7.1,4.8,36,1.0,10.1,7,Neutral,65.80000000000001,Medium
40,Female,5.3,7.2,7,4.9,9.2,5,Neutral,62.9,Medium
43,Female,5.2,1.8,113,1.8,11.5,7,Happy,75.0,Low
21,Male,6.0,2.2,4,4.6,10.7,7,Happy,72.79999999999998,Medium
43,Male,7.0,11.3,22,3.1,3.7,10,Stressed,34.70000000000001,High
57,Male,6.7,8.7,104,3.3,11.5,10,Neutral,69.9,Medium
26,Female,5.2,4.0,9,1.3,4.0,7,Sad,32.3,High
22,Male,8.5,4.6,112,2.5,11.9,8,Stressed,100.0,Low
49,Female,4.5,5.2,26,1.6,9.0,2,Happy,57.800000000000004,Medium
37,Male,4.2,1.8,120,3.1,8.3,4,Sad,78.5,Low
28,Female,7.0,9.1,98,3.2,5.2,9,Neutral,61.79999999999999,Medium
32,Male,4.6,2.9,0,3.8,3.3,4,Stressed,49.800000000000004,High
49,Male,6.5,9.9,70,4.5,3.3,2,Stressed,80.3,Low
45,Female,8.8,10.3,110,2.9,10.7,7,Neutral,97.30000000000001,Low
39,Male,7.5,8.0,114,1.9,6.3,6,Sad,79.89999999999999,Low
58,Male,7.1,9.5,7,2.3,7.6,4,Happy,64.10000000000001,Medium
34,Female,6.9,2.9,10,4.4,11.3,8,Stressed,77.80000000000001,Low
43,Male,4.9,7.3,97,1.6,4.6,6,Neutral,47.0,High
24,Male,6.2,8.4,115,3.5,9.6,8,Happy,72.9,Medium
59,Female,5.7,8.3,27,1.1,6.7,4,Happy,48.7,High
43,Female,8.8,2.3,33,2.0,4.1,2,Sad,100.0,Low
42,Female,5.2,4.8,42,3.4,10.5,6,Neutral,64.80000000000001,Medium
27,Female,6.4,4.6,83,2.8,8.8,9,Happy,67.0,Medium
36,Female,8.7,7.3,27,3.0,2.9,9,Happy,62.60000000000001,Medium
28,Male,7.9,9.4,48,3.6,7.4,9,Stressed,66.6,Medium
30,Female,8.8,7.3,60,1.9,10.5,3,Happy,100.0,Low
25,Female,7.0,9.3,105,2.1,2.7,3,Neutral,76.30000000000001,Low
57,Male,5.7,2.1,36,3.7,6.2,10,Stressed,50.9,Medium
21,Male,8.1,10.7,2,3.2,10.1,3,Sad,84.2,Low
48,Male,5.5,6.9,8,1.1,10.6,5,Stressed,49.5,High
45,Male,4.8,1.4,115,3.7,9.8,5,Sad,86.30000000000001,Low
28,Male,7.5,8.1,85,3.5,5.1,5,Neutral,83.5,Low
18,Female,7.2,6.7,88,1.3,7.1,8,Sad,64.89999999999999,Medium
55,Male,8.4,3.4,1,4.0,9.4,10,Sad,76.2,Low
41,Female,8.8,9.4,22,3.1,3.5,8,Sad,64.10000000000001,Medium
48,Male,8.3,11.3,50,1.8,7.9,8,Sad,63.2,Medium
58,Female,4.3,4.5,16,3.2,9.2,9,Sad,35.6,High
43,Male,7.3,6.4,120,3.4,10.5,10,Stressed,82.2,Low
22,Female,7.9,2.4,24,4.7,3.1,6,Happy,84.7,Low
37,Female,8.9,11.2,75,4.0,5.3,2,Stressed,100.0,Low
58,Female,5.9,4.5,26,2.2,7.4,9,Stressed,45.0,High
28,Female,4.8,3.1,19,1.5,9.0,6,Neutral,47.099999999999994,High
50,Female,8.3,6.3,72,4.4,9.3,1,Happy,100.0,Low
55,Female,5.6,1.5,86,4.4,4.5,5,Happy,81.2,Low
44,Female,7.0,3.8,35,1.7,2.1,7,Neutral,54.10000000000001,Medium
51,Female,5.9,1.7,27,1.2,8.9,1,Happy,80.8,Low
32,Female,6.0,2.4,113,3.8,11.1,7,Sad,91.0,Low
49,Female,7.7,2.2,111,3.9,10.0,5,Happy,100.0,Low
38,Male,5.8,10.6,28,1.7,8.2,5,Neutral,47.29999999999999,High
22,Female,7.5,11.2,116,3.7,11.8,2,Stressed,100.0,Low
23,Female,4.1,6.2,119,2.1,6.3,4,Happy,59.5,Medium
55,Male,5.6,7.9,41,2.0,7.3,9,Sad,37.00000000000001,High
39,Female,5.6,8.7,57,2.3,2.1,2,Neutral,57.70000000000001,Medium
35,Female,7.7,5.3,117,3.1,11.5,9,Happy,92.30000000000001,Low
31,Male,5.6,5.1,31,4.2,7.8,8,Stressed,56.6,Medium
27,Male,7.2,8.4,11,3.0,5.9,4,Sad,68.2,Medium
30,Female,7.4,5.1,29,2.2,2.4,2,Neutral,77.39999999999999,Low
48,Male,7.3,7.4,59,4.5,5.6,6,Neutral,79.7,Low
47,Female,7.0,6.7,10,1.2,2.0,7,Sad,40.599999999999994,High
20,Female,6.1,6.8,100,4.2,5.2,2,Neutral,90.80000000000001,Low
47,Female,5.9,10.1,83,4.1,11.5,8,Neutral,66.89999999999999,Medium
23,Male,6.8,8.7,10,2.0,3.5,9,Stressed,33.6,High
46,Female,4.3,11.6,111,1.8,7.5,5,Happy,46.0,High
25,Female,8.4,9.7,110,4.5,3.9,6,Sad,92.89999999999999,Low
50,Male,8.1,2.6,101,3.2,9.8,6,Happy,100.0,Low
34,Female,5.7,9.1,108,1.2,7.6,10,Stressed,41.599999999999994,High
28,Female,6.8,8.3,79,4.6,4.0,2,Happy,90.19999999999999,Low
30,Female,8.7,8.1,98,2.4,10.7,1,Stressed,100.0,Low
28,Female,5.4,6.3,49,2.4,9.8,5,Happy,62.8,Medium
48,Female,7.7,1.7,0,3.6,11.5,6,Sad,90.6,Low
45,Female,4.4,11.5,88,3.6,2.0,1,Neutral,56.599999999999994,Medium
23,Male,6.6,10.4,112,2.4,6.6,8,Sad,60.80000000000001,Medium
58,Female,8.4,6.4,26,1.6,12.0,5,Neutral,88.4,Low
33,Female,6.8,2.7,115,3.2,10.1,5,Sad,100.0,Low
21,Male,7.1,10.1,31,3.5,10.3,8,Neutral,63.1,Medium
52,Female,8.5,5.7,5,4.4,8.2,8,Happy,81.0,Low
43,Female,7.6,5.3,40,2.9,9.1,9,Happy,70.10000000000001,Medium
29,Male,7.5,8.3,35,3.6,10.1,4,Neutral,87.60000000000001,Low
28,Male,6.9,9.3,38,1.2,2.9,3,Happy,57.79999999999999,Medium
54,Male,7.2,1.7,86,4.6,8.9,10,Stressed,86.6,Low
42,Male,8.0,9.4,92,2.3,10.2,2,Sad,100.0,Low
35,Male,8.9,9.1,29,3.5,2.4,1,Sad,94.89999999999999,Low
36,Male,8.0,7.5,85,4.7,5.0,10,Sad,75.5,Low
40,Male,7.5,4.7,56,4.2,5.2,5,Neutral,88.2,Low
55,Female,4.7,2.8,10,3.6,10.5,6,Neutral,58.4,Medium
35,Female,8.1,2.1,89,3.8,9.8,8,Sad,100.0,Low
43,Female,7.7,1.0,86,4.7,8.6,6,Neutral,100.0,Low
23,Male,7.9,3.3,2,4.2,10.0,2,Stressed,100.0,Low
21,Female,5.2,5.5,47,3.4,6.5,8,Stressed,48.400000000000006,High
46,Male,8.5,3.7,5,3.6,10.7,5,Sad,98.0,Low
51,Female,4.5,4.4,6,1.6,4.3,3,Happy,42.00000000000001,High
34,Female,5.3,5.3,43,2.9,9.0,6,Happy,59.5,Medium
33,Female,7.3,4.4,102,2.2,4.4,6,Happy,80.4,Low
19,Female,7.4,9.0,60,2.7,2.4,3,Sad,74.3,Medium
51,Male,5.6,6.4,53,3.6,4.8,7,Neutral,53.4,Medium
25,Male,7.5,1.2,50,1.6,6.9,7,Sad,76.39999999999999,Low
30,Female,5.9,3.5,85,1.1,10.4,7,Sad,67.3,Medium
59,Male,4.0,8.8,47,2.6,7.1,8,Sad,26.999999999999996,High
25,Male,4.8,4.3,113,2.3,3.8,7,Happy,53.1,Medium
47,Female,8.4,11.1,105,2.7,11.9,4,Happy,100.0,Low
49,Male,5.1,8.8,60,4.7,4.7,5,Happy,58.300000000000004,Medium
53,Male,4.6,4.2,96,3.8,11.9,4,Sad,83.6,Low
47,Male,7.4,6.7,39,2.3,11.4,2,Neutral,94.69999999999999,Low
18,Male,6.2,8.3,2,1.7,7.4,7,Neutral,41.10000000000001,High
56,Female,8.0,3.1,29,3.5,2.9,3,Neutral,90.89999999999999,Low
34,Female,8.3,3.7,111,3.6,9.0,1,Neutral,100.0,Low
37,Male,8.2,6.6,23,2.9,10.5,1,Neutral,100.0,Low
41,Female,5.6,11.2,66,1.9,6.5,9,Neutral,33.300000000000004,High
39,Female,6.5,4.8,1,1.1,4.4,3,Sad,57.900000000000006,Medium
46,Female,7.3,5.4,43,2.1,10.0,7,Stressed,73.3,Medium
39,Male,5.6,3.1,39,2.8,7.5,9,Happy,50.599999999999994,Medium
26,Male,4.2,7.5,18,4.2,4.0,7,Neutral,31.599999999999994,High
54,Female,6.5,9.1,62,4.4,11.5,8,Happy,72.2,Medium
27,Female,4.1,5.8,23,2.7,11.5,6,Stressed,46.5,High
53,Male,8.8,9.3,49,4.2,5.7,3,Stressed,99.6,Low
54,Female,8.0,4.3,19,5.0,2.6,1,Sad,100.0,Low
45,Male,5.0,8.8,56,3.9,8.3,10,Neutral,39.7,High
45,Female,5.4,3.8,110,3.9,5.2,8,Stressed,66.30000000000001,Medium
59,Male,8.9,9.6,112,4.6,2.7,6,Happy,96.60000000000001,Low
38,Male,5.9,10.1,49,2.4,10.9,2,Stressed,74.39999999999999,Medium
41,Male,7.9,9.8,94,1.0,12.0,10,Sad,67.19999999999999,Medium
59,Male,6.2,3.4,113,4.9,5.5,8,Sad,81.3,Low
57,Female,8.3,8.6,104,3.0,9.4,4,Stressed,100.0,Low
19,Male,7.5,6.9,57,4.1,2.7,10,Stressed,58.50000000000001,Medium
25,Female,4.1,11.8,30,4.2,5.7,9,Neutral,19.799999999999997,High
44,Male,5.5,5.0,36,2.6,3.1,9,Stressed,35.400000000000006,High
39,Male,6.8,9.5,106,3.2,2.6,9,Happy,55.400000000000006,Medium
54,Female,8.6,5.1,92,3.2,7.9,4,Neutral,100.0,Low
44,Female,4.5,5.4,3,1.9,10.0,6,Stressed,40.3,High
46,Female,7.0,2.2,57,1.5,6.5,4,Neutral,81.5,Low
20,Male,5.5,3.6,9,3.2,7.2,10,Neutral,39.99999999999999,High
30,Male,8.4,2.8,62,1.5,4.7,10,Neutral,67.70000000000002,Medium
27,Female,7.8,2.8,35,2.4,9.4,5,Sad,90.2,Low
53,Male,5.8,1.1,54,1.7,5.6,7,Sad,58.3,Medium
26,Female,4.8,9.7,98,3.8,2.7,7,Stressed,44.59999999999999,High
44,Male,4.1,6.1,56,4.5,3.7,10,Sad,29.9,High
51,Male,7.1,9.8,111,3.3,3.3,6,Stressed,72.69999999999999,Medium
18,Male,6.0,7.7,84,2.6,6.4,10,Happy,47.19999999999999,High
49,Female,5.6,10.1,42,5.0,2.7,4,Neutral,58.6,Medium
42,Male,8.9,6.5,104,1.1,10.1,5,Stressed,100.0,Low
46,Female,6.3,2.0,64,2.2,11.1,5,Sad,85.0,Low
24,Female,7.7,7.8,105,2.1,4.5,9,Sad,65.9,Medium
20,Male,4.9,8.5,11,2.4,6.9,6,Sad,36.0,High
37,Female,4.1,7.9,61,1.9,7.2,4,Sad,45.300000000000004,High
37,Female,6.1,9.8,23,2.1,11.9,6,Stressed,56.3,Medium
47,Male,7.3,9.0,1,2.0,2.7,7,Sad,42.6,High
52,Female,6.5,5.8,46,3.0,8.7,7,Happy,67.0,Medium
52,Female,8.5,10.0,55,2.6,5.5,10,Stressed,60.0,Medium
56,Male,6.2,8.6,83,3.6,7.0,3,Happy,81.39999999999999,Low
44,Male,5.6,2.3,15,3.1,4.2,6,Happy,54.300000000000004,Medium
43,Male,8.6,6.9,33,1.7,3.6,7,Neutral,66.5,Medium
31,Female,6.0,9.0,76,4.2,4.4,1,Happy,83.0,Low
34,Female,5.3,7.1,17,2.9,2.7,4,Happy,46.1,High
35,Male,4.5,11.4,28,1.6,4.8,7,Neutral,17.4,High
46,Female,8.0,2.1,53,1.7,8.9,10,Stressed,72.69999999999999,Medium
37,Male,8.1,8.9,50,4.2,8.5,1,Stressed,100.0,Low
44,Male,4.2,10.1,106,3.8,7.5,8,Stressed,45.0,High
35,Male,5.8,8.7,13,3.0,2.0,6,Happy,38.199999999999996,High
21,Female,7.7,5.2,93,2.2,3.3,6,Happy,78.79999999999998,Low
18,Female,8.7,5.2,57,2.8,10.4,3,Stressed,100.0,Low
18,Male,5.9,7.5,34,3.5,4.7,6,Stressed,53.699999999999996,Medium
43,Male,8.4,5.4,8,4.5,11.1,4,Happy,100.0,Low
37,Female,6.0,10.7,36,3.2,10.7,9,Sad,47.2,High
40,Male,4.9,2.2,109,2.1,3.5,4,Sad,67.89999999999999,Medium
27,Female,4.0,8.0,102,1.2,11.0,6,Neutral,48.400000000000006,High
28,Male,5.7,2.5,11,1.7,8.3,6,Stressed,55.300000000000004,Medium
58,Male,5.9,6.9,84,3.6,8.3,1,Stressed,92.6,Low
58,Female,8.7,8.9,81,1.6,10.5,4,Neutral,98.4,Low
22,Female,5.0,2.8,10,2.9,6.1,9,Neutral,37.099999999999994,High
18,Female,5.9,8.7,26,3.8,9.4,10,Neutral,44.60000000000001,High
34,Female,4.1,2.5,87,2.2,8.7,6,Neutral,57.800000000000004,Medium
39,Female,7.8,7.8,104,3.7,9.7,4,Stressed,100.0,Low
51,Male,8.6,6.6,42,3.3,8.6,7,Stressed,86.9,Low
58,Male,5.2,4.3,49,2.8,2.8,10,Sad,32.800000000000004,High
46,Female,6.1,2.2,97,4.6,4.9,7,Sad,80.8,Low
21,Female,4.6,9.1,19,3.8,11.4,5,Happy,53.39999999999999,Medium
22,Male,6.3,5.2,12,2.4,4.2,4,Stressed,59.4,Medium
28,Male,4.7,2.0,46,4.2,6.7,4,Happy,70.60000000000001,Medium
38,Female,6.6,9.5,7,4.0,5.6,7,Stressed,51.60000000000001,Medium
52,Female,7.7,3.6,100,4.2,2.9,6,Stressed,92.6,Low
29,Male,6.8,9.1,68,3.6,3.8,4,Sad,72.99999999999999,Medium
43,Female,5.2,7.2,70,2.5,4.9,3,Sad,61.89999999999999,Medium
36,Male,5.8,3.1,63,2.4,6.6,2,Happy,81.6,Low
24,Male,7.2,1.8,43,3.6,10.7,4,Happy,100.0,Low
24,Female,6.9,7.5,115,1.5,7.2,7,Neutral,70.9,Medium
43,Male,4.7,1.3,11,4.3,8.5,2,Happy,77.10000000000001,Low
57,Male,8.2,1.7,104,2.5,6.3,9,Stressed,88.49999999999999,Low
22,Male,6.4,8.7,3,3.5,10.7,9,Stressed,50.09999999999999,Medium
38,Female,4.8,6.9,39,3.0,8.6,6,Stressed,50.2,Medium
31,Male,4.6,4.6,18,3.1,2.9,9,Sad,25.699999999999992,High
21,Female,8.8,6.9,53,4.0,6.8,1,Neutral,100.0,Low
40,Male,5.4,7.5,0,3.5,10.3,6,Stressed,53.1,Medium
59,Male,8.5,7.2,118,2.0,9.3,3,Neutral,100.0,Low
37,Male,6.1,8.1,106,1.3,11.1,6,Neutral,70.7,Medium
32,Male,5.9,11.3,118,4.4,4.3,5,Stressed,70.6,Medium
46,Male,7.5,5.3,12,4.5,11.8,5,Neutral,92.9,Low
25,Female,4.0,4.3,49,1.7,4.9,1,Stressed,55.5,Medium
58,Female,5.7,1.4,52,2.2,2.5,5,Stressed,60.60000000000001,Medium
36,Male,5.5,2.6,115,2.1,7.0,6,Stressed,73.3,Medium
56,Female,8.3,2.2,41,4.7,3.1,1,Sad,100.0,Low
45,Female,6.6,4.7,108,1.8,8.8,10,Sad,64.79999999999998,Medium
44,Male,5.8,7.7,24,1.7,11.0,7,Happy,49.9,High
21,Female,5.3,1.5,43,1.7,11.2,1,Stressed,85.5,Low
32,Female,7.0,9.0,108,3.9,8.1,7,Stressed,81.3,Low
52,Female,4.8,5.4,97,4.6,7.4,9,Stressed,58.400000000000006,Medium
54,Female,5.2,11.6,98,2.6,11.9,7,Happy,57.19999999999999,Medium
18,Male,5.5,7.3,60,1.5,7.8,10,Sad,35.5,High
20,Female,7.0,9.5,80,3.3,11.3,5,Sad,86.1,Low
41,Male,5.9,10.5,89,1.8,11.2,3,Happy,75.19999999999999,Low
44,Male,6.5,10.8,20,1.3,4.9,7,Stressed,35.7,High
57,Female,7.3,6.7,50,4.5,2.1,6,Stressed,72.3,Medium
53,Male,8.8,5.4,75,4.5,6.4,8,Sad,95.5,Low
51,Female,7.8,7.2,79,4.9,10.6,8,Stressed,93.1,Low
46,Male,6.0,5.4,51,2.9,10.4,10,Sad,54.7,Medium
41,Female,7.7,3.6,62,2.2,8.0,6,Stressed,85.2,Low
41,Female,8.7,4.6,83,4.1,3.6,7,Neutral,94.1,Low
59,Male,6.5,3.6,53,1.7,3.1,3,Sad,71.1,Medium
21,Female,6.1,4.0,9,2.0,11.5,4,Neutral,71.8,Medium
20,Female,4.4,2.0,86,2.0,6.2,7,Sad,51.6,Medium
51,Female,8.5,5.7,118,4.8,8.5,6,Happy,100.0,Low
40,Female,5.2,3.6,110,3.9,11.1,3,Sad,96.5,Low
40,Male,4.3,5.9,93,1.5,10.7,10,Sad,38.699999999999996,High
22,Male,6.7,9.7,58,1.4,7.7,7,Stressed,53.59999999999999,Medium
48,Male,8.2,5.9,7,4.4,6.9,3,Stressed,95.4,Low
58,Female,6.0,11.5,50,4.2,9.4,10,Happy,46.8,High
23,Male,7.9,2.6,4,3.7,5.5,8,Stressed,72.1,Medium
54,Female,8.2,10.4,75,1.8,8.3,7,Stressed,73.80000000000001,Medium
27,Female,6.3,3.7,41,2.9,2.2,4,Happy,66.7,Medium
57,Female,7.0,11.3,117,3.4,10.2,1,Happy,100.0,Low
24,Male,6.7,3.5,77,4.7,12.0,6,Sad,98.9,Low
56,Male,8.7,9.2,117,1.7,11.5,5,Stressed,100.0,Low
55,Male,7.6,1.7,11,3.1,5.6,9,Stressed,65.5,Medium
38,Male,8.6,7.9,23,1.6,7.3,10,Happy,57.4,Medium
37,Female,5.1,3.4,44,2.8,4.4,6,Sad,51.8,Medium
20,Male,5.6,8.4,52,1.8,5.0,1,Stressed,64.60000000000001,Medium
39,Male,4.4,8.0,52,4.3,6.6,3,Happy,61.10000000000001,Medium
21,Male,6.5,11.2,16,2.0,9.5,2,Sad,66.80000000000001,Medium
45,Male,8.4,7.9,64,2.7,2.2,3,Stressed,86.9,Low
29,Female,5.6,5.5,117,2.6,5.9,1,Stressed,89.2,Low
55,Male,4.6,3.1,105,4.5,7.6,2,Happy,90.5,Low
53,Male,4.3,8.2,57,4.0,4.2,8,Happy,34.400000000000006,High
58,Male,6.2,2.3,36,1.2,2.8,3,Neutral,64.2,Medium
22,Female,4.8,10.1,74,1.3,7.4,9,Sad,27.899999999999995,High
30,Male,5.7,3.7,41,3.2,8.4,4,Happy,74.6,Medium
40,Male,8.1,6.8,69,2.7,8.4,2,Sad,100.0,Low
47,Male,5.9,7.6,78,2.1,5.6,7,Happy,53.099999999999994,Medium
54,Female,7.0,5.0,104,4.2,4.4,9,Sad,74.6,Medium
42,Female,6.5,8.3,39,1.5,4.2,5,Sad,52.099999999999994,Medium
44,Male,7.6,3.8,22,4.9,2.4,1,Stressed,98.10000000000001,Low
31,Male,4.8,1.4,22,1.1,3.8,9,Sad,26.700000000000003,High
53,Female,8.6,11.6,101,1.5,10.2,9,Neutral,74.9,Medium
56,Female,7.2,4.5,101,2.2,2.0,7,Stressed,70.2,Medium
33,Female,5.4,8.8,48,3.0,2.4,1,Sad,61.79999999999999,Medium
39,Female,4.6,6.6,75,1.9,3.3,4,Happy,47.9,High
38,Female,4.7,8.4,6,3.9,6.2,1,Neutral,59.300000000000004,Medium
38,Male,7.9,2.2,36,2.4,5.3,3,Stressed,92.39999999999999,Low
25,Male,6.9,6.7,15,1.2,3.8,7,Sad,44.199999999999996,High
33,Male,5.9,5.3,118,4.5,3.1,1,Happy,96.7,Low
48,Male,5.7,6.0,37,4.8,11.4,8,Sad,67.2,Medium
59,Female,8.3,11.6,103,3.5,11.1,10,Neutral,80.1,Low
27,Female,8.4,2.5,98,4.2,9.7,4,Happy,100.0,Low
49,Female,6.9,9.3,39,1.5,4.5,4,Happy,58.69999999999999,Medium
51,Female,6.6,4.6,28,2.1,5.2,1,Happy,79.3,Low
26,Female,8.1,4.2,102,2.3,8.7,5,Stressed,100.0,Low
34,Male,7.7,4.0,16,4.8,4.9,8,Stressed,74.0,Medium
28,Male,6.0,4.8,114,3.0,7.3,8,Neutral,70.8,Medium
49,Male,4.4,4.9,89,1.0,8.5,7,Happy,46.0,High
27,Male,7.8,4.0,19,2.5,7.2,7,Sad,72.7,Medium
39,Male,4.8,8.3,109,1.0,6.1,8,Sad,38.39999999999999,High
34,Female,4.1,1.5,24,2.0,5.5,8,Stressed,31.799999999999997,High
21,Female,8.2,4.7,59,2.8,9.8,1,Happy,100.0,Low
42,Female,6.9,4.1,37,2.3,9.4,2,Neutral,90.5,Low
38,Female,8.5,9.3,62,1.1,9.0,10,Happy,62.30000000000001,Medium
54,Female,6.4,2.6,38,1.5,5.7,8,Happy,53.29999999999999,Medium
55,Male,8.6,11.3,63,3.2,9.8,1,Happy,100.0,Low
18,Male,5.8,2.9,100,3.8,11.6,9,Stressed,78.4,Low
42,Male,7.6,5.1,82,2.6,8.9,9,Sad,77.0,Low
53,Female,5.5,3.2,20,3.9,6.1,10,Sad,44.3,High
34,Female,4.0,4.2,31,1.7,10.0,2,Neutral,58.300000000000004,Medium
58,Female,5.9,9.4,27,1.5,8.1,6,Stressed,45.30000000000001,High
41,Female,7.7,6.2,102,4.4,10.8,4,Neutral,100.0,Low
19,Male,4.8,2.8,104,2.4,9.1,10,Neutral,53.400000000000006,Medium
57,Female,6.5,1.5,11,2.7,9.7,7,Stressed,69.1,Medium
32,Male,5.1,3.5,120,4.8,8.7,2,Sad,100.0,Low
49,Female,4.4,11.4,110,2.7,2.9,10,Sad,22.500000000000004,High
56,Male,7.1,10.3,78,1.0,6.9,1,Sad,80.8,Low
23,Female,8.8,5.8,91,4.8,2.6,9,Stressed,87.8,Low
18,Female,5.6,6.3,119,1.1,6.5,9,Stressed,49.7,High
40,Male,6.9,10.9,84,3.6,9.2,9,Stressed,64.4,Medium
56,Male,8.8,7.5,79,2.3,6.2,5,Sad,92.7,Low
34,Female,7.3,10.7,22,2.9,2.0,3,Neutral,62.5,Medium
51,Male,7.4,6.4,115,3.2,5.7,6,Sad,87.60000000000001,Low
58,Female,4.9,3.2,89,2.6,2.7,10,Neutral,38.79999999999999,High
46,Female,6.5,9.0,14,4.1,9.8,1,Sad,85.9,Low
26,Male,5.8,6.8,100,4.7,9.8,10,Happy,67.5,Medium
30,Female,6.4,8.4,11,1.3,10.1,8,Stressed,44.10000000000001,High
23,Female,8.0,2.7,3,4.2,2.3,10,Neutral,60.79999999999999,Medium
23,Male,6.3,8.1,34,1.5,2.3,4,Neutral,49.699999999999996,High
37,Female,4.3,5.2,94,1.3,11.0,2,Sad,71.9,Medium
20,Female,8.5,4.7,60,4.8,3.2,4,Neutral,100.0,Low
34,Female,6.7,8.4,26,3.0,8.7,1,Happy,83.80000000000001,Low
29,Female,8.6,7.5,95,1.6,10.0,10,Neutral,78.0,Low
18,Male,6.9,8.1,32,3.3,6.5,10,Neutral,48.7,High
34,Male,4.3,11.6,12,2.1,7.5,8,Happy,15.700000000000003,High
20,Male,6.8,8.7,36,2.9,4.3,6,Stressed,56.90000000000001,Medium
43,Female,6.9,8.0,43,3.5,11.2,1,Sad,97.5,Low
32,Male,5.1,7.7,1,4.5,5.0,1,Sad,64.30000000000001,Medium
53,Male,6.4,5.4,37,1.0,4.2,2,Stressed,66.00000000000001,Medium
49,Male,6.3,10.2,36,1.9,7.3,7,Happy,45.900000000000006,High
49,Female,7.1,5.2,58,1.4,3.9,2,Stressed,78.99999999999999,Low
21,Male,5.3,8.7,113,1.4,8.9,3,Neutral,70.99999999999999,Medium
35,Male,6.9,4.2,119,4.8,7.2,9,Sad,86.8,Low
36,Female,5.2,2.6,68,4.7,3.5,1,Sad,86.89999999999999,Low
52,Female,6.2,2.4,17,4.0,2.7,9,Sad,50.00000000000001,Medium
57,Female,4.6,8.0,47,3.6,3.4,6,Happy,40.2,High
31,Female,4.2,4.6,80,4.4,3.4,9,Happy,41.599999999999994,High
50,Female,5.6,4.0,65,1.2,5.1,10,Neutral,37.2,High
31,Female,5.4,7.5,48,1.5,10.3,8,Happy,44.699999999999996,High
51,Male,6.0,1.3,105,2.3,2.6,7,Happy,67.10000000000001,Medium
21,Male,8.8,3.7,57,4.3,3.3,10,Happy,80.1,Low
41,Female,6.6,4.7,34,2.9,5.0,7,Stressed,59.89999999999999,Medium
46,Female,6.8,8.8,77,3.0,7.5,6,Stressed,71.80000000000001,Medium
36,Male,8.7,7.0,114,1.9,9.6,8,Sad,92.5,Low
23,Female,8.6,10.4,75,3.6,11.2,9,Happy,84.6,Low
50,Female,8.4,4.7,57,4.6,6.1,8,Happy,89.2,Low
57,Male,4.5,4.3,96,2.3,3.1,9,Sad,37.30000000000001,High
36,Female,7.2,1.4,6,3.5,4.1,5,Happy,76.10000000000001,Low
18,Female,8.0,11.5,102,2.3,4.9,3,Stressed,86.7,Low
22,Male,8.2,6.5,108,4.2,9.9,4,Happy,100.0,Low
44,Male,6.9,6.5,8,2.9,8.9,4,Stressed,73.89999999999999,Medium
33,Male,4.1,11.2,68,2.4,4.1,9,Stressed,16.399999999999995,High
23,Male,8.9,4.2,3,2.7,10.4,9,Sad,79.49999999999999,Low
57,Male,6.4,4.7,31,1.4,10.6,1,Neutral,85.0,Low
30,Female,6.0,8.2,4,4.5,10.8,5,Happy,68.5,Medium
52,Female,6.0,9.6,55,4.8,4.8,2,Neutral,77.39999999999999,Low
36,Female,6.1,8.7,55,2.9,3.3,5,Neutral,55.699999999999996,Medium
29,Female,5.2,9.7,115,1.9,3.0,5,Neutral,51.099999999999994,Medium
33,Female,5.6,7.3,43,3.7,6.0,3,Sad,68.5,Medium
27,Male,8.9,10.5,71,2.8,6.3,4,Neutral,92.8,Low
42,Female,5.8,7.1,12,2.0,10.7,7,Sad,49.6,High
37,Female,6.6,3.5,3,1.2,4.7,10,Happy,34.99999999999999,High
48,Female,8.2,7.0,51,4.6,8.3,4,Neutral,100.0,Low
21,Female,6.6,8.8,74,4.2,9.9,3,Stressed,91.99999999999999,Low
40,Female,5.6,8.2,14,4.3,4.7,10,Neutral,33.3,High
19,Male,6.6,3.7,119,2.8,4.7,4,Neutral,89.8,Low
39,Female,4.6,1.5,109,4.0,8.7,2,Stressed,94.19999999999999,Low
54,Female,4.7,3.8,81,3.3,9.3,1,Happy,86.70000000000002,Low
25,Female,7.5,11.8,83,2.5,11.6,5,Stressed,83.7,Low
24,Female,8.6,3.0,0,4.4,10.5,9,Happy,87.0,Low
31,Female,7.6,6.1,64,5.0,10.2,9,Sad,86.0,Low
20,Female,4.4,8.0,10,4.6,8.9,1,Sad,66.8,Medium
33,Male,6.0,10.7,92,4.1,3.2,1,Stressed,79.9,Low
36,Female,4.0,9.4,60,4.0,10.1,8,Sad,41.400000000000006,High
35,Male,6.6,11.0,92,3.6,11.4,7,Stressed,75.2,Low
33,Male,5.0,7.6,87,4.4,5.9,7,Sad,58.0,Medium
25,Female,8.3,10.5,83,3.0,5.1,9,Stressed,67.8,Medium
50,Female,4.5,3.9,93,1.7,7.2,5,Stressed,58.699999999999996,Medium
29,Female,4.0,5.7,62,4.1,11.6,8,Sad,52.7,Medium
28,Male,6.3,10.3,37,4.7,2.5,7,Sad,50.30000000000001,Medium
22,Female,4.8,4.6,68,2.4,9.1,2,Happy,74.6,Medium
44,Female,7.7,10.6,44,4.1,10.1,2,Stressed,97.3,Low
29,Female,8.6,5.0,73,2.1,9.9,4,Neutral,100.0,Low
34,Male,4.2,5.0,69,4.8,7.7,1,Neutral,81.2,Low
23,Male,6.0,4.4,67,3.7,11.2,10,Neutral,65.5,Medium
50,Female,9.0,7.0,3,3.3,3.3,5,Stressed,79.69999999999999,Low
22,Male,7.7,2.4,70,4.1,4.5,5,Happy,95.7,Low
45,Female,8.8,1.4,47,4.3,5.1,1,Happy,100.0,Low
31,Male,4.8,10.9,96,4.6,2.1,5,Stressed,52.60000000000001,Medium
22,Female,5.1,11.2,8,4.6,5.7,4,Sad,48.599999999999994,High
50,Male,4.8,1.8,89,1.2,3.6,10,Sad,35.400000000000006,High
58,Female,5.5,7.0,114,1.5,9.2,5,Neutral,69.69999999999999,Medium
36,Female,7.6,6.9,115,4.3,6.1,4,Stressed,100.0,Low
39,Male,4.8,5.1,46,4.8,9.0,9,Neutral,53.0,Medium
22,Male,6.6,7.3,104,2.2,4.9,9,Happy,57.0,Medium
19,Male,5.3,6.0,84,1.0,3.3,3,Stressed,57.4,Medium
47,Male,8.1,6.4,59,2.3,3.3,3,Stressed,86.1,Low
56,Male,4.0,9.3,51,2.5,4.0,3,Happy,40.1,High
21,Female,5.1,6.8,85,4.0,3.2,7,Neutral,52.800000000000004,Medium
50,Female,7.0,4.6,32,1.2,4.2,1,Happy,77.60000000000001,Low
30,Male,4.5,7.4,57,1.9,7.8,4,Neutral,50.70000000000001,Medium
37,Female,6.3,8.0,96,4.6,4.6,9,Neutral,62.400000000000006,Medium
24,Female,6.2,8.3,47,1.6,5.4,8,Neutral,41.60000000000001,High
32,Male,8.3,7.8,4,4.0,2.5,3,Neutral,81.2,Low
40,Female,7.1,8.3,84,2.4,10.9,8,Neutral,72.99999999999999,Medium
31,Female,7.2,4.4,26,3.7,3.4,6,Neutral,69.7,Medium
40,Male,8.8,5.9,40,1.3,5.5,10,Neutral,61.7,Medium
36,Male,8.9,8.4,0,2.1,5.8,3,Sad,82.3,Low
46,Female,7.3,9.3,50,2.7,9.7,9,Happy,61.300000000000004,Medium
37,Male,6.6,5.8,15,4.4,6.8,10,Happy,53.00000000000001,Medium
46,Female,7.0,5.0,98,3.3,5.8,7,Neutral,79.69999999999999,Low
41,Male,5.9,8.9,99,1.2,9.0,8,Happy,53.0,Medium
35,Male,8.9,3.4,107,4.2,8.0,10,Sad,100.0,Low
27,Male,7.5,1.1,31,1.2,2.8,2,Happy,82.6,Low
58,Male,5.5,6.2,92,4.7,5.1,3,Sad,82.7,Low
25,Female,4.3,2.9,102,1.8,11.8,7,Sad,62.20000000000001,Medium
43,Male,4.2,5.2,46,3.0,6.8,2,Neutral,61.400000000000006,Medium
46,Male,5.0,4.2,22,1.3,6.2,6,Happy,40.9,High
27,Female,5.2,9.5,14,3.2,3.5,7,Happy,30.799999999999997,High
34,Female,6.1,4.6,25,3.0,10.4,6,Sad,68.6,Medium
19,Female,5.1,8.0,36,2.6,3.3,5,Neutral,41.800000000000004,High
23,Female,7.2,8.4,88,1.1,3.1,9,Neutral,48.5,High
22,Male,5.1,6.0,54,4.5,6.4,3,Sad,73.1,Medium
45,Female,4.9,1.9,1,4.2,6.4,5,Stressed,59.2,Medium
58,Male,6.4,8.7,75,3.5,11.8,5,Stressed,82.69999999999999,Low
22,Female,8.4,1.8,18,3.3,3.3,8,Happy,75.1,Low
35,Male,6.3,2.1,31,3.8,6.8,8,Neutral,65.6,Medium
43,Female,6.1,3.2,86,1.6,4.0,1,Sad,83.8,Low
37,Male,6.9,4.1,68,4.7,9.0,6,Stressed,91.89999999999999,Low
58,Male,5.3,10.3,54,2.1,5.9,6,Neutral,41.5,High
44,Female,5.8,8.4,88,3.6,8.5,10,Stressed,53.8,Medium
29,Male,5.1,5.3,120,3.4,5.4,2,Sad,84.2,Low
24,Male,6.9,11.8,98,3.5,7.6,5,Neutral,77.7,Low
20,Male,7.5,3.7,55,4.5,6.7,6,Neutral,90.5,Low
27,Male,7.4,7.7,28,2.2,5.7,3,Stressed,74.6,Medium
51,Female,5.3,10.3,101,4.0,7.4,1,Neutral,83.39999999999999,Low
42,Male,7.9,9.8,108,3.4,5.8,9,Neutral,73.6,Medium
52,Male,5.3,2.0,83,1.3,10.1,2,Sad,84.3,Low
33,Female,4.8,8.7,110,2.7,7.0,4,Stressed,64.1,Medium
19,Female,5.7,3.8,35,4.4,11.0,9,Neutral,64.4,Medium
41,Female,7.0,4.9,115,2.3,4.2,9,Happy,67.10000000000001,Medium
27,Male,4.7,6.4,70,2.9,3.1,8,Happy,36.900000000000006,High
55,Male,7.2,9.7,85,3.0,5.8,4,Happy,80.19999999999999,Low
39,Female,8.3,2.8,81,3.5,3.8,1,Neutral,100.0,Low
43,Male,5.5,2.2,52,4.5,5.9,7,Happy,67.3,Medium
56,Female,6.3,2.7,84,1.7,4.1,2,Neutral,83.1,Low
44,Male,5.1,3.4,85,3.0,10.7,8,Neutral,65.6,Medium
46,Female,5.8,1.7,38,2.7,7.7,10,Sad,51.09999999999999,Medium
55,Male,4.1,11.2,75,2.2,7.0,10,Happy,18.6,High
37,Female,8.8,4.5,10,4.7,9.9,2,Sad,100.0,Low
44,Male,6.1,2.9,119,1.0,3.3,10,Stressed,50.6,Medium
58,Female,7.9,8.0,75,1.5,10.6,3,Stressed,94.7,Low
37,Male,4.7,9.7,89,3.9,6.8,6,Neutral,54.50000000000001,Medium
36,Male,8.1,9.3,29,2.1,3.4,4,Neutral,69.49999999999999,Medium
37,Male,8.3,8.9,78,3.9,10.2,2,Sad,100.0,Low
52,Female,7.6,1.6,71,4.3,6.6,1,Neutral,100.0,Low
19,Male,8.5,9.6,106,2.0,8.0,3,Stressed,100.0,Low
47,Male,4.8,6.5,52,1.8,10.9,4,Sad,60.2,Medium
51,Male,6.4,8.1,81,1.6,10.9,9,Happy,57.8,Medium
39,Female,7.1,11.5,73,1.8,10.9,9,Stressed,57.39999999999999,Medium
20,Male,7.0,9.9,7,2.1,6.2,5,Neutral,54.50000000000001,Medium
23,Female,8.3,10.1,101,4.5,9.5,5,Neutral,100.0,Low
32,Male,5.1,3.0,98,4.1,4.3,7,Sad,65.69999999999999,Medium
44,Female,4.9,6.2,19,1.0,10.3,8,Neutral,34.0,High
27,Female,5.3,11.4,11,4.5,5.4,3,Stressed,53.7,Medium
26,Male,8.5,7.4,112,1.3,6.6,5,Happy,92.30000000000001,Low
50,Female,8.7,2.1,66,3.6,10.9,7,Happy,100.0,Low
49,Female,6.8,9.1,83,1.6,10.1,2,Happy,86.6,Low
23,Male,6.5,1.5,49,1.2,11.5,9,Neutral,64.8,Medium
58,Female,7.0,9.2,11,4.0,5.6,3,Sad,73.00000000000001,Medium
53,Female,7.1,10.7,53,2.9,3.5,7,Happy,53.69999999999999,Medium
19,Female,4.9,5.7,87,3.4,11.1,9,Happy,58.2,Medium
46,Female,7.4,5.5,79,2.7,6.9,9,Neutral,70.1,Medium
21,Male,6.3,4.3,53,1.3,10.9,3,Sad,81.3,Low
18,Female,6.6,10.6,73,4.0,9.3,2,Sad,90.0,Low
36,Female,4.2,7.0,18,4.3,10.7,5,Happy,54.49999999999999,Medium
43,Male,7.8,7.4,104,1.2,8.5,5,Stressed,87.0,Low
42,Male,8.2,8.3,13,2.5,10.1,8,Sad,68.7,Medium
27,Female,7.1,4.3,51,3.2,3.2,6,Happy,71.00000000000001,Medium
32,Male,7.7,5.8,77,3.4,11.7,7,Stressed,93.20000000000002,Low
39,Male,6.6,9.2,21,3.3,3.8,8,Neutral,43.90000000000001,High
38,Male,7.1,11.8,3,3.8,2.2,9,Happy,35.4,High
39,Male,6.0,1.4,110,4.9,7.3,4,Neutral,100.0,Low
53,Male,8.0,1.5,115,2.6,9.1,5,Happy,100.0,Low
51,Male,6.3,5.7,58,3.2,9.2,4,Neutral,81.6,Low
47,Male,7.4,8.3,33,3.8,5.4,9,Neutral,57.8,Medium
42,Male,7.1,5.3,63,3.4,9.5,2,Stressed,100.0,Low
45,Male,7.5,12.0,17,2.5,10.4,8,Sad,55.7,Medium
18,Female,7.9,3.1,97,3.5,8.1,7,Stressed,97.9,Low
21,Female,6.6,1.1,81,3.6,5.9,7,Happy,81.8,Low
24,Female,8.1,3.1,103,3.3,8.1,8,Neutral,96.1,Low
26,Female,6.5,10.8,30,1.8,10.6,1,Happy,75.6,Low
53,Female,8.8,2.6,105,3.0,11.0,1,Neutral,100.0,Low
36,Male,7.8,6.3,83,4.5,2.3,7,Happy,81.1,Low
18,Male,4.9,5.6,99,4.5,3.2,2,Sad,78.5,Low
27,Female,8.1,8.3,41,4.0,2.0,4,Happy,80.6,Low
53,Female,6.8,1.6,73,3.8,6.9,6,Happy,88.19999999999999,Low
26,Male,8.9,8.2,2,1.6,6.4,5,Happy,73.8,Medium
59,Female,7.6,4.9,84,2.8,7.5,5,Stressed,92.0,Low
49,Male,4.4,11.2,99,1.4,8.8,6,Happy,42.0,High
49,Female,6.0,10.3,54,4.3,5.7,10,Stressed,43.09999999999999,High
23,Male,6.6,5.4,9,2.2,4.1,7,Stressed,48.2,High
55,Female,8.2,11.9,70,4.1,5.9,2,Stressed,96.5,Low
34,Male,7.6,1.6,21,4.3,2.1,4,Stressed,86.7,Low
27,Female,5.8,9.7,22,4.6,10.3,7,Neutral,58.6,Medium
44,Female,7.3,5.8,75,4.0,5.8,5,Sad,88.0,Low
52,Male,6.9,5.8,102,3.3,8.2,10,Neutral,70.70000000000002,Medium
38,Male,4.6,2.9,12,3.4,5.2,9,Happy,34.00000000000001,High
42,Female,5.2,6.7,39,2.3,8.1,6,Happy,50.099999999999994,Medium
45,Female,5.7,1.9,12,1.7,7.4,4,Neutral,62.900000000000006,Medium
32,Male,5.0,7.8,96,1.5,4.1,10,Happy,29.3,High
21,Male,4.8,3.7,94,1.7,8.3,4,Stressed,68.5,Medium
46,Male,4.3,9.0,111,4.7,3.1,3,Sad,64.9,Medium
26,Female,8.4,7.7,50,1.7,6.8,6,Happy,76.69999999999999,Low
44,Female,5.4,9.2,63,3.9,9.2,8,Stressed,54.09999999999999,Medium
43,Male,5.5,9.2,91,1.7,7.5,1,Sad,74.30000000000001,Medium
36,Female,5.0,3.2,82,4.9,9.5,2,Happy,95.5,Low
45,Female,6.4,1.0,84,2.5,4.7,4,Sad,84.7,Low
34,Male,6.6,5.0,95,2.6,2.5,7,Neutral,65.0,Medium
58,Female,5.0,11.1,89,2.6,2.6,2,Neutral,55.8,Medium
59,Male,7.0,7.4,12,4.3,4.7,10,Happy,48.50000000000001,High
37,Male,7.6,9.0,28,1.9,6.1,8,Happy,53.3,Medium
57,Female,5.9,10.7,70,4.3,7.4,3,Neutral,75.89999999999999,Low
56,Female,6.9,11.0,46,3.6,9.6,2,Sad,85.4,Low
40,Male,6.5,6.8,25,1.9,10.4,7,Stressed,58.7,Medium
49,Male,5.0,7.0,69,1.3,8.9,10,Neutral,34.099999999999994,High
50,Male,7.7,10.4,95,4.1,6.6,9,Happy,72.9,Medium
22,Female,8.0,9.9,99,1.9,4.6,4,Neutral,82.7,Low
51,Male,7.2,8.7,117,4.6,6.3,2,Neutral,100.0,Low
57,Male,5.6,7.6,22,1.5,4.7,9,Happy,26.1,High
28,Male,8.6,7.8,115,3.5,8.2,10,Stressed,87.30000000000001,Low
20,Male,6.3,5.0,74,3.8,10.2,5,Happy,87.19999999999999,Low
50,Female,5.3,10.3,55,3.6,7.2,10,Happy,35.8,High
28,Female,6.0,7.8,84,2.3,2.5,7,Neutral,49.7,High
33,Male,7.5,3.5,18,4.5,11.4,10,Stressed,76.89999999999999,Low
35,Female,8.2,3.6,97,4.1,4.9,5,Sad,100.0,Low
47,Female,5.8,10.5,112,3.0,11.1,5,Neutral,76.60000000000001,Low
27,Female,5.2,7.9,110,3.4,10.1,6,Sad,71.4,Medium
35,Male,7.1,5.4,115,3.3,6.1,5,Sad,91.9,Low
55,Female,8.6,3.1,49,4.8,2.6,8,Sad,86.8,Low
36,Female,4.9,7.7,107,4.6,11.5,4,Happy,85.0,Low
53,Male,8.0,3.0,34,1.9,8.6,3,Stressed,95.5,Low
30,Male,6.4,6.2,48,2.1,4.5,3,Happy,68.69999999999999,Medium
20,Female,8.0,8.5,94,4.9,7.3,2,Stressed,100.0,Low
27,Female,6.5,7.2,45,1.9,8.4,8,Happy,53.89999999999999,Medium
55,Male,5.9,11.1,92,4.8,4.3,7,Sad,59.800000000000004,Medium
18,Male,7.5,1.4,69,3.6,2.9,6,Sad,85.8,Low
44,Male,8.5,4.1,99,1.2,4.7,2,Sad,100.0,Low
25,Male,5.6,1.6,52,2.3,2.5,2,Neutral,71.7,Medium
59,Female,6.3,3.1,30,2.9,2.7,10,Sad,42.699999999999996,High
34,Male,5.1,2.4,95,4.3,3.6,1,Happy,89.9,Low
26,Female,4.9,9.1,103,2.3,3.6,10,Neutral,30.09999999999999,High
23,Female,7.9,5.1,83,2.2,4.5,2,Sad,97.39999999999999,Low
42,Female,5.0,11.2,21,4.7,11.4,9,Stressed,42.10000000000001,High
56,Male,8.0,1.3,66,1.3,7.8,1,Happy,100.0,Low
45,Male,6.1,8.2,7,3.2,6.2,10,Sad,34.400000000000006,High
50,Female,9.0,11.7,108,3.0,7.6,4,Happy,100.0,Low
54,Female,5.0,2.9,18,1.2,2.1,2,Happy,50.00000000000001,Medium
26,Female,4.5,5.9,30,1.4,10.9,5,Happy,48.0,High
35,Female,4.4,8.7,31,2.5,7.3,10,Sad,19.900000000000006,High
38,Female,8.2,8.0,78,1.5,6.5,8,Happy,70.1,Medium
19,Male,6.2,7.2,54,2.9,11.4,1,Sad,91.69999999999999,Low
55,Male,4.0,4.6,102,3.4,9.3,9,Happy,50.800000000000004,Medium
57,Male,8.4,9.0,30,3.8,5.4,7,Stressed,73.8,Medium
53,Female,8.4,8.2,66,3.2,11.4,5,Sad,99.60000000000001,Low
54,Female,8.0,2.8,50,2.5,10.5,5,Stressed,97.9,Low
32,Male,5.2,11.6,95,1.5,11.5,9,Neutral,42.3,High
45,Male,5.9,7.1,73,2.0,3.0,9,Stressed,39.39999999999999,High
35,Female,7.7,6.8,91,2.7,11.6,2,Stressed,100.0,Low
51,Male,6.4,10.3,26,4.7,7.4,8,Happy,54.89999999999999,Medium
39,Male,4.8,8.0,47,1.8,8.7,5,Sad,47.800000000000004,High
28,Male,5.2,1.8,109,2.7,4.1,2,Sad,83.9,Low
30,Female,8.9,6.6,103,3.9,3.4,9,Sad,86.69999999999999,Low
21,Female,4.8,9.6,42,3.8,2.8,4,Happy,45.800000000000004,High
39,Male,7.6,8.7,94,4.9,6.2,5,Neutral,94.30000000000001,Low
24,Female,6.4,11.7,50,1.8,4.2,7,Stressed,40.0,High
41,Male,7.7,1.3,97,1.1,2.8,2,Stressed,96.9,Low
21,Male,7.3,3.9,68,2.3,11.6,5,Happy,93.5,Low
45,Female,6.2,7.0,74,1.6,9.3,8,Happy,57.4,Medium
32,Female,5.8,7.8,70,3.2,7.2,1,Neutral,82.80000000000001,Low
18,Female,7.8,4.0,71,4.6,9.4,8,Stressed,94.0,Low
20,Male,5.6,10.1,80,3.8,8.1,2,Neutral,79.0,Low
31,Male,7.9,2.8,107,1.5,3.8,4,Neutral,93.9,Low
55,Male,7.4,1.0,49,1.5,8.3,3,Happy,93.9,Low
18,Female,6.9,11.5,60,4.6,8.8,2,Neutral,90.6,Low
55,Male,5.8,5.3,102,3.0,4.4,10,Stressed,51.60000000000001,Medium
55,Male,5.0,11.5,40,4.7,5.2,10,Neutral,28.9,High
38,Male,7.6,4.1,50,3.9,5.8,2,Stressed,100.0,Low
46,Male,4.5,1.7,77,5.0,8.0,10,Neutral,58.0,Medium
22,Female,8.9,9.5,23,4.5,3.3,6,Happy,79.69999999999999,Low
27,Female,8.9,10.2,29,2.7,9.4,3,Stressed,94.7,Low
45,Female,4.7,6.4,114,4.0,5.5,10,Stressed,48.0,High
38,Male,4.5,1.8,51,2.9,8.9,4,Neutral,67.9,Medium
24,Male,6.1,8.2,49,1.9,11.3,4,Stressed,70.5,Medium
20,Male,8.8,3.0,56,2.0,10.7,2,Happy,100.0,Low
37,Female,6.0,10.3,61,2.6,9.4,4,Neutral,67.39999999999999,Medium
36,Female,5.8,4.0,78,1.4,3.9,2,Neutral,72.39999999999999,Medium
52,Female,7.5,10.3,116,1.7,9.3,4,Sad,88.69999999999999,Low
21,Female,4.9,5.7,52,3.0,8.4,8,Sad,47.80000000000001,High
22,Female,5.8,7.6,67,4.8,9.7,9,Stressed,63.6,Medium
18,Male,5.5,9.7,76,3.3,10.7,4,Happy,72.70000000000002,Medium
21,Female,7.0,1.4,68,2.6,5.1,4,Sad,88.0,Low
29,Female,4.8,10.0,30,2.0,8.4,7,Sad,32.8,High
44,Female,6.7,2.5,75,1.8,4.8,1,Sad,91.6,Low
59,Male,8.3,4.9,29,3.6,5.5,7,Happy,80.0,Low
40,Female,6.6,6.2,112,4.4,7.2,9,Neutral,76.4,Low
42,Female,7.4,10.8,9,2.6,6.3,4,Happy,63.79999999999999,Medium
38,Female,4.4,1.2,93,3.2,8.0,2,Sad,84.19999999999999,Low
41,Male,6.2,7.2,89,3.8,9.6,4,Happy,87.6,Low
42,Male,4.5,8.1,43,1.2,8.1,2,Stressed,51.60000000000001,Medium
49,Female,7.0,4.5,5,2.4,11.7,10,Happy,57.4,Medium
49,Female,5.4,4.2,26,3.9,9.4,7,Stressed,61.099999999999994,Medium
22,Female,5.4,6.4,19,3.7,11.9,6,Happy,63.3,Medium
53,Female,4.4,3.1,91,1.2,9.4,2,Stressed,72.8,Medium
59,Male,5.6,6.1,19,2.0,7.1,6,Neutral,47.8,High
59,Female,6.5,9.4,11,3.7,6.1,9,Neutral,43.10000000000001,High
56,Male,6.9,10.3,108,2.1,9.4,8,Sad,67.3,Medium
33,Female,4.3,5.2,84,4.3,8.9,9,Stressed,52.69999999999999,Medium
50,Male,7.3,7.8,93,1.1,8.7,5,Neutral,78.9,Low
38,Male,6.4,1.0,48,1.8,9.2,10,Stressed,58.99999999999999,Medium
26,Female,6.7,7.1,51,2.1,10.7,2,Sad,86.9,Low
23,Male,8.2,11.7,9,4.7,4.3,5,Neutral,72.5,Medium
52,Female,5.7,4.4,114,4.2,7.6,10,Sad,67.2,Medium
56,Male,4.9,7.5,4,4.5,8.0,3,Stressed,61.3,Medium
39,Male,6.8,9.4,63,2.8,4.9,4,Happy,69.6,Medium
58,Female,8.7,7.7,57,4.3,11.9,7,Sad,100.0,Low
22,Female,6.6,5.6,100,4.4,9.9,2,Neutral,100.0,Low
59,Male,8.2,2.7,7,2.6,5.2,6,Sad,77.4,Low
40,Male,7.8,6.1,29,5.0,5.6,1,Neutral,100.0,Low
34,Female,6.6,4.2,16,4.4,9.2,10,Happy,61.199999999999996,Medium
29,Female,7.2,8.7,66,4.9,2.1,3,Happy,84.50000000000001,Low
40,Female,6.0,5.9,20,4.5,6.6,7,Neutral,59.900000000000006,Medium
33,Male,6.7,10.3,15,4.1,5.4,5,Sad,60.7,Medium
20,Female,6.5,3.1,95,4.8,10.5,8,Happy,90.8,Low
47,Female,7.5,5.6,26,2.7,9.9,7,Sad,74.3,Medium
39,Male,6.0,7.1,114,4.1,5.3,7,Happy,71.69999999999999,Medium
26,Female,4.5,2.4,5,1.9,10.6,1,Happy,67.9,Medium
46,Female,7.9,7.5,41,3.9,11.1,1,Sad,100.0,Low
54,Female,7.4,4.2,15,4.1,7.5,6,Neutral,80.1,Low
40,Female,8.8,3.5,44,3.9,3.6,8,Neutral,84.5,Low
30,Male,6.1,2.6,2,4.4,9.7,3,Neutral,85.6,Low
49,Female,4.4,4.8,117,2.7,5.2,8,Neutral,49.70000000000001,High
40,Female,4.6,11.2,39,3.2,7.3,8,Sad,30.0,High
34,Female,7.9,1.3,19,1.0,2.5,1,Stressed,86.2,Low
57,Female,4.3,10.4,103,1.6,7.0,5,Sad,44.8,High
38,Female,8.5,5.4,6,3.6,5.8,9,Stressed,69.0,Medium
19,Female,5.4,7.2,58,3.2,8.9,10,Happy,44.999999999999986,High
54,Male,8.5,6.6,10,1.8,2.4,10,Happy,47.599999999999994,High
23,Male,7.9,11.2,92,2.0,8.2,3,Stressed,89.4,Low
35,Male,8.4,9.5,51,2.4,9.7,9,Happy,70.6,Medium
47,Female,5.1,11.8,2,3.9,2.1,9,Sad,15.500000000000004,High
39,Female,7.0,9.7,20,3.4,9.5,1,Stressed,86.6,Low
50,Female,4.5,4.3,52,1.3,3.3,2,Happy,51.9,Medium
47,Male,5.0,11.6,95,4.0,9.0,3,Sad,71.8,Medium
34,Female,5.5,11.8,29,2.1,6.6,4,Stressed,44.89999999999999,High
49,Male,7.7,2.4,102,3.7,7.5,5,Sad,100.0,Low
59,Female,4.1,10.9,10,1.5,5.4,5,Stressed,19.5,High
31,Female,8.5,8.3,80,5.0,4.5,10,Sad,78.4,Low
27,Male,4.4,11.1,24,1.3,2.7,5,Happy,18.499999999999993,High
53,Male,5.9,11.1,49,4.0,10.6,3,Stressed,75.8,Low
51,Male,4.4,10.8,88,3.2,8.1,6,Stressed,48.19999999999999,High
26,Male,7.8,10.7,8,1.3,11.8,4,Neutral,72.29999999999998,Medium
59,Male,4.7,2.3,44,1.1,10.5,9,Sad,41.699999999999996,High
45,Male,8.4,2.6,28,2.5,10.7,2,Happy,100.0,Low
28,Female,6.7,2.3,61,4.2,8.0,1,Stressed,100.0,Low
31,Male,8.7,2.0,14,1.2,2.8,7,Happy,69.39999999999999,Medium
56,Female,5.5,4.9,18,3.8,11.1,9,Neutral,54.0,Medium
36,Female,6.3,8.5,14,3.6,3.2,10,Stressed,33.199999999999996,High
32,Female,7.5,4.9,38,2.1,7.2,9,Stressed,61.699999999999996,Medium
45,Female,8.2,8.9,34,1.3,10.6,3,Sad,86.7,Low
41,Female,6.1,10.0,119,4.7,6.7,1,Stressed,97.7,Low
25,Male,8.5,8.3,103,2.2,3.7,9,Sad,71.4,Medium
26,Male,4.6,6.1,12,1.4,5.7,7,Happy,26.6,High
50,Male,7.5,4.3,15,3.7,11.9,8,Sad,79.7,Low
50,Female,5.7,2.4,66,1.9,12.0,6,Neutral,74.9,Medium
36,Male,4.5,6.4,116,2.9,9.1,10,Sad,48.10000000000001,High
20,Female,5.9,8.9,94,1.2,10.9,6,Happy,63.8,Medium
27,Female,8.4,7.0,54,5.0,2.4,4,Sad,94.6,Low
57,Female,8.9,8.9,64,2.8,4.8,2,Stressed,99.6,Low
59,Female,6.0,4.7,34,5.0,5.7,1,Sad,89.8,Low
18,Male,8.4,1.7,15,2.5,2.1,6,Stressed,76.3,Low
46,Male,6.5,9.5,0,2.4,5.8,9,Stressed,33.6,High
51,Male,7.6,3.4,49,4.7,2.9,10,Stressed,68.3,Medium
30,Male,4.2,7.8,13,2.3,7.2,10,Sad,14.9,High
18,Male,6.8,9.8,61,2.7,2.0,2,Stressed,70.1,Medium
51,Female,4.4,2.5,6,1.3,4.7,1,Sad,52.1,Medium
46,Male,5.3,7.6,22,4.8,10.7,1,Happy,83.6,Low
30,Female,6.8,8.6,98,1.3,4.1,7,Stressed,57.099999999999994,Medium
46,Female,8.0,9.2,62,4.1,2.6,1,Happy,95.7,Low
56,Female,6.8,2.6,28,3.2,4.5,9,Sad,57.39999999999999,Medium
41,Male,8.7,10.1,21,1.2,10.3,9,Stressed,61.6,Medium
43,Female,8.1,2.0,79,1.0,7.9,3,Happy,100.0,Low
34,Female,4.8,6.7,92,4.7,7.9,2,Happy,84.3,Low
24,Male,5.9,5.9,5,4.0,2.0,9,Stressed,36.2,High
30,Female,7.3,3.4,81,3.7,6.7,3,Happy,100.0,Low
22,Female,8.7,4.3,28,2.8,4.7,2,Sad,99.4,Low
43,Female,8.9,2.8,88,2.0,5.4,4,Stressed,100.0,Low
20,Male,7.8,5.7,108,3.7,8.0,7,Stressed,94.69999999999999,Low
24,Female,6.9,1.4,119,3.4,10.7,4,Stressed,100.0,Low
56,Female,7.8,10.8,1,3.9,3.8,8,Stressed,51.699999999999996,Medium
18,Male,5.4,2.8,107,2.5,9.7,5,Sad,81.70000000000002,Low
34,Male,5.4,10.7,63,4.9,2.5,2,Sad,66.69999999999999,Medium
42,Female,7.3,10.5,95,1.3,5.3,10,Sad,48.1,High
20,Male,8.4,6.0,35,1.3,4.2,4,Stressed,77.9,Low
32,Male,8.8,6.5,95,4.7,11.2,7,Neutral,100.0,Low
46,Male,5.7,4.3,104,3.6,3.8,1,Sad,90.8,Low
49,Male,8.0,12.0,19,2.3,7.8,7,Stressed,58.9,Medium
43,Male,8.3,8.4,54,4.0,3.6,3,Stressed,92.2,Low
33,Male,7.1,11.5,36,2.8,6.7,7,Stressed,54.6,Medium
42,Male,5.7,5.6,105,1.1,6.1,3,Sad,72.5,Medium
45,Female,7.1,10.7,101,3.6,2.4,8,Sad,60.60000000000001,Medium
26,Male,6.9,5.9,96,2.0,10.3,4,Neutral,91.0,Low
18,Male,7.0,10.5,51,1.5,9.8,1,Sad,82.30000000000001,Low
46,Male,7.1,2.4,68,1.9,4.8,1,Neutral,94.89999999999999,Low
39,Female,8.2,8.0,69,2.9,8.1,4,Neutral,94.5,Low
33,Male,4.9,8.5,21,1.2,5.6,9,Sad,17.400000000000002,High
58,Male,5.8,8.2,84,4.5,9.7,5,Stressed,80.30000000000001,Low
58,Female,6.9,5.9,82,3.2,8.9,5,Sad,87.4,Low
24,Male,5.4,8.5,106,2.2,2.9,3,Neutral,63.0,Medium
31,Female,8.9,3.6,14,3.7,10.4,5,Stressed,100.0,Low
46,Female,5.3,7.6,97,4.2,3.8,7,Happy,57.800000000000004,Medium
36,Male,6.3,7.1,46,3.5,3.7,3,Neutral,70.9,Medium
36,Female,8.4,4.5,70,1.8,9.3,5,Stressed,96.6,Low
19,Male,4.4,9.6,80,1.4,3.8,3,Neutral,43.4,High
58,Male,8.1,1.9,107,4.4,3.2,1,Sad,100.0,Low
32,Female,6.9,2.9,107,1.9,5.4,6,Stressed,80.9,Low
20,Female,4.2,6.2,68,1.1,10.4,3,Sad,57.5,Medium
28,Male,8.5,10.8,51,3.6,3.8,2,Stressed,91.19999999999999,Low
47,Male,4.2,7.3,38,1.6,5.4,3,Happy,41.8,High
57,Female,6.6,10.3,1,5.0,4.9,5,Neutral,60.39999999999999,Medium
35,Male,4.2,6.7,90,4.5,5.6,5,Stressed,60.3,Medium
19,Male,4.4,9.6,44,3.4,9.1,9,Neutral,32.8,High
49,Male,8.4,4.6,23,4.3,6.1,9,Happy,77.1,Low
25,Female,7.8,10.0,104,2.9,9.6,2,Stressed,100.0,Low
39,Male,5.0,5.4,60,4.2,8.4,6,Stressed,65.0,Medium
23,Male,7.1,7.1,110,3.6,5.6,9,Happy,72.0,Medium
29,Male,8.0,2.9,91,1.1,6.3,9,Neutral,74.5,Medium
57,Female,8.4,11.1,110,4.8,9.0,6,Neutral,100.0,Low
53,Female,6.3,8.7,64,4.4,7.3,1,Happy,91.0,Low
32,Female,8.5,10.4,52,4.8,10.7,1,Sad,100.0,Low
45,Male,6.5,3.3,115,3.9,11.3,9,Neutral,87.5,Low
35,Female,7.4,1.7,20,2.6,9.2,3,Neutral,94.0,Low
19,Male,8.9,4.7,120,1.8,11.9,5,Neutral,100.0,Low
30,Female,5.2,6.7,91,1.7,8.0,6,Stressed,57.3,Medium
32,Male,4.8,9.8,66,1.6,2.4,1,Stressed,50.4,Medium
37,Female,5.7,5.4,93,1.9,7.0,1,Neutral,84.3,Low
46,Male,4.8,4.0,0,3.2,4.3,4,Happy,48.6,High
59,Male,5.4,5.1,58,3.7,5.3,6,Stressed,60.49999999999999,Medium
46,Female,7.7,8.7,114,2.3,6.9,8,Stressed,75.7,Low
20,Male,6.4,4.7,115,3.2,5.0,7,Happy,75.6,Low
36,Female,5.9,11.8,108,2.4,5.1,2,Happy,71.2,Medium
20,Female,5.8,2.9,46,3.8,6.0,4,Stressed,76.4,Low
31,Male,5.0,9.3,108,5.0,4.9,5,Happy,67.8,Medium
57,Male,6.2,7.5,17,3.8,3.7,8,Happy,44.800000000000004,High
21,Female,7.1,3.6,112,1.2,9.7,7,Sad,83.6,Low
28,Female,4.7,9.3,32,2.9,6.0,4,Sad,45.300000000000004,High
48,Female,8.9,5.9,14,4.1,10.3,8,Sad,89.1,Low
49,Male,6.2,8.5,23,3.2,10.8,8,Sad,55.199999999999996,Medium
44,Female,8.7,8.3,35,4.8,9.5,4,Happy,100.0,Low
47,Male,4.7,2.2,59,1.2,6.0,2,Happy,64.4,Medium
19,Male,7.8,10.2,33,2.2,9.2,3,Stressed,81.6,Low
26,Female,7.1,8.5,89,1.9,3.6,5,Sad,68.5,Medium
45,Female,8.1,9.6,50,4.1,8.6,1,Happy,100.0,Low
48,Male,7.0,5.9,39,3.1,6.1,5,Stressed,73.7,Medium
51,Male,8.8,3.1,21,1.6,8.6,4,Stressed,95.2,Low
32,Male,7.1,4.6,15,2.1,9.5,5,Happy,74.3,Medium
42,Male,7.9,10.9,103,3.1,7.6,1,Neutral,100.0,Low
53,Female,8.4,11.3,41,5.0,8.4,10,Neutral,71.39999999999999,Medium
25,Male,7.6,6.3,15,2.5,4.1,7,Sad,59.10000000000001,Medium
26,Female,6.6,4.3,4,1.6,7.9,10,Happy,42.0,High
54,Female,5.4,9.0,114,3.0,6.6,9,Neutral,51.0,Medium
56,Female,8.3,9.4,5,2.2,6.3,5,Happy,68.8,Medium
49,Male,6.4,10.0,41,3.3,6.1,3,Neutral,68.9,Medium
34,Male,7.1,1.3,87,2.9,5.1,9,Sad,74.50000000000001,Medium
52,Female,4.4,1.1,29,3.8,5.1,6,Happy,52.8,Medium
54,Female,6.5,4.9,100,4.7,9.0,6,Happy,92.7,Low
36,Female,7.5,2.7,31,1.8,7.6,10,Neutral,60.0,Medium
46,Female,6.9,9.9,52,4.3,2.3,10,Sad,45.70000000000001,High
24,Male,6.2,6.9,18,4.8,2.5,3,Stressed,68.8,Medium
45,Female,5.1,10.1,50,2.5,7.7,1,Neutral,64.7,Medium
26,Male,5.5,2.9,108,1.5,10.5,4,Stressed,83.3,Low
45,Male,7.5,7.9,27,4.3,2.4,4,Sad,74.9,Medium
23,Male,5.1,7.4,46,3.8,7.1,3,Stressed,66.60000000000001,Medium
46,Male,7.1,4.7,71,1.9,10.5,5,Sad,86.3,Low
34,Female,6.9,6.7,106,2.8,2.0,9,Sad,58.8,Medium
33,Male,8.9,7.5,0,3.3,4.8,9,Stressed,64.1,Medium
40,Female,4.3,10.8,67,1.7,11.2,8,Stressed,33.7,High
48,Male,4.5,1.6,56,3.9,2.8,10,Happy,38.1,High
20,Female,6.5,10.1,21,3.8,8.1,6,Stressed,60.2,Medium
38,Female,6.6,11.8,85,4.5,7.1,4,Neutral,80.10000000000001,Low
43,Female,4.2,9.0,93,3.3,3.5,2,Happy,58.099999999999994,Medium
53,Female,8.1,9.1,57,3.3,2.4,10,Stressed,55.5,Medium
59,Female,6.5,3.4,90,3.5,7.0,3,Happy,95.7,Low
54,Male,5.7,6.8,90,2.1,9.4,9,Happy,54.7,Medium
39,Female,5.6,8.8,12,4.0,3.8,1,Sad,64.4,Medium
59,Male,8.3,7.6,38,3.6,8.9,7,Sad,83.19999999999999,Low
29,Female,5.0,5.2,26,4.4,7.5,10,Sad,41.8,High
59,Male,4.8,11.3,38,4.1,5.6,6,Sad,40.69999999999999,High
30,Male,5.1,6.7,101,3.6,8.6,2,Sad,85.0,Low
28,Male,7.1,11.7,120,1.6,3.9,5,Sad,67.39999999999999,Medium
33,Female,8.1,7.2,71,4.7,6.6,2,Happy,100.0,Low
25,Male,5.7,9.7,11,2.5,7.5,9,Sad,31.300000000000004,High
57,Female,4.9,9.2,23,4.9,6.6,5,Neutral,52.89999999999999,Medium
57,Female,5.0,8.3,17,2.6,6.0,6,Stressed,37.800000000000004,High
19,Male,7.1,1.2,118,1.6,9.4,4,Stressed,100.0,Low
47,Male,5.2,1.9,14,4.5,8.6,1,Sad,86.7,Low
47,Female,8.4,7.4,59,4.2,8.4,3,Happy,100.0,Low
29,Female,4.5,11.0,15,4.1,10.9,5,Neutral,48.3,High
27,Female,4.2,7.6,96,1.4,11.9,3,Happy,64.8,Medium
28,Female,4.4,3.6,73,4.5,7.7,8,Happy,57.29999999999999,Medium
32,Female,8.2,4.5,46,3.4,5.5,2,Neutral,100.0,Low
33,Female,7.3,7.9,23,2.9,9.8,2,Sad,87.9,Low
34,Male,8.8,7.6,44,4.7,3.4,1,Stressed,100.0,Low
43,Female,5.7,11.5,18,3.7,7.1,1,Stressed,66.3,Medium
19,Female,5.1,6.8,90,1.5,7.2,4,Stressed,61.3,Medium
29,Male,6.8,4.9,108,3.1,11.8,8,Happy,86.9,Low
43,Male,6.7,6.8,40,3.5,11.9,8,Happy,70.7,Medium
40,Male,7.0,9.6,30,4.6,10.0,8,Stressed,67.8,Medium
35,Female,5.7,6.9,84,2.1,6.7,1,Neutral,79.9,Low
49,Male,4.0,4.6,15,4.2,7.5,1,Sad,65.8,Medium
55,Male,4.2,4.7,22,4.2,5.2,7,Neutral,40.400000000000006,High
20,Female,7.3,9.3,77,1.5,10.3,7,Neutral,69.9,Medium
55,Female,6.6,1.7,22,1.1,9.5,10,Happy,51.5,Medium
20,Female,8.1,4.0,40,3.3,9.7,5,Sad,96.9,Low
47,Female,5.5,2.7,17,4.2,3.4,8,Stressed,48.8,High
18,Male,8.1,11.4,35,3.2,6.0,6,Happy,69.2,Medium
47,Female,6.1,2.0,11,4.3,7.4,1,Sad,91.5,Low
49,Male,4.5,9.3,119,3.5,3.2,7,Stressed,46.09999999999999,High
45,Female,8.9,7.9,100,3.6,5.7,8,Neutral,90.60000000000001,Low
38,Male,6.6,8.0,74,1.1,2.9,8,Sad,44.099999999999994,High
30,Female,7.1,9.4,68,1.4,11.6,10,Happy,56.0,Medium
44,Female,7.4,5.4,50,3.9,9.5,9,Sad,75.7,Low
53,Female,5.8,5.4,84,4.1,8.2,3,Sad,88.9,Low
24,Male,7.7,4.2,31,3.2,4.0,2,Happy,90.8,Low
39,Male,8.4,7.6,92,3.4,5.3,8,Happy,82.8,Low
27,Male,5.9,11.2,70,3.5,3.4,4,Happy,58.89999999999999,Medium
56,Female,7.3,11.2,35,1.4,7.4,2,Neutral,71.39999999999999,Medium
32,Male,7.8,8.7,39,3.7,10.2,2,Stressed,99.30000000000001,Low
32,Female,5.0,11.0,90,2.9,2.2,2,Happy,56.9,Medium
21,Female,5.7,11.6,69,3.4,3.0,5,Neutral,50.599999999999994,Medium
49,Female,4.5,9.7,37,3.3,4.3,8,Sad,26.10000000000001,High
40,Male,7.0,5.5,53,4.1,9.1,9,Sad,72.3,Medium
23,Female,8.0,6.3,3,2.3,10.9,6,Happy,77.3,Low
41,Male,7.1,11.2,45,2.5,9.5,8,Neutral,57.099999999999994,Medium
37,Female,4.9,8.4,62,2.6,7.2,6,Neutral,48.00000000000001,High
54,Female,6.7,10.0,98,4.0,3.1,1,Neutral,88.8,Low
37,Female,8.2,2.3,73,2.7,9.5,9,Happy,88.5,Low
29,Male,5.5,3.1,117,1.7,3.1,10,Happy,46.900000000000006,High
50,Male,8.2,4.8,101,4.9,5.5,7,Neutral,100.0,Low
45,Female,7.9,3.1,49,3.0,5.1,2,Sad,99.8,Low
25,Male,4.1,11.0,29,1.4,5.6,3,Sad,30.999999999999996,High
18,Male,5.2,3.4,105,3.7,5.3,2,Happy,87.3,Low
54,Female,6.7,7.1,72,4.0,9.7,9,Happy,70.6,Medium
39,Female,7.6,1.9,15,3.0,3.7,8,Neutral,65.60000000000001,Medium
23,Male,8.4,2.7,51,3.6,10.5,5,Neutral,100.0,Low
38,Female,7.2,3.7,3,1.7,10.6,4,Neutral,78.89999999999999,Low
49,Female,5.9,11.8,25,2.5,6.9,7,Sad,38.7,High
52,Male,4.9,9.8,28,1.6,3.1,9,Neutral,13.2,High
32,Male,7.8,8.4,91,2.5,7.8,8,Stressed,75.5,Low
22,Female,5.0,11.1,10,3.3,10.2,8,Neutral,34.699999999999996,High
23,Male,7.5,11.5,91,2.8,4.9,2,Stressed,86.0,Low
42,Male,4.9,6.0,107,3.4,10.4,10,Happy,56.2,Medium
57,Female,4.5,4.6,95,3.0,8.8,9,Happy,51.4,Medium
46,Female,5.3,4.5,23,2.3,11.9,2,Neutral,75.89999999999999,Low
24,Female,5.4,1.4,50,1.6,10.2,8,Stressed,57.6,Medium
57,Female,7.2,4.1,41,2.0,4.0,5,Happy,70.0,Medium
30,Male,4.8,4.9,38,1.8,6.5,6,Neutral,43.8,High
55,Male,8.7,1.4,6,3.8,3.0,10,Neutral,70.4,Medium
35,Female,6.8,10.7,17,4.3,2.7,9,Neutral,40.9,High
19,Female,6.5,10.3,2,3.9,9.1,8,Stressed,50.500000000000014,Medium
25,Female,6.2,3.8,62,3.6,11.1,5,Happy,87.00000000000001,Low
28,Female,6.8,9.8,107,2.2,11.7,6,Neutral,80.20000000000002,Low
50,Male,4.1,9.8,109,3.8,4.7,5,Happy,51.599999999999994,Medium
55,Male,9.0,4.7,19,3.4,4.0,9,Sad,73.39999999999999,Medium
44,Female,6.8,8.7,97,1.2,7.6,5,Sad,71.2,Medium
37,Female,4.2,4.2,93,4.6,4.0,6,Happy,59.19999999999999,Medium
29,Male,6.9,1.8,72,1.3,5.0,1,Sad,92.30000000000001,Low
48,Male,6.2,6.6,73,3.0,10.4,8,Sad,67.19999999999999,Medium
44,Male,4.1,5.8,69,3.1,10.1,8,Sad,46.89999999999999,High
49,Male,8.6,2.5,16,4.3,11.0,8,Neutral,95.7,Low
27,Female,4.1,6.4,78,4.7,6.8,7,Stressed,52.9,Medium
20,Male,6.9,11.4,96,4.8,7.6,7,Sad,76.60000000000001,Low
44,Male,8.8,9.0,119,3.3,9.7,6,Neutral,100.0,Low
52,Male,5.2,9.1,58,3.7,4.4,7,Happy,44.69999999999999,High
48,Female,5.3,9.3,53,1.4,10.2,9,Happy,36.39999999999999,High
32,Female,4.0,9.2,12,3.0,2.2,5,Sad,23.4,High
33,Male,4.3,1.2,41,4.6,10.0,9,Neutral,55.8,Medium
30,Male,4.2,11.2,43,2.8,9.8,9,Stressed,25.799999999999997,High
52,Female,8.1,10.1,118,1.3,5.0,4,Stressed,84.89999999999999,Low
28,Female,8.2,4.0,85,1.8,9.3,9,Happy,82.6,Low
38,Male,7.6,7.1,79,2.7,4.1,8,Happy,67.3,Medium
28,Female,5.8,7.8,97,2.0,7.8,5,Neutral,67.4,Medium
47,Male,8.1,2.5,66,2.6,9.0,10,Sad,80.2,Low
52,Female,6.7,3.8,71,2.3,9.1,3,Happy,91.30000000000001,Low
39,Male,5.5,1.3,19,2.3,11.8,9,Sad,55.300000000000004,Medium
55,Male,6.2,10.5,46,1.4,3.8,3,Sad,52.800000000000004,Medium
48,Female,4.3,1.3,23,4.5,6.8,3,Neutral,69.1,Medium
31,Male,8.7,4.5,50,3.8,10.8,3,Sad,100.0,Low
41,Female,7.1,1.9,17,3.5,7.6,1,Happy,99.30000000000001,Low
49,Female,7.7,9.6,22,3.4,10.8,6,Neutral,76.80000000000001,Low
53,Female,7.4,11.2,0,2.6,6.3,3,Stressed,65.19999999999999,Medium
49,Male,7.3,7.2,114,4.3,10.0,10,Sad,82.89999999999999,Low
32,Male,4.1,2.5,65,4.7,10.7,3,Neutral,81.9,Low
52,Male,6.6,7.1,4,1.0,10.5,9,Neutral,42.599999999999994,High
20,Female,8.1,9.5,17,1.3,10.7,7,Stressed,65.30000000000001,Medium
33,Male,4.2,8.9,79,3.7,4.2,8,Neutral,34.9,High
22,Male,8.8,9.2,73,1.9,6.4,1,Stressed,100.0,Low
38,Male,6.1,4.1,116,4.6,3.7,8,Sad,74.4,Medium
27,Male,5.4,1.8,92,3.7,3.8,8,Neutral,62.90000000000001,Medium
36,Female,6.7,2.6,34,2.5,6.9,8,Stressed,62.89999999999999,Medium
42,Male,8.0,11.5,24,2.7,11.6,6,Stressed,74.5,Medium
21,Female,6.4,7.7,105,3.8,7.9,10,Sad,64.39999999999999,Medium
46,Female,7.2,9.0,120,1.6,10.5,5,Neutral,87.0,Low
36,Female,6.5,10.9,23,4.5,11.4,4,Sad,77.1,Low
19,Female,7.2,10.4,12,1.0,2.9,9,Stressed,28.40000000000001,High
27,Male,4.7,3.4,20,4.9,3.6,7,Neutral,47.900000000000006,High
42,Male,4.2,1.6,105,1.7,4.9,1,Sad,74.1,Medium
37,Male,4.7,11.2,106,4.0,8.2,1,Happy,78.20000000000002,Low
36,Female,5.4,11.8,38,1.2,2.6,1,Happy,45.199999999999996,High
40,Male,5.3,7.2,33,2.7,9.9,4,Neutral,62.5,Medium
41,Female,7.1,10.8,18,3.5,2.6,9,Happy,39.7,High
28,Male,6.3,3.5,27,1.3,3.6,3,Sad,63.10000000000001,Medium
51,Male,4.2,2.2,90,2.8,5.8,10,Happy,41.199999999999996,High
45,Male,4.2,6.5,113,2.2,7.6,1,Sad,73.8,Medium
22,Female,4.5,9.9,89,3.0,10.8,1,Sad,75.6,Low
22,Male,5.8,8.2,10,3.0,11.6,3,Happy,69.8,Medium
38,Female,4.0,8.0,48,4.1,10.8,7,Stressed,47.699999999999996,High
29,Female,6.5,1.2,34,1.5,3.1,8,Happy,51.099999999999994,Medium
21,Female,5.8,4.5,83,1.3,8.3,4,Sad,72.69999999999999,Medium
59,Male,6.8,11.3,75,2.6,6.4,2,Happy,78.2,Low
37,Male,7.6,2.5,56,4.6,3.3,7,Happy,83.8,Low
55,Female,5.3,9.0,27,4.4,7.6,9,Neutral,41.60000000000001,High
42,Female,4.8,9.4,65,3.2,5.6,10,Sad,29.400000000000002,High
31,Female,5.4,9.1,120,4.6,5.5,6,Stressed,69.8,Medium
28,Female,4.0,11.9,64,4.2,2.9,2,Neutral,47.8,High
49,Female,4.6,5.5,72,2.1,11.8,9,Sad,47.50000000000001,High
28,Male,7.8,8.5,21,1.7,9.3,7,Happy,64.30000000000001,Medium
35,Male,5.1,3.1,119,2.2,4.8,9,Stressed,53.199999999999996,Medium
44,Male,9.0,5.4,50,1.9,11.2,2,Sad,100.0,Low
35,Female,4.8,6.4,103,3.5,11.5,10,Happy,56.3,Medium
40,Female,7.9,3.4,90,3.3,10.1,4,Neutral,100.0,Low
28,Male,7.5,11.0,8,3.4,8.6,6,Sad,64.8,Medium
38,Male,5.6,8.9,70,1.8,5.8,10,Neutral,32.800000000000004,High
22,Female,5.7,4.1,35,4.2,6.3,7,Sad,61.4,Medium
40,Female,6.8,2.5,53,2.7,6.6,3,Neutral,88.3,Low
58,Female,8.3,4.2,111,2.9,11.5,10,Happy,94.3,Low
42,Male,5.9,7.9,37,5.0,9.6,5,Sad,74.80000000000001,Medium
58,Female,4.3,10.1,113,2.1,4.9,4,Neutral,49.69999999999999,High
27,Female,5.9,6.5,65,2.6,8.2,5,Happy,68.4,Medium
39,Female,5.0,2.1,42,3.7,7.9,6,Happy,64.5,Medium
36,Male,8.7,3.7,4,4.5,10.1,6,Sad,99.1,Low
18,Female,7.5,4.8,80,1.5,3.0,7,Sad,66.9,Medium
24,Male,4.3,8.0,36,3.9,9.0,6,Sad,47.7,High
21,Female,5.5,3.7,57,4.7,5.3,6,Neutral,69.1,Medium
18,Female,4.3,3.6,62,2.7,3.3,4,Happy,52.300000000000004,Medium
32,Male,8.2,4.1,98,2.1,9.3,2,Happy,100.0,Low
57,Female,8.5,7.5,50,3.7,5.3,10,Sad,69.1,Medium
29,Male,4.6,6.4,71,2.0,9.3,7,Happy,48.00000000000001,High
39,Female,6.2,10.3,42,2.5,3.6,7,Happy,41.50000000000001,High
39,Male,8.7,8.7,66,4.6,11.9,3,Sad,100.0,Low
34,Female,4.7,8.3,66,3.4,10.0,5,Stressed,60.6,Medium
46,Male,5.5,2.7,64,1.4,4.9,6,Happy,55.19999999999999,Medium
31,Male,5.5,1.6,61,2.3,9.4,10,Happy,54.3,Medium
37,Female,4.2,6.6,87,3.5,3.4,9,Stressed,34.5,High
50,Male,4.2,1.8,108,2.9,8.5,3,Stressed,79.5,Low
32,Female,8.8,5.0,62,3.6,2.6,3,Sad,100.0,Low
29,Male,6.9,1.3,29,4.0,5.3,5,Neutral,82.8,Low
57,Female,5.5,2.9,105,2.9,11.8,2,Sad,100.0,Low
37,Female,5.9,2.2,89,4.9,3.2,3,Happy,91.3,Low
47,Female,7.6,9.8,37,4.7,8.0,6,Sad,79.30000000000001,Low
55,Female,5.8,4.8,106,1.2,2.7,3,Sad,69.00000000000001,Medium
20,Male,5.1,1.9,103,2.1,8.7,1,Stressed,91.69999999999999,Low
45,Female,4.5,3.9,50,2.2,4.8,7,Happy,39.800000000000004,High
43,Female,7.6,8.5,106,1.7,5.1,7,Happy,70.9,Medium
47,Female,4.9,9.2,37,2.2,5.4,2,Neutral,51.80000000000001,Medium
30,Female,4.3,2.3,107,2.7,4.1,5,Neutral,61.500000000000014,Medium
30,Female,6.1,9.6,113,1.2,11.4,9,Stressed,57.19999999999999,Medium
19,Male,4.2,5.1,66,1.5,11.1,3,Happy,62.7,Medium
54,Female,8.8,8.5,76,1.4,10.7,8,Neutral,82.6,Low
55,Male,7.1,8.4,99,1.2,3.1,4,Neutral,70.2,Medium
19,Male,4.8,9.7,104,2.9,4.3,3,Sad,60.5,Medium
53,Female,4.9,8.7,47,2.3,8.1,2,Sad,60.7,Medium
43,Female,6.8,1.4,11,4.7,11.7,9,Neutral,78.30000000000001,Low
28,Male,5.8,6.7,19,1.4,8.0,5,Sad,51.4,Medium
25,Male,7.9,2.8,102,4.7,5.3,9,Sad,91.9,Low
57,Male,6.7,11.7,107,1.3,10.2,8,Happy,59.9,Medium
39,Female,6.2,3.8,71,3.5,3.4,3,Neutral,80.9,Low
37,Male,8.8,5.6,116,2.0,10.8,4,Neutral,100.0,Low
25,Male,6.0,3.2,110,4.3,11.7,6,Stressed,96.5,Low
46,Female,6.0,2.5,1,1.2,11.7,10,Stressed,44.6,High
57,Male,7.3,7.6,74,4.8,3.5,5,Happy,83.6,Low
43,Female,8.0,6.4,119,1.2,7.5,10,Happy,72.0,Medium
47,Male,7.1,5.1,84,2.0,7.8,10,Happy,63.199999999999996,Medium
34,Female,7.5,1.9,100,2.9,3.9,3,Sad,100.0,Low
37,Male,5.9,9.1,54,4.0,7.5,5,Happy,66.6,Medium
33,Female,6.4,1.1,5,4.8,8.5,5,Stressed,83.8,Low
24,Female,5.0,6.0,82,2.7,5.3,9,Happy,42.50000000000001,High
33,Male,7.4,8.0,93,4.0,5.2,4,Stressed,91.0,Low
44,Female,5.1,5.7,109,3.9,2.6,8,Stressed,54.099999999999994,Medium
40,Male,4.0,2.4,102,3.3,11.6,4,Happy,79.30000000000001,Low
41,Female,8.7,9.6,107,3.8,10.0,10,Happy,88.2,Low
26,Female,5.5,4.6,61,1.2,9.6,2,Sad,75.2,Low
52,Female,5.0,2.5,48,2.8,2.2,3,Neutral,60.99999999999999,Medium
37,Female,5.3,7.1,99,4.1,8.2,4,Happy,79.5,Low
54,Female,5.7,1.2,83,2.9,3.8,8,Stressed,61.29999999999999,Medium
59,Female,6.4,4.6,53,4.5,8.6,9,Stressed,69.1,Medium
34,Female,4.3,9.3,117,4.3,8.2,6,Happy,61.70000000000001,Medium
48,Male,4.3,11.0,9,4.5,10.5,8,Neutral,34.3,High
25,Male,5.5,7.5,23,1.5,4.6,10,Neutral,21.299999999999994,High
32,Female,5.5,3.4,96,2.0,2.3,5,Happy,62.00000000000001,Medium
48,Female,4.6,3.4,28,1.1,11.1,5,Happy,52.5,Medium
47,Female,6.0,7.6,118,4.9,11.1,8,Neutral,83.1,Low
37,Male,5.4,5.5,93,1.9,6.6,4,Stressed,68.3,Medium
56,Female,4.1,2.9,99,2.5,2.8,3,Happy,61.1,Medium
29,Male,8.4,9.7,108,2.1,7.0,10,Sad,70.69999999999999,Medium
34,Female,8.4,3.2,5,1.2,7.2,2,Happy,91.0,Low
59,Female,5.0,4.5,57,2.0,10.2,8,Happy,50.800000000000004,Medium
47,Female,4.8,1.7,110,1.4,9.2,5,Sad,72.0,Medium
46,Female,6.7,8.7,77,2.6,2.7,6,Neutral,59.4,Medium
36,Female,7.2,4.0,56,4.9,9.1,9,Neutral,81.9,Low
28,Male,8.8,3.6,2,3.8,3.4,3,Neutral,95.0,Low
51,Female,5.9,4.3,23,3.8,2.9,4,Happy,63.8,Medium
24,Male,7.1,10.6,18,2.8,6.0,2,Neutral,71.39999999999999,Medium
51,Male,8.4,6.7,101,4.2,2.8,6,Sad,93.39999999999999,Low
37,Female,6.2,2.7,97,4.6,10.3,9,Sad,83.6,Low
55,Female,4.6,9.5,8,4.8,6.6,2,Happy,57.8,Medium
41,Female,5.9,3.3,29,1.4,7.9,5,Neutral,61.0,Medium
27,Male,4.7,5.5,95,4.5,7.8,10,Neutral,53.1,Medium
49,Male,4.1,7.2,76,1.9,11.8,1,Sad,70.9,Medium
32,Male,7.8,7.4,81,2.6,11.2,4,Neutral,98.80000000000001,Low
54,Female,5.2,1.8,43,2.4,10.5,8,Sad,58.0,Medium
37,Male,4.0,10.2,52,3.7,5.8,3,Happy,48.10000000000001,High
20,Male,8.4,6.3,85,3.4,3.5,4,Sad,96.4,Low
54,Male,6.2,11.9,67,1.4,7.9,2,Neutral,66.4,Medium
57,Female,5.2,8.9,59,4.1,6.4,9,Sad,43.3,High
25,Male,5.3,11.9,22,2.8,4.3,5,Neutral,36.20000000000001,High
57,Male,5.2,6.0,60,1.0,3.0,3,Stressed,51.0,Medium
40,Female,5.0,2.5,6,2.7,6.4,10,Happy,32.5,High
57,Female,8.2,9.0,43,3.1,8.5,7,Stressed,77.1,Low
28,Female,4.9,9.6,54,1.3,8.3,1,Sad,59.699999999999996,Medium
25,Male,6.8,10.4,74,1.6,9.7,9,Stressed,53.4,Medium
46,Male,4.4,4.3,38,5.0,6.7,7,Happy,53.4,Medium
47,Male,8.7,6.6,58,4.5,5.2,1,Happy,100.0,Low
27,Female,7.0,10.4,105,1.5,7.4,4,Sad,76.5,Low
56,Male,8.5,10.5,104,3.3,11.8,7,Stressed,96.9,Low
45,Female,6.0,1.3,97,2.5,2.5,4,Sad,78.30000000000001,Low
53,Female,8.1,8.4,4,3.2,7.3,7,Sad,67.6,Medium
30,Male,8.3,7.6,41,2.9,5.3,3,Happy,89.1,Low
49,Male,7.5,1.9,88,1.2,3.1,4,Sad,85.0,Low
53,Male,4.5,11.2,91,2.3,6.3,3,Neutral,52.900000000000006,Medium
54,Female,4.1,5.9,13,1.5,8.4,4,Neutral,40.099999999999994,High
43,Female,4.8,8.4,26,3.0,7.3,10,Neutral,26.000000000000007,High
39,Male,4.6,10.7,15,4.6,2.3,3,Neutral,43.2,High
21,Female,7.6,2.4,90,5.0,7.8,10,Happy,89.8,Low
48,Male,6.8,10.4,1,4.8,4.3,10,Happy,40.00000000000001,High
35,Male,6.6,9.0,18,4.9,5.4,5,Stressed,66.89999999999999,Medium
55,Male,5.3,10.2,22,1.1,5.1,4,Happy,36.7,High
41,Female,4.8,6.4,40,3.9,10.6,3,Neutral,71.9,Medium
40,Female,5.0,1.4,13,2.1,2.5,5,Happy,45.300000000000004,High
39,Male,6.0,8.4,46,4.5,5.5,10,Happy,45.900000000000006,High
19,Male,7.7,5.1,114,4.3,5.9,9,Neutral,86.89999999999999,Low
48,Female,5.3,5.4,62,2.7,8.2,1,Sad,80.5,Low
28,Male,7.5,5.9,89,2.9,9.9,4,Happy,99.3,Low
45,Female,6.5,6.4,7,2.1,9.3,7,Happy,54.70000000000001,Medium
49,Male,8.4,8.3,26,2.2,9.5,4,Stressed,86.6,Low
22,Female,5.2,9.0,110,4.9,3.9,8,Sad,56.3,Medium
55,Male,6.3,9.5,39,4.6,11.1,7,Happy,69.0,Medium
27,Female,4.5,8.4,27,1.8,6.1,5,Neutral,34.8,High
57,Male,5.7,9.8,67,2.1,2.1,10,Sad,25.500000000000004,High
41,Female,6.5,2.3,60,1.4,8.7,4,Happy,80.80000000000001,Low
52,Female,7.7,10.2,37,5.0,8.0,8,Happy,73.0,Medium
40,Female,5.0,5.3,74,4.6,3.3,1,Stressed,79.8,Low
34,Female,5.1,6.8,107,3.2,11.6,2,Stressed,90.00000000000001,Low
18,Male,7.2,5.8,23,3.8,7.6,5,Happy,79.2,Low
48,Female,5.9,6.2,27,4.0,6.7,10,Stressed,45.4,High
48,Female,6.4,4.1,40,1.8,6.0,7,Stressed,56.8,Medium
59,Male,8.2,2.9,17,4.7,4.1,9,Happy,75.30000000000001,Low
59,Female,6.5,2.2,48,3.1,11.5,3,Neutral,96.69999999999999,Low
51,Male,7.3,6.0,84,1.4,9.0,5,Stressed,82.8,Low
26,Female,7.3,2.4,25,2.6,7.7,2,Sad,93.60000000000001,Low
39,Female,8.0,3.7,2,3.4,8.3,6,Stressed,82.6,Low
30,Female,7.2,2.5,76,2.4,10.4,6,Neutral,91.0,Low
42,Female,4.3,2.2,37,3.8,8.4,4,Neutral,65.8,Medium
35,Female,5.7,10.7,91,4.5,3.1,2,Happy,74.50000000000001,Medium
29,Female,8.9,8.4,13,4.1,9.0,8,Happy,81.3,Low
57,Male,5.0,11.2,0,3.6,7.6,8,Happy,28.8,High
34,Male,6.9,8.1,91,3.0,11.7,1,Sad,100.0,Low
32,Female,8.2,10.3,99,2.0,9.3,2,Neutral,100.0,Low
59,Female,6.9,7.1,117,2.8,5.4,4,Neutral,87.0,Low
32,Male,5.9,6.1,113,2.2,3.4,1,Neutral,83.19999999999999,Low
32,Male,4.4,6.8,10,4.7,6.8,6,Sad,45.5,High
56,Female,5.8,4.5,106,4.6,8.8,2,Stressed,100.0,Low
30,Female,4.9,8.2,39,1.6,3.8,3,Stressed,44.0,High
34,Female,8.8,10.9,3,4.3,8.5,9,Happy,69.3,Medium
49,Female,7.6,9.6,33,3.8,10.3,7,Stressed,75.0,Low
26,Female,7.7,6.1,64,4.9,3.6,4,Happy,93.3,Low
57,Female,6.2,11.5,55,2.9,9.1,10,Sad,42.7,High
37,Male,4.5,11.8,9,3.9,2.7,1,Sad,44.099999999999994,High
43,Female,5.3,6.4,80,3.1,2.1,4,Stressed,59.900000000000006,Medium
44,Female,5.3,10.5,70,1.3,2.3,10,Happy,17.1,High
38,Male,6.4,1.1,102,1.2,8.3,6,Stressed,80.80000000000001,Low
35,Male,6.3,1.7,63,1.5,11.7,8,Stressed,71.1,Medium
30,Male,6.2,1.2,12,2.2,9.7,9,Stressed,56.4,Medium
33,Male,6.5,9.5,21,2.0,4.5,4,Neutral,53.2,Medium
26,Female,8.9,1.9,55,3.9,2.7,6,Happy,97.10000000000001,Low
29,Male,5.5,1.2,64,3.9,8.2,2,Sad,93.29999999999998,Low
55,Male,7.1,2.6,91,4.9,2.0,2,Sad,100.0,Low
36,Female,5.2,4.4,96,2.2,9.9,6,Stressed,69.2,Medium
24,Male,6.3,6.1,12,4.8,4.4,9,Happy,50.0,Medium
52,Male,5.0,1.7,0,3.5,5.0,3,Stressed,62.099999999999994,Medium
35,Female,6.8,6.5,37,3.0,5.4,4,Stressed,72.2,Medium
33,Female,5.3,3.7,118,3.7,9.6,9,Stressed,70.89999999999999,Medium
56,Female,4.2,4.0,57,3.8,4.7,9,Neutral,37.800000000000004,High
21,Female,8.1,10.0,24,1.7,4.8,5,Sad,63.9,Medium
42,Female,4.6,11.9,41,4.0,7.4,9,Sad,29.200000000000006,High
49,Female,5.8,6.1,84,3.9,6.6,5,Stressed,75.3,Low
57,Female,6.4,4.5,32,5.0,11.6,5,Sad,89.60000000000001,Low
30,Male,6.2,11.2,56,4.6,4.6,7,Happy,55.000000000000014,Medium
34,Male,7.6,6.5,36,3.7,2.9,6,Happy,70.5,Medium
54,Female,7.0,9.0,117,3.8,7.4,10,Sad,69.2,Medium
23,Male,5.5,5.6,56,4.8,3.8,7,Stressed,58.6,Medium
36,Female,4.3,3.2,97,4.9,6.1,10,Stressed,52.7,Medium
30,Male,7.8,8.2,61,4.3,3.9,2,Happy,95.10000000000001,Low
43,Female,5.8,8.3,2,4.1,10.8,9,Neutral,47.900000000000006,High
31,Male,8.4,6.1,29,1.4,5.3,6,Happy,71.19999999999999,Medium
48,Female,6.0,4.0,118,4.3,9.7,9,Sad,80.5,Low
21,Male,7.6,10.1,66,2.0,11.5,1,Stressed,98.0,Low
56,Female,8.7,4.0,62,3.3,11.4,2,Neutral,100.0,Low
25,Male,7.3,8.2,81,2.6,7.2,7,Happy,72.20000000000002,Medium
42,Male,6.1,5.2,22,2.4,11.8,2,Sad,82.6,Low
30,Female,6.8,6.2,71,2.2,8.6,6,Sad,74.0,Medium
49,Male,6.7,3.3,72,4.4,3.3,2,Stressed,95.4,Low
55,Male,6.9,8.1,65,4.1,10.9,10,Stressed,68.1,Medium
55,Male,4.7,3.5,60,3.1,6.7,5,Neutral,60.9,Medium
45,Male,7.5,6.3,1,3.7,3.5,6,Stressed,64.10000000000001,Medium
47,Male,4.7,4.6,26,4.9,9.9,7,Happy,59.3,Medium
20,Female,4.1,11.6,47,2.6,8.2,1,Happy,52.6,Medium
45,Female,7.1,11.8,102,3.2,10.8,2,Stressed,97.4,Low
20,Male,4.6,9.3,62,3.1,10.3,2,Stressed,67.9,Medium
51,Female,7.9,11.8,99,4.7,5.2,1,Happy,100.0,Low
33,Male,8.3,2.2,4,2.4,4.6,3,Happy,88.6,Low
39,Female,8.7,11.9,0,4.9,9.3,6,Neutral,82.30000000000001,Low
49,Male,7.3,2.1,21,2.2,7.7,9,Sad,63.4,Medium
55,Male,6.4,5.6,73,1.4,2.7,3,Sad,67.8,Medium
25,Male,5.8,3.6,108,1.8,3.8,3,Sad,76.99999999999999,Low
25,Male,6.5,11.5,23,2.7,3.5,2,Happy,59.099999999999994,Medium
23,Female,5.0,8.0,58,3.6,7.9,2,Happy,71.39999999999999,Medium
31,Female,5.7,7.6,78,3.1,2.9,7,Happy,50.69999999999999,Medium
49,Female,7.6,12.0,96,2.5,4.1,4,Happy,75.9,Low
52,Male,5.1,7.7,49,3.2,7.5,6,Sad,52.4,Medium
27,Female,5.3,8.1,22,4.4,3.3,8,Sad,37.800000000000004,High
20,Female,7.7,1.5,77,4.4,4.5,5,Neutral,100.0,Low
29,Male,4.9,10.4,17,3.9,11.1,3,Neutral,61.30000000000001,Medium
48,Male,5.2,11.7,88,4.8,9.0,2,Happy,80.19999999999999,Low
46,Male,4.1,11.6,21,3.4,5.1,6,Neutral,25.2,High
22,Female,7.6,3.4,43,1.0,10.8,8,Sad,72.4,Medium
42,Female,7.1,3.5,43,2.2,4.5,10,Sad,52.599999999999994,Medium
58,Male,7.5,5.0,36,2.3,7.9,4,Sad,83.5,Low
48,Female,5.1,4.4,6,3.2,5.7,2,Sad,62.800000000000004,Medium
38,Male,7.4,4.4,89,4.6,9.5,3,Stressed,100.0,Low
37,Female,7.0,7.7,23,4.4,5.7,3,Happy,80.6,Low
56,Male,5.8,9.9,76,1.9,4.5,9,Happy,35.900000000000006,High
39,Female,6.2,11.3,40,3.1,8.1,10,Stressed,39.099999999999994,High
21,Female,6.8,1.7,69,3.6,9.5,4,Neutral,99.39999999999999,Low
30,Female,6.5,4.1,84,5.0,7.4,6,Happy,89.39999999999999,Low
59,Male,7.2,3.8,70,1.1,9.2,9,Neutral,66.30000000000001,Medium
37,Male,4.9,4.9,17,2.9,6.2,10,Sad,29.500000000000007,High
30,Male,6.7,5.7,78,5.0,10.0,8,Neutral,84.19999999999999,Low
34,Female,6.3,5.3,71,4.9,7.9,9,Happy,70.9,Medium
53,Male,6.3,11.5,59,2.3,4.0,6,Happy,47.3,High
50,Female,6.3,5.8,51,1.0,10.9,2,Sad,80.4,Low
18,Male,8.4,7.1,79,3.3,10.4,5,Happy,100.0,Low
32,Male,8.1,9.2,48,4.5,11.6,10,Sad,77.89999999999999,Low
30,Female,7.1,9.0,66,2.3,7.7,3,Happy,81.10000000000001,Low
34,Female,7.6,7.4,44,4.7,8.8,3,Sad,99.1,Low
41,Male,4.2,10.5,8,2.3,10.6,10,Neutral,15.3,High
25,Male,7.7,7.9,115,3.4,2.5,1,Neutral,100.0,Low
44,Female,6.4,10.6,110,3.9,11.1,4,Stressed,90.5,Low
40,Female,5.6,4.3,25,2.4,4.7,7,Sad,45.800000000000004,High
25,Male,4.7,2.5,25,2.4,2.6,3,Neutral,52.2,Medium
25,Female,4.4,10.0,29,2.9,4.4,7,Stressed,25.099999999999998,High
43,Male,4.2,5.2,26,4.3,7.9,6,Happy,50.10000000000001,Medium
30,Male,4.8,8.2,79,1.4,2.5,1,Sad,55.4,Medium
56,Male,4.2,9.1,111,3.5,2.0,5,Neutral,47.5,High
54,Female,7.7,4.6,114,3.7,8.4,6,Neutral,100.0,Low
45,Male,5.2,6.6,3,3.2,6.5,9,Stressed,32.39999999999999,High
42,Male,5.8,10.8,50,4.7,10.4,10,Stressed,50.7,Medium
33,Female,8.1,10.7,82,3.4,4.6,6,Stressed,78.2,Low
19,Female,4.6,9.2,97,3.5,4.8,8,Happy,42.1,High
35,Female,8.2,9.4,69,3.4,2.8,2,Neutral,91.6,Low
34,Male,7.2,10.9,108,3.9,7.4,1,Stressed,100.0,Low
47,Female,5.7,9.1,78,1.5,5.7,1,Neutral,69.3,Medium
56,Female,4.6,4.7,9,4.6,5.4,7,Sad,44.2,High
30,Male,4.5,2.3,117,1.2,6.6,8,Happy,51.000000000000014,Medium
49,Male,5.7,5.6,105,3.6,10.5,8,Neutral,73.8,Medium
46,Male,4.7,2.0,35,3.5,3.1,3,Sad,61.7,Medium
47,Male,5.3,2.3,45,1.8,7.2,5,Neutral,60.800000000000004,Medium
35,Female,4.3,11.5,103,1.2,4.0,7,Sad,26.599999999999994,High
30,Male,7.0,8.4,5,1.6,4.1,9,Happy,34.400000000000006,High
38,Female,4.7,10.4,107,2.1,4.6,5,Happy,47.30000000000001,High
47,Male,7.8,8.1,103,4.5,6.6,4,Happy,100.0,Low
38,Male,5.1,5.6,69,4.4,6.9,4,Neutral,73.39999999999999,Medium
34,Female,8.0,1.3,78,1.3,10.7,6,Neutral,96.9,Low
57,Female,4.9,11.5,92,2.2,10.9,9,Sad,41.2,High
36,Female,7.6,1.8,88,4.6,7.9,1,Happy,100.0,Low
32,Male,5.7,7.7,82,1.9,4.8,1,Happy,73.1,Medium
26,Male,6.9,2.1,77,5.0,10.2,1,Sad,100.0,Low
27,Female,4.2,4.1,2,2.0,9.9,4,Sad,48.0,High
48,Female,6.5,3.0,49,4.0,10.0,4,Stressed,92.8,Low
40,Male,4.7,7.1,41,2.7,2.2,8,Neutral,26.9,High
47,Female,6.4,10.8,109,1.5,9.5,5,Happy,70.69999999999999,Medium
50,Female,4.7,8.0,77,2.0,10.5,10,Neutral,37.400000000000006,High
26,Male,6.2,8.3,53,3.7,8.1,4,Sad,74.7,Medium
18,Female,4.6,11.0,102,2.3,9.5,8,Happy,42.900000000000006,High
52,Male,5.1,9.2,38,3.4,9.8,7,Sad,48.8,High
28,Male,7.0,10.5,84,1.8,7.1,6,Sad,65.0,Medium
51,Male,8.9,5.6,117,2.8,10.1,2,Stressed,100.0,Low
33,Female,6.2,10.5,54,3.0,9.9,5,Stressed,66.6,Medium
26,Female,7.4,8.1,10,2.7,11.2,2,Happy,87.69999999999999,Low
49,Female,6.7,2.5,113,1.8,11.2,6,Neutral,92.0,Low
32,Female,6.5,1.4,73,2.8,7.3,9,Stressed,69.39999999999999,Medium
29,Male,4.3,3.7,78,3.8,2.3,9,Sad,38.79999999999999,High
50,Male,4.7,5.2,29,4.9,2.2,6,Sad,47.29999999999999,High
31,Female,8.4,10.2,107,4.2,11.4,4,Sad,100.0,Low
25,Female,6.1,9.2,118,1.6,5.4,10,Neutral,44.999999999999986,High
25,Female,7.1,11.5,80,2.1,5.8,9,Neutral,50.1,Medium
44,Female,6.6,7.2,117,1.3,6.7,5,Neutral,74.9,Medium
29,Male,5.9,9.2,55,1.5,4.7,8,Happy,36.5,High
18,Female,5.9,4.0,28,2.0,7.9,9,Neutral,46.39999999999999,High
57,Male,6.8,8.5,16,1.8,9.8,5,Sad,62.800000000000004,Medium
59,Female,4.7,8.8,32,1.9,4.6,6,Sad,30.499999999999996,High
28,Female,5.9,10.3,101,1.9,9.4,4,Happy,70.89999999999999,Medium
56,Female,6.2,6.9,20,2.2,8.7,1,Neutral,76.6,Low
48,Male,8.9,8.1,110,1.5,7.3,1,Stressed,100.0,Low
34,Female,5.8,3.2,114,2.1,5.3,5,Happy,75.49999999999999,Low
50,Male,7.2,9.1,77,3.8,10.7,3,Stressed,97.6,Low
49,Male,4.7,10.2,9,1.9,6.0,7,Sad,21.9,High
46,Female,4.3,7.5,105,1.7,5.7,4,Neutral,52.9,Medium
38,Male,8.4,2.3,86,1.3,8.4,4,Happy,100.0,Low
38,Male,7.7,4.4,102,3.0,11.2,4,Neutral,100.0,Low
57,Male,5.6,6.2,38,4.4,7.1,6,Neutral,63.39999999999999,Medium
40,Female,6.5,8.4,77,1.2,9.2,9,Stressed,52.00000000000001,Medium
23,Male,4.7,4.5,46,3.2,6.6,9,Stressed,40.400000000000006,High
39,Male,7.5,10.2,85,3.6,4.2,5,Sad,78.0,Low
55,Female,4.4,5.1,51,3.4,3.2,8,Stressed,35.4,High
54,Female,7.8,1.5,40,4.5,3.4,4,Stressed,96.3,Low
25,Male,6.7,9.7,91,4.5,2.2,8,Stressed,60.70000000000001,Medium
58,Male,5.4,8.1,46,1.2,7.5,10,Sad,28.0,High
52,Male,8.3,9.8,72,2.4,3.3,9,Sad,60.40000000000001,Medium
28,Male,8.9,4.8,86,3.7,10.7,8,Stressed,100.0,Low
41,Female,5.3,1.2,70,4.8,11.8,8,Happy,80.19999999999999,Low
38,Female,8.0,1.8,87,4.2,7.0,9,Stressed,92.80000000000001,Low
19,Male,7.8,2.2,42,1.7,6.5,10,Happy,63.5,Medium
57,Female,7.7,9.9,36,2.1,5.5,8,Happy,53.900000000000006,Medium
36,Male,8.8,4.3,72,4.1,8.4,4,Stressed,100.0,Low
56,Female,6.4,12.0,63,2.9,8.1,5,Neutral,63.3,Medium
45,Female,7.4,9.3,101,3.2,5.4,10,Neutral,62.39999999999999,Medium
34,Male,8.1,7.6,70,3.4,5.4,6,Sad,83.6,Low
23,Male,6.4,11.8,59,1.4,8.4,5,Neutral,56.0,Medium
36,Male,6.4,4.5,86,4.4,7.5,9,Neutral,73.2,Medium
55,Male,5.6,2.8,24,4.5,9.2,2,Sad,88.1,Low
45,Female,7.9,9.1,118,2.9,11.4,6,Happy,97.69999999999999,Low
19,Female,7.4,4.1,109,3.5,9.8,10,Sad,84.69999999999999,Low
55,Male,6.3,11.6,114,3.6,5.0,2,Neutral,82.6,Low
54,Female,6.1,11.9,21,1.8,9.6,8,Stressed,37.60000000000001,High
21,Female,4.4,11.2,117,1.5,6.5,8,Sad,33.50000000000001,High
39,Male,4.0,11.4,42,1.1,9.8,5,Neutral,30.7,High
43,Male,6.6,7.8,70,4.7,10.9,10,Sad,69.7,Medium
53,Female,6.1,8.6,69,2.4,4.5,8,Stressed,46.599999999999994,High
30,Male,8.0,2.0,35,1.3,4.4,5,Stressed,78.3,Low
49,Male,6.7,9.4,45,2.9,6.3,4,Stressed,68.3,Medium
34,Female,8.7,3.2,21,1.3,2.5,9,Neutral,60.3,Medium
58,Female,5.0,10.2,34,1.3,8.9,8,Neutral,28.7,High
53,Male,9.0,11.6,112,3.0,9.5,4,Sad,100.0,Low
36,Female,5.5,3.3,46,3.0,5.5,2,Neutral,75.60000000000001,Low
52,Male,7.2,1.9,32,3.3,6.7,2,Stressed,96.50000000000001,Low
57,Male,6.5,6.3,84,3.6,7.9,2,Stressed,95.0,Low
45,Female,5.8,9.7,74,3.7,2.7,10,Neutral,37.300000000000004,High
18,Female,4.7,9.5,12,2.7,9.1,8,Stressed,30.099999999999998,High
59,Male,4.7,8.7,55,3.6,7.3,6,Stressed,49.2,High
35,Male,7.6,10.0,66,2.2,8.2,1,Neutral,92.6,Low
57,Male,5.9,2.9,12,2.8,9.2,10,Stressed,48.00000000000001,High
50,Female,8.8,8.2,49,2.6,8.8,4,Stressed,96.0,Low
29,Male,5.6,7.7,119,2.3,3.0,3,Stressed,69.89999999999999,Medium
25,Female,8.9,2.7,104,2.0,9.8,10,Sad,94.0,Low
41,Male,5.0,5.6,56,1.3,8.1,7,Happy,44.7,High
33,Female,4.5,10.4,97,3.0,9.1,10,Stressed,36.80000000000001,High
21,Male,5.6,11.7,27,3.1,4.6,5,Happy,42.7,High
55,Female,8.4,8.3,103,2.3,4.2,1,Stressed,100.0,Low
44,Male,6.6,11.1,97,4.9,10.3,6,Sad,84.30000000000001,Low
26,Male,4.7,2.5,95,3.2,5.9,4,Stressed,72.8,Medium
33,Male,5.0,11.7,86,4.6,7.8,10,Sad,42.40000000000001,High
29,Male,5.6,1.4,87,3.3,7.5,6,Happy,78.10000000000001,Low
48,Female,7.0,6.8,64,1.8,7.9,7,Sad,66.0,Medium
41,Female,5.7,4.2,23,4.9,2.7,9,Neutral,47.09999999999999,High
31,Female,7.7,10.0,66,4.5,5.0,1,Sad,98.7,Low
42,Female,7.1,3.4,80,2.9,2.7,6,Happy,76.10000000000001,Low
51,Female,8.4,1.1,6,2.0,6.8,8,Neutral,74.6,Medium
20,Male,6.5,5.6,73,1.9,11.0,4,Happy,83.89999999999999,Low
41,Female,5.7,1.7,82,4.2,5.9,10,Happy,62.8,Medium
59,Female,9.0,4.2,23,1.3,9.8,9,Neutral,76.29999999999998,Low
26,Female,5.8,8.1,8,3.6,4.9,4,Stressed,55.19999999999999,Medium
43,Female,6.1,4.2,113,3.6,10.6,4,Stressed,98.39999999999999,Low
37,Male,8.0,3.7,14,1.7,6.2,9,Happy,60.29999999999999,Medium
57,Male,4.4,2.7,112,3.8,5.6,4,Happy,75.2,Low
27,Male,5.9,2.5,55,3.8,9.0,9,Happy,66.0,Medium
36,Male,4.4,6.8,85,2.4,7.1,1,Happy,69.6,Medium
20,Female,4.7,8.5,16,2.9,5.4,8,Sad,26.500000000000004,High
41,Female,4.0,6.0,18,4.3,2.6,2,Stressed,50.3,Medium
22,Male,4.0,2.4,8,3.1,3.7,8,Happy,27.700000000000003,High
20,Male,5.9,8.1,63,3.5,9.7,5,Stressed,72.29999999999998,Medium
44,Female,8.0,7.1,56,2.7,11.2,1,Sad,100.0,Low
33,Female,6.9,5.2,37,1.6,3.7,1,Stressed,77.4,Low
32,Male,7.2,4.6,82,5.0,7.7,6,Happy,95.60000000000001,Low
52,Male,6.6,3.0,7,3.1,2.3,1,Happy,77.5,Low
29,Male,8.1,2.6,5,2.3,4.9,2,Sad,90.1,Low
58,Male,8.4,4.7,48,3.9,6.5,3,Stressed,100.0,Low
43,Female,8.2,1.5,101,3.5,9.4,2,Neutral,100.0,Low
51,Female,8.1,5.8,44,1.9,2.4,9,Stressed,56.5,Medium
40,Female,4.9,7.6,20,4.5,9.8,10,Neutral,39.9,High
48,Male,7.0,11.4,119,1.3,4.0,6,Neutral,61.5,Medium
37,Female,6.9,7.9,92,3.4,9.6,9,Happy,71.80000000000001,Medium
29,Female,6.6,7.9,33,2.9,8.3,5,Neutral,67.9,Medium
40,Male,6.4,5.1,11,2.3,5.4,4,Happy,62.3,Medium
21,Male,4.4,2.5,38,4.3,9.2,2,Stressed,78.5,Low
40,Male,4.5,5.9,95,3.6,4.4,4,Stressed,63.0,Medium
18,Male,8.5,7.6,5,4.0,4.2,8,Stressed,67.2,Medium
42,Male,7.2,9.0,80,2.7,2.6,2,Happy,80.7,Low
19,Male,5.3,10.1,31,4.8,5.9,8,Neutral,42.8,High
47,Female,5.4,3.8,59,2.4,3.0,2,Sad,68.2,Medium
20,Female,7.1,3.7,7,3.1,6.2,1,Sad,88.9,Low
38,Female,6.0,7.2,37,4.7,2.1,4,Sad,64.7,Medium
42,Female,6.2,7.2,92,1.3,3.6,7,Stressed,51.7,Medium
37,Female,4.3,3.4,94,1.4,11.3,2,Stressed,76.6,Low
39,Female,4.7,7.5,18,5.0,10.0,3,Stressed,68.6,Medium
38,Male,6.0,4.8,116,4.9,4.4,6,Sad,82.9,Low
50,Male,7.5,8.0,54,4.1,9.2,2,Stressed,100.0,Low
55,Male,4.2,4.2,8,2.9,8.7,9,Neutral,31.1,High
32,Female,5.7,7.5,51,3.0,3.8,6,Neutral,50.800000000000004,Medium
32,Female,7.5,9.5,27,2.0,5.7,6,Stressed,58.800000000000004,Medium
42,Male,8.0,11.8,61,2.7,11.1,8,Neutral,72.3,Medium
38,Male,5.0,11.0,47,2.7,9.4,1,Neutral,65.7,Medium
41,Male,7.7,6.5,113,1.1,9.6,10,Sad,71.3,Medium
22,Male,8.8,6.4,114,2.8,7.6,3,Stressed,100.0,Low
23,Male,8.5,5.8,38,2.9,8.7,2,Happy,100.0,Low
40,Female,7.9,1.3,103,3.7,7.1,1,Neutral,100.0,Low
21,Female,7.6,2.8,52,3.1,9.4,6,Neutral,91.10000000000001,Low
44,Female,5.2,1.7,94,4.4,9.3,4,Stressed,92.0,Low
35,Male,7.2,8.7,62,2.5,2.3,6,Sad,60.1,Medium
38,Female,7.2,5.5,18,2.6,8.3,8,Sad,62.199999999999996,Medium
45,Male,6.0,1.7,32,3.3,8.3,7,Neutral,68.1,Medium
52,Female,6.5,8.6,63,1.8,2.7,3,Happy,62.79999999999999,Medium
39,Male,7.5,8.1,25,2.6,6.1,3,Stressed,77.0,Low
57,Male,8.8,8.9,44,3.7,11.0,6,Stressed,95.5,Low
40,Female,5.5,7.6,0,2.6,11.5,1,Neutral,71.8,Medium
20,Female,5.2,2.8,74,4.6,9.8,3,Sad,91.80000000000001,Low
57,Female,7.0,1.7,65,3.5,3.5,8,Sad,72.1,Medium
27,Female,4.7,10.0,116,1.6,5.7,3,Sad,57.6,Medium
42,Female,6.9,3.4,34,2.9,3.8,1,Sad,87.1,Low
25,Male,4.4,7.0,76,4.1,8.5,10,Sad,42.7,High
28,Female,6.5,6.3,102,3.6,9.7,9,Stressed,74.20000000000002,Medium
22,Female,7.1,11.1,97,4.5,10.8,2,Sad,100.0,Low
54,Male,4.4,7.1,97,4.0,10.6,7,Neutral,62.400000000000006,Medium
55,Female,5.0,7.4,98,1.2,3.0,8,Happy,34.8,High
46,Male,5.7,4.5,95,1.5,3.3,3,Happy,69.1,Medium
22,Female,5.8,11.5,44,3.6,11.1,7,Sad,56.0,Medium
26,Female,7.4,7.7,75,2.0,10.4,10,Stressed,64.39999999999999,Medium
19,Male,6.6,1.1,32,3.4,6.6,4,Neutral,84.4,Low
18,Female,5.9,7.1,81,4.2,6.3,2,Neutral,86.6,Low
57,Female,6.3,5.0,68,3.3,7.5,4,Sad,82.1,Low
47,Female,4.1,1.4,82,2.7,8.0,8,Sad,52.10000000000001,Medium
28,Female,7.9,5.7,30,3.6,4.5,2,Sad,92.6,Low
45,Male,4.2,9.5,90,1.6,6.0,6,Neutral,37.0,High
29,Male,8.1,6.5,63,3.9,8.2,10,Stressed,76.5,Low
56,Female,6.7,8.0,105,3.8,4.1,3,Neutral,87.2,Low
43,Female,6.6,8.0,101,3.1,12.0,3,Happy,97.7,Low
30,Male,7.5,8.4,113,2.1,4.8,6,Happy,76.89999999999999,Low
25,Male,8.3,5.3,14,4.2,7.5,3,Happy,99.2,Low
45,Female,8.7,5.1,45,3.0,7.5,2,Happy,100.0,Low
47,Male,6.7,1.1,119,1.2,6.5,2,Happy,99.6,Low
26,Male,4.8,2.7,47,4.7,4.4,3,Stressed,72.3,Medium
56,Male,8.4,11.5,67,4.1,7.7,2,Sad,100.0,Low
48,Male,4.2,10.3,82,3.3,2.9,6,Stressed,36.1,High
38,Female,8.0,4.0,84,2.7,5.9,4,Stressed,98.1,Low
51,Male,7.4,5.4,39,4.8,4.2,1,Neutral,99.4,Low
48,Female,8.5,11.3,120,4.1,3.2,3,Stressed,100.0,Low
42,Female,8.5,3.8,0,3.1,11.3,10,Happy,75.5,Low
29,Male,4.3,6.9,19,3.6,9.0,3,Sad,57.0,Medium
18,Female,7.0,1.2,21,2.1,3.7,4,Stressed,73.7,Medium
39,Female,4.6,7.8,53,1.8,11.5,6,Stressed,48.99999999999999,High
57,Male,4.4,11.2,76,2.1,4.2,1,Stressed,51.7,Medium
54,Male,6.2,10.7,104,2.2,4.4,2,Neutral,73.2,Medium
18,Male,4.5,6.5,64,4.0,3.3,10,Happy,31.4,High
18,Female,7.6,8.1,14,1.6,9.3,3,Sad,77.19999999999999,Low
59,Female,8.8,7.3,60,4.1,7.7,5,Happy,100.0,Low
59,Female,6.8,1.7,78,3.1,2.6,7,Happy,72.89999999999999,Medium
38,Female,5.2,2.7,13,2.5,2.3,1,Neutral,62.3,Medium
32,Male,8.2,11.6,68,2.2,7.3,2,Sad,89.99999999999999,Low
34,Female,8.3,3.8,48,3.1,8.5,4,Neutral,100.0,Low
39,Male,7.7,5.2,5,2.3,10.2,10,Stressed,59.49999999999999,Medium
55,Male,7.1,6.6,40,2.7,6.8,1,Happy,88.89999999999999,Low
52,Male,8.3,11.8,30,4.0,8.8,1,Happy,99.0,Low
33,Male,4.8,8.6,115,3.5,9.3,9,Stressed,53.9,Medium
25,Female,8.7,7.9,89,4.0,8.1,6,Happy,100.0,Low
34,Male,8.7,6.8,63,3.9,5.5,2,Neutral,100.0,Low
34,Female,8.4,8.7,88,4.3,3.3,10,Happy,72.29999999999998,Medium
43,Male,5.3,8.3,50,1.8,8.5,7,Stressed,44.4,High
30,Male,8.3,10.9,58,5.0,9.7,10,Sad,77.19999999999999,Low
34,Male,6.5,7.0,54,2.9,3.9,6,Happy,60.099999999999994,Medium
55,Female,7.0,5.6,116,3.9,6.9,6,Neutral,91.3,Low
34,Male,8.2,9.9,48,3.7,6.0,8,Happy,70.3,Medium
31,Male,4.1,9.8,102,3.3,4.1,10,Stressed,26.500000000000004,High
23,Male,5.8,2.9,39,5.0,4.5,3,Stressed,82.0,Low
52,Male,8.1,3.6,14,1.9,4.4,10,Sad,54.89999999999999,Medium
31,Female,8.1,11.5,69,2.7,6.2,2,Sad,89.7,Low
25,Female,8.2,5.9,64,1.5,5.9,9,Neutral,66.3,Medium
32,Male,4.8,6.7,104,1.7,7.5,5,Happy,58.9,Medium
44,Male,7.5,4.4,6,3.9,2.9,6,Neutral,68.7,Medium
30,Female,4.7,6.3,61,1.0,7.8,7,Stressed,39.2,High
48,Female,7.9,9.2,53,4.6,2.2,2,Sad,90.6,Low
52,Female,5.2,6.3,51,3.5,4.6,6,Neutral,52.30000000000001,Medium
23,Male,7.7,4.5,50,2.8,7.0,1,Happy,100.0,Low
22,Female,6.3,2.1,3,2.3,8.9,9,Stressed,52.69999999999999,Medium
39,Male,8.9,11.2,0,1.5,9.7,6,Happy,69.5,Medium
40,Female,6.9,10.6,104,4.7,2.4,7,Sad,68.89999999999999,Medium
42,Female,7.2,9.7,65,3.8,7.4,5,Sad,79.39999999999999,Low
51,Male,5.8,8.6,111,2.3,5.5,2,Sad,77.5,Low
43,Female,7.7,6.7,97,1.3,8.9,4,Sad,91.3,Low
22,Male,6.5,10.9,34,2.3,4.8,5,Sad,51.1,Medium
43,Female,4.1,9.7,109,1.7,9.4,10,Stressed,30.7,High
37,Male,7.0,10.0,76,4.1,8.0,2,Happy,93.7,Low
23,Female,8.2,4.4,80,3.9,9.9,9,Happy,92.5,Low
23,Female,5.2,5.7,9,3.0,11.8,2,Happy,73.0,Medium
35,Male,5.1,8.8,66,4.5,11.1,2,Neutral,83.3,Low
21,Male,7.0,5.1,67,1.7,7.9,2,Neutral,89.5,Low
34,Male,8.1,6.4,88,2.8,10.9,2,Sad,100.0,Low
31,Male,5.2,8.1,100,3.8,3.5,5,Stressed,61.8,Medium
31,Female,8.7,5.8,106,1.3,2.4,7,Stressed,79.9,Low
30,Female,8.6,9.7,101,2.5,7.3,1,Happy,100.0,Low
24,Female,5.0,2.3,92,3.3,11.7,9,Sad,67.70000000000002,Medium
32,Female,5.3,8.9,64,2.5,9.1,6,Stressed,54.7,Medium
36,Female,7.5,2.6,50,2.9,5.1,1,Happy,100.0,Low
52,Female,8.8,11.3,29,3.4,8.7,1,Happy,100.0,Low
34,Male,7.5,4.5,38,2.5,2.4,9,Happy,54.89999999999999,Medium
52,Female,6.2,9.7,118,1.4,6.7,9,Happy,50.59999999999999,Medium
36,Female,4.8,6.7,9,1.6,4.4,1,Happy,49.2,High
37,Male,6.3,2.0,92,3.1,2.5,1,Stressed,93.9,Low
53,Female,7.0,7.4,43,1.7,4.5,5,Happy,61.3,Medium
52,Female,5.7,11.0,31,4.6,9.2,5,Stressed,62.6,Medium
49,Female,6.6,2.7,43,4.3,7.5,7,Stressed,77.69999999999999,Low
57,Male,4.7,4.5,62,2.4,2.2,4,Happy,50.800000000000004,Medium
41,Male,6.3,5.8,60,4.3,6.1,10,Neutral,57.10000000000001,Medium
34,Female,4.5,4.0,64,3.1,9.5,1,Neutral,80.3,Low
24,Male,4.2,11.4,40,1.6,11.5,6,Sad,34.2,High
18,Female,8.3,5.2,80,3.5,10.7,10,Happy,87.5,Low
52,Female,5.0,8.2,118,3.7,2.0,3,Sad,67.69999999999999,Medium
49,Female,6.9,3.5,11,1.3,4.2,7,Neutral,51.1,Medium
53,Male,4.7,3.4,1,2.3,4.1,1,Happy,56.10000000000001,Medium
30,Female,5.3,2.9,72,1.0,6.1,4,Neutral,62.80000000000001,Medium
23,Female,5.8,5.8,75,2.3,8.5,10,Stressed,49.900000000000006,High
31,Female,4.7,6.9,59,2.3,3.5,9,Stressed,27.5,High
54,Female,4.2,1.1,24,3.5,11.2,10,Neutral,44.49999999999999,High
32,Female,8.4,10.2,120,1.8,9.8,6,Sad,92.19999999999999,Low
21,Male,4.1,6.6,99,1.1,6.2,2,Happy,57.49999999999999,Medium
57,Female,4.3,2.7,117,2.3,7.8,6,Sad,64.1,Medium
33,Male,8.0,1.7,60,4.3,7.4,9,Happy,88.89999999999999,Low
45,Female,5.4,1.7,107,2.6,7.8,1,Happy,96.6,Low
33,Male,7.6,3.8,113,2.7,10.6,5,Happy,100.0,Low
21,Female,4.7,6.5,98,2.9,4.0,8,Neutral,44.099999999999994,High
43,Female,5.2,10.5,21,4.0,8.8,7,Neutral,44.800000000000004,High
45,Male,6.9,10.9,96,2.9,3.1,10,Sad,47.10000000000001,High
49,Male,8.9,10.2,118,1.4,6.6,2,Sad,100.0,Low
19,Female,4.4,4.6,113,1.8,8.4,8,Sad,51.19999999999999,Medium
48,Male,6.0,4.4,55,1.8,2.1,9,Neutral,39.400000000000006,High
20,Male,4.2,11.9,20,3.0,3.1,10,Neutral,3.400000000000003,High
25,Female,5.0,8.5,54,1.1,2.9,8,Stressed,23.099999999999998,High
41,Female,8.5,4.4,39,2.1,5.7,6,Happy,81.9,Low
32,Female,4.5,4.6,50,3.4,8.2,9,Happy,43.199999999999996,High
48,Female,8.3,5.8,21,2.4,12.0,8,Stressed,79.60000000000001,Low
26,Female,4.9,7.8,27,3.8,4.5,4,Sad,50.800000000000004,Medium
56,Male,8.3,10.9,120,2.6,3.4,6,Happy,81.0,Low
19,Female,6.7,3.2,3,4.9,6.1,5,Stressed,77.89999999999999,Low
25,Male,8.4,1.9,25,4.9,3.5,10,Happy,76.7,Low
24,Female,4.8,5.5,86,4.2,2.2,9,Neutral,43.6,High
56,Female,7.8,3.7,111,4.8,7.6,4,Neutral,100.0,Low
59,Male,7.4,7.3,112,1.8,10.8,1,Neutral,100.0,Low
33,Female,6.7,8.7,59,4.0,10.6,9,Sad,66.60000000000001,Medium
52,Male,8.1,4.4,22,2.3,3.0,9,Neutral,58.10000000000001,Medium
47,Male,7.2,8.5,40,3.9,3.5,7,Sad,61.5,Medium
27,Male,8.4,4.8,57,2.5,6.9,5,Happy,92.10000000000001,Low
55,Female,5.9,8.0,7,2.2,5.7,7,Happy,38.800000000000004,High
35,Female,6.9,8.0,115,4.8,9.0,9,Happy,82.0,Low
22,Female,8.4,4.1,95,1.8,6.9,3,Happy,100.0,Low
46,Female,5.1,8.0,50,4.0,2.2,5,Neutral,49.4,High
56,Female,6.4,5.2,102,3.7,4.8,3,Happy,90.1,Low
51,Female,8.8,4.7,60,2.2,11.0,8,Neutral,91.6,Low
40,Male,6.4,4.2,107,2.8,7.1,1,Happy,100.0,Low
22,Female,5.3,4.8,0,1.6,10.0,4,Happy,55.4,Medium
47,Female,5.8,9.7,119,4.7,6.0,7,Neutral,69.9,Medium
23,Female,8.4,3.7,29,4.9,8.8,9,Sad,88.5,Low
21,Female,8.8,8.5,91,3.9,3.7,10,Neutral,76.10000000000001,Low
46,Male,8.8,10.9,16,4.4,9.4,2,Sad,100.0,Low
40,Male,7.5,4.9,22,1.3,9.9,9,Stressed,59.900000000000006,Medium
23,Male,6.5,1.3,101,2.5,2.9,6,Neutral,76.9,Low
49,Male,4.9,1.3,23,2.3,3.8,7,Sad,42.099999999999994,High
59,Male,4.6,2.5,85,3.3,6.6,4,Stressed,71.7,Medium
35,Female,4.3,2.2,68,1.7,8.4,5,Sad,57.5,Medium
32,Male,4.1,9.2,88,3.3,8.4,1,Neutral,69.5,Medium
57,Male,8.4,4.2,51,3.6,8.7,4,Stressed,100.0,Low
49,Female,8.0,8.2,70,1.5,9.1,8,Sad,71.3,Medium
26,Female,6.8,1.5,117,1.5,7.1,6,Neutral,86.10000000000001,Low
54,Male,9.0,4.3,57,1.1,7.7,7,Sad,85.70000000000002,Low
27,Female,8.8,3.6,21,4.0,2.1,1,Happy,100.0,Low
37,Female,7.3,4.0,58,2.3,3.7,7,Happy,67.5,Medium
23,Male,6.3,3.1,43,1.9,7.0,6,Happy,64.89999999999999,Medium
20,Female,4.8,7.8,36,4.1,9.5,4,Stressed,63.1,Medium
59,Male,6.6,8.3,33,1.6,10.1,2,Stressed,76.19999999999999,Low
28,Male,4.8,2.6,99,2.7,9.3,2,Neutral,86.69999999999999,Low
34,Female,6.0,9.2,112,4.0,6.9,7,Stressed,69.8,Medium
49,Male,8.7,3.8,56,3.3,4.8,3,Sad,100.0,Low
21,Male,5.7,4.1,56,3.2,6.4,2,Stressed,80.8,Low
21,Female,4.8,10.1,39,1.6,2.1,10,Stressed,7.7999999999999945,High
34,Female,6.9,10.9,19,1.7,8.0,3,Stressed,63.5,Medium
58,Female,7.0,10.1,100,3.3,2.7,10,Happy,51.699999999999996,Medium
36,Female,5.0,2.6,16,1.1,3.5,2,Neutral,52.5,Medium
22,Male,5.0,12.0,51,4.5,8.3,3,Stressed,63.300000000000004,Medium
49,Female,8.9,8.4,3,2.4,2.1,5,Neutral,69.0,Medium
39,Female,5.2,6.6,62,2.7,7.7,10,Sad,40.1,High
23,Male,8.2,11.5,116,2.0,8.4,10,Neutral,69.0,Medium
52,Male,6.4,10.0,49,4.5,9.9,10,Neutral,56.099999999999994,Medium
39,Male,6.2,8.6,81,3.6,2.7,5,Stressed,64.4,Medium
18,Male,5.5,10.2,91,2.8,2.0,7,Sad,42.80000000000001,High
37,Female,7.9,5.2,49,3.3,9.7,10,Happy,74.29999999999998,Medium
39,Female,8.4,8.5,15,2.5,4.9,3,Sad,80.3,Low
28,Male,5.3,3.1,106,2.9,10.9,3,Happy,92.3,Low
30,Male,4.5,11.9,71,2.4,3.8,7,Happy,27.000000000000007,High
59,Male,4.7,7.5,60,2.6,7.9,6,Happy,48.8,High
20,Male,8.0,10.0,43,2.3,3.1,6,Happy,62.3,Medium
26,Female,6.2,5.5,17,1.3,6.0,4,Neutral,56.900000000000006,Medium
29,Male,4.7,9.3,117,1.1,10.8,4,Happy,62.900000000000006,Medium
40,Female,5.7,5.3,49,1.7,8.1,2,Neutral,72.9,Medium
31,Male,6.6,7.5,92,2.0,8.9,6,Sad,73.2,Medium
50,Female,8.3,9.6,103,4.6,4.3,10,Happy,75.99999999999999,Low
35,Female,7.2,2.3,79,3.4,11.2,3,Stressed,100.0,Low
58,Female,4.9,4.9,29,4.8,8.2,6,Happy,61.4,Medium
26,Female,4.8,7.0,48,2.4,3.1,3,Happy,49.8,High
40,Male,6.1,4.7,97,2.6,2.2,3,Happy,76.4,Low
27,Female,4.4,4.4,93,3.9,2.2,1,Happy,73.7,Medium
36,Male,7.8,4.1,20,3.3,2.5,5,Stressed,75.3,Low
22,Female,6.0,3.5,21,3.1,11.1,2,Sad,86.9,Low
40,Female,5.7,10.3,46,3.3,5.6,10,Happy,33.3,High
47,Male,6.5,11.2,24,3.3,5.0,2,Stressed,65.9,Medium
42,Male,7.5,8.7,85,4.1,6.2,9,Stressed,71.5,Medium
45,Female,6.8,1.3,55,3.7,6.1,2,Sad,99.10000000000001,Low
51,Female,8.0,9.6,63,4.8,4.4,2,Sad,98.19999999999999,Low
42,Male,7.1,6.9,27,4.8,2.9,6,Sad,68.4,Medium
27,Female,7.9,9.3,102,2.7,3.1,10,Stressed,60.500000000000014,Medium
31,Male,7.5,5.8,32,1.1,8.0,1,Neutral,87.30000000000001,Low
59,Male,5.0,1.5,65,1.0,6.0,8,Neutral,45.0,High
47,Male,4.3,8.5,3,1.5,11.0,1,Stressed,52.1,Medium
58,Female,8.5,5.9,79,1.3,6.6,9,Happy,72.7,Medium
42,Female,8.7,10.6,11,2.5,7.0,4,Stressed,78.5,Low
31,Male,7.6,9.1,16,1.2,11.3,3,Stressed,77.6,Low
52,Male,7.6,5.0,119,3.5,7.0,7,Sad,93.3,Low
51,Male,5.4,9.0,35,1.8,7.0,8,Sad,34.0,High
27,Male,6.7,6.4,15,3.1,5.6,5,Happy,63.900000000000006,Medium
52,Female,9.0,3.2,102,1.4,9.1,3,Stressed,100.0,Low
28,Male,8.3,5.6,22,4.3,5.9,4,Happy,93.5,Low
28,Female,5.5,3.4,71,4.1,7.9,10,Sad,58.7,Medium
38,Male,5.5,1.1,120,2.5,6.5,6,Stressed,78.3,Low
38,Female,6.4,3.7,8,4.6,7.3,5,Stressed,75.79999999999998,Low
39,Female,6.0,3.3,77,1.7,10.3,4,Neutral,81.9,Low
24,Female,5.9,1.0,54,4.3,6.1,3,Sad,89.5,Low
34,Female,7.1,9.6,72,3.2,4.3,6,Happy,66.8,Medium
19,Female,4.1,1.8,63,2.3,7.7,7,Stressed,48.89999999999999,High
29,Male,7.8,5.9,46,1.3,11.4,2,Sad,96.7,Low
59,Male,7.7,5.6,116,1.7,8.9,6,Happy,91.3,Low
35,Female,8.2,3.0,89,4.5,5.1,3,Neutral,100.0,Low
28,Male,8.2,11.6,99,3.4,11.6,10,Sad,78.8,Low
33,Male,6.8,7.6,66,1.9,5.4,8,Happy,54.3,Medium
35,Male,7.9,9.9,117,3.0,11.8,2,Stressed,100.0,Low
52,Male,6.5,6.5,9,1.4,3.9,5,Sad,48.599999999999994,High
43,Male,8.8,9.0,88,1.4,12.0,8,Neutral,86.6,Low
33,Male,5.0,11.7,3,4.6,2.8,9,Sad,19.799999999999997,High
23,Male,8.6,4.8,29,2.8,9.1,7,Happy,86.4,Low
59,Female,5.3,6.5,113,2.4,9.4,9,Happy,57.39999999999999,Medium
29,Male,4.5,6.7,10,4.8,8.8,9,Sad,39.2,High
30,Male,6.2,11.9,50,2.6,9.8,8,Sad,48.800000000000004,High
21,Male,7.1,3.6,18,2.3,6.7,7,Happy,64.3,Medium
56,Female,5.2,8.4,113,2.1,2.5,6,Stressed,49.3,High
19,Female,6.8,2.5,12,3.3,5.6,3,Happy,81.10000000000001,Low
43,Male,8.0,11.2,56,3.2,8.4,8,Sad,69.60000000000001,Medium
44,Female,5.3,7.5,99,1.1,8.5,3,Stressed,68.3,Medium
44,Female,6.9,10.5,2,3.6,4.0,9,Neutral,38.400000000000006,High
32,Male,5.7,10.8,111,4.2,4.5,9,Happy,51.599999999999994,Medium
25,Female,6.6,7.1,77,3.5,6.9,10,Neutral,58.5,Medium
24,Male,7.3,8.5,73,4.5,9.3,10,Stressed,71.69999999999999,Medium
57,Female,5.8,8.7,37,2.1,10.5,9,Neutral,43.50000000000001,High
29,Male,9.0,6.1,103,1.8,2.9,4,Neutral,97.19999999999999,Low
30,Female,6.8,5.8,26,3.8,11.3,9,Stressed,67.20000000000002,Medium
34,Male,8.1,3.0,87,1.8,11.3,2,Stressed,100.0,Low
34,Male,7.6,5.2,79,1.4,2.1,1,Happy,88.6,Low
53,Female,8.3,11.9,9,1.4,7.1,8,Neutral,50.2,Medium
38,Male,4.9,4.0,117,4.1,7.9,6,Sad,76.7,Low
25,Male,5.1,9.4,52,1.1,7.5,10,Sad,23.10000000000001,High
22,Female,6.4,1.7,26,2.2,8.2,9,Stressed,57.199999999999996,Medium
43,Male,8.3,6.1,6,1.5,7.0,9,Sad,57.5,Medium
33,Male,5.0,1.6,114,4.0,4.9,3,Happy,87.39999999999999,Low
53,Female,8.9,6.2,91,3.0,3.0,2,Stressed,100.0,Low
45,Male,4.6,1.3,89,1.8,4.1,7,Stressed,50.400000000000006,Medium
46,Female,4.9,7.7,81,4.0,9.4,5,Neutral,68.6,Medium
29,Male,4.8,7.5,12,4.0,4.4,10,Stressed,24.200000000000006,High
54,Female,6.9,9.8,71,3.1,10.3,6,Sad,75.69999999999999,Low
47,Female,8.6,7.4,90,2.1,6.0,5,Stressed,91.7,Low
40,Male,5.3,11.2,59,3.3,6.1,4,Neutral,55.099999999999994,Medium
33,Female,6.8,9.6,13,4.7,10.7,1,Happy,92.29999999999998,Low
31,Male,4.9,2.5,104,1.2,4.1,4,Sad,63.0,Medium
27,Male,7.2,3.9,43,2.1,3.9,10,Stressed,51.099999999999994,Medium
24,Female,4.6,1.3,69,2.1,11.9,3,Happy,79.5,Low
54,Male,6.5,5.2,83,3.5,7.4,3,Neutral,91.49999999999999,Low
46,Male,7.3,6.6,117,3.6,3.9,5,Neutral,89.0,Low
20,Female,6.9,11.4,27,1.8,3.7,1,Happy,64.00000000000001,Medium
32,Male,4.7,6.7,22,1.9,10.6,6,Neutral,44.7,High
53,Male,4.8,9.6,11,4.7,8.0,2,Neutral,62.5,Medium
36,Female,7.4,3.9,23,4.0,3.2,1,Neutral,93.2,Low
30,Male,8.0,2.7,50,4.7,10.9,8,Neutral,97.89999999999999,Low
59,Male,8.5,9.9,107,4.3,6.4,10,Stressed,80.9,Low
38,Female,8.1,3.7,21,2.6,11.9,3,Happy,100.0,Low
54,Male,8.9,10.6,61,1.5,4.8,6,Happy,73.1,Medium
44,Male,6.0,2.9,25,3.5,7.3,2,Neutral,83.3,Low
46,Female,5.7,10.4,85,2.4,3.7,5,Neutral,52.6,Medium
37,Male,4.1,9.5,57,2.7,6.4,9,Happy,23.700000000000006,High
42,Male,6.2,7.7,70,2.7,3.8,7,Stressed,53.699999999999996,Medium
23,Female,7.3,10.4,14,4.7,5.1,4,Sad,72.7,Medium
53,Female,8.1,4.6,111,1.3,4.7,3,Stressed,97.9,Low
19,Male,5.3,2.8,93,1.8,4.8,9,Stressed,48.6,High
39,Male,6.6,2.7,67,3.4,11.7,4,Sad,98.4,Low
49,Female,7.3,4.0,5,4.5,2.4,5,Neutral,73.3,Medium
33,Male,6.8,5.9,111,4.7,7.0,6,Stressed,91.9,Low
35,Male,5.4,10.6,110,3.2,8.3,10,Neutral,47.4,High
22,Male,8.0,2.0,1,1.1,8.6,5,Sad,78.9,Low
53,Female,4.9,11.1,30,2.5,9.5,9,Stressed,28.299999999999997,High
47,Male,8.5,11.2,23,4.7,9.6,1,Sad,100.0,Low
36,Male,8.8,9.0,34,3.0,11.6,6,Happy,91.0,Low
40,Female,5.8,10.9,46,3.9,9.6,4,Neutral,68.10000000000001,Medium
51,Female,5.9,9.5,30,2.1,10.2,4,Stressed,60.9,Medium
30,Female,7.7,6.8,88,1.1,7.3,3,Happy,89.1,Low
46,Male,6.3,7.6,71,3.3,8.6,5,Stressed,75.7,Low
53,Male,4.1,7.9,75,4.3,6.8,8,Neutral,43.300000000000004,High
39,Female,8.6,2.4,117,5.0,4.8,4,Neutral,100.0,Low
53,Male,6.2,3.1,1,4.4,5.1,7,Happy,60.2,Medium
26,Male,5.0,6.8,78,3.2,5.6,8,Neutral,47.2,High
56,Male,6.8,2.3,103,3.4,5.4,5,Sad,91.8,Low
36,Male,5.1,11.6,58,4.3,7.3,10,Sad,35.49999999999999,High
55,Female,5.0,6.6,95,1.1,4.5,1,Happy,66.3,Medium
23,Female,6.7,5.2,62,4.8,7.2,8,Sad,75.4,Low
32,Male,6.0,2.7,117,3.1,11.2,10,Neutral,75.9,Low
37,Female,6.9,5.6,74,4.8,6.1,3,Happy,96.8,Low
26,Male,9.0,4.3,16,4.1,4.2,4,Stressed,97.50000000000001,Low
49,Male,8.3,2.0,53,1.6,5.5,10,Sad,68.6,Medium
21,Female,4.0,11.6,20,1.7,10.8,7,Happy,22.900000000000002,High
35,Female,4.3,3.9,21,2.4,11.4,9,Happy,38.2,High
22,Male,7.1,8.6,96,2.1,10.9,4,Neutral,89.3,Low
37,Male,7.1,2.0,115,2.8,4.9,4,Neutral,97.8,Low
40,Male,8.4,11.0,54,3.4,5.9,6,Happy,77.6,Low
28,Male,7.1,7.5,28,2.7,11.7,9,Sad,62.49999999999999,Medium
54,Female,5.1,8.2,78,1.2,5.2,4,Sad,50.599999999999994,Medium
39,Female,6.3,9.6,20,4.9,3.4,10,Happy,39.099999999999994,High
21,Male,8.0,7.7,117,2.7,4.8,8,Happy,79.1,Low
46,Male,8.6,1.8,1,4.4,11.6,3,Stressed,100.0,Low
51,Female,5.2,5.7,119,1.3,6.2,2,Stressed,75.3,Low
30,Male,6.7,3.9,41,4.2,11.3,4,Sad,95.0,Low
59,Female,4.8,6.4,51,1.7,3.0,4,Neutral,43.900000000000006,High
26,Male,6.5,5.4,37,3.7,9.7,7,Stressed,71.5,Medium
59,Female,4.5,10.1,2,3.6,2.9,7,Happy,21.000000000000004,High
48,Male,8.7,3.7,24,4.6,4.0,9,Stressed,79.39999999999999,Low
24,Male,7.2,3.2,76,2.3,8.2,10,Neutral,68.69999999999999,Medium
21,Male,8.3,11.5,87,1.4,6.3,2,Neutral,89.0,Low
36,Female,9.0,11.4,61,4.5,8.7,4,Neutral,100.0,Low
59,Female,4.9,11.9,94,2.3,11.7,3,Happy,66.9,Medium
47,Male,7.5,7.3,14,1.9,2.5,3,Sad,65.7,Medium
48,Male,8.4,2.2,69,2.9,3.9,7,Neutral,87.69999999999999,Low
52,Male,6.9,10.7,104,1.6,8.4,10,Neutral,53.2,Medium
38,Male,7.2,2.6,9,2.2,11.0,6,Sad,77.6,Low
48,Female,6.0,2.7,72,2.5,10.0,3,Sad,89.5,Low
36,Female,7.4,3.1,113,2.1,6.7,8,Neutral,82.3,Low
48,Female,6.0,8.2,104,2.8,9.5,8,Neutral,65.4,Medium
49,Male,6.4,2.2,119,2.5,4.1,7,Happy,76.1,Low
19,Male,4.5,9.6,113,4.1,2.1,9,Happy,37.099999999999994,High
27,Female,4.0,1.6,104,4.7,7.7,3,Sad,84.5,Low
19,Male,4.3,2.2,68,1.4,10.1,5,Neutral,59.400000000000006,Medium
19,Female,5.0,5.8,108,4.3,6.3,6,Sad,70.1,Medium
41,Female,6.3,5.2,43,4.7,7.7,9,Sad,64.1,Medium
34,Female,4.1,11.9,40,3.7,6.2,4,Stressed,40.1,High
49,Female,4.8,11.6,82,5.0,7.1,5,Happy,60.400000000000006,Medium
33,Male,7.9,3.1,19,2.3,10.8,9,Stressed,73.69999999999999,Medium
33,Female,7.8,11.4,96,4.3,6.8,4,Stressed,93.5,Low
56,Male,7.9,8.6,106,3.7,2.1,2,Sad,97.7,Low
48,Female,8.6,5.5,36,2.3,10.0,9,Happy,77.7,Low
41,Female,4.6,9.1,94,3.8,8.2,3,Stressed,70.0,Medium
18,Female,4.8,10.9,38,3.0,9.3,6,Happy,43.4,High
28,Female,5.7,3.0,76,1.8,11.0,9,Stressed,61.2,Medium
38,Male,8.6,3.2,118,1.7,4.9,3,Stressed,100.0,Low
21,Male,7.9,5.5,101,3.9,7.0,8,Sad,89.7,Low
24,Male,5.6,2.9,108,3.8,8.0,9,Happy,70.8,Medium
43,Male,4.4,5.0,69,3.1,5.5,3,Stressed,62.3,Medium
29,Female,7.1,8.1,110,3.0,10.5,3,Neutral,100.0,Low
48,Male,5.3,9.9,7,1.7,9.0,4,Neutral,45.099999999999994,High
34,Male,6.7,4.3,42,2.7,9.3,1,Happy,94.9,Low
50,Female,8.7,4.1,9,4.5,10.1,2,Neutral,100.0,Low
28,Male,6.9,9.6,40,4.4,4.6,1,Sad,85.0,Low
45,Male,8.6,5.2,3,3.6,9.5,3,Happy,100.0,Low
49,Male,6.0,10.0,77,5.0,9.7,6,Neutral,75.80000000000001,Low
18,Male,7.2,11.9,3,4.6,10.4,8,Happy,60.599999999999994,Medium
45,Female,8.5,11.8,23,1.6,6.9,5,Sad,67.8,Medium
59,Female,6.9,8.3,110,2.6,7.0,8,Happy,69.4,Medium
24,Male,7.1,5.1,20,1.5,3.0,6,Neutral,54.3,Medium
19,Female,7.6,1.7,9,2.9,10.5,1,Sad,100.0,Low
59,Male,8.4,9.1,45,4.1,7.3,3,Sad,97.89999999999999,Low
41,Male,4.4,11.8,88,1.6,7.9,2,Sad,53.8,Medium
21,Male,5.7,1.7,69,4.5,3.2,6,Sad,72.3,Medium
36,Female,6.0,1.1,79,3.3,8.0,8,Stressed,74.1,Medium
43,Female,8.5,10.1,120,4.0,2.4,6,Sad,89.6,Low
28,Female,8.8,2.1,43,1.2,11.2,4,Sad,100.0,Low
57,Female,4.6,1.9,91,1.4,10.6,4,Stressed,72.60000000000001,Medium
28,Female,4.6,11.0,99,3.5,3.9,9,Sad,33.099999999999994,High
20,Female,8.7,1.9,32,4.4,7.9,1,Neutral,100.0,Low
29,Male,5.5,2.3,93,4.5,8.0,2,Happy,99.5,Low
20,Female,5.2,7.3,35,3.8,10.0,4,Happy,67.4,Medium
59,Male,4.2,9.3,24,1.8,9.6,3,Happy,44.39999999999999,High
44,Male,5.4,5.4,12,1.8,11.9,9,Sad,42.400000000000006,High
19,Female,7.5,5.6,38,4.5,5.5,5,Stressed,84.89999999999999,Low
33,Male,6.1,8.0,78,1.5,3.2,8,Happy,42.49999999999999,High
19,Male,6.6,6.6,37,3.7,7.7,4,Stressed,78.10000000000001,Low
47,Male,8.6,1.2,29,3.1,9.6,4,Happy,100.0,Low
37,Female,4.6,2.2,13,2.7,4.9,10,Happy,27.500000000000004,High
55,Female,4.4,7.4,49,2.8,4.4,3,Sad,49.8,High
45,Male,8.3,9.7,67,4.8,10.0,9,Sad,85.0,Low
42,Female,7.9,9.4,0,4.4,9.5,10,Stressed,61.2,Medium
49,Male,5.3,9.1,60,4.5,4.0,2,Happy,69.3,Medium
27,Female,5.6,9.5,2,2.6,10.7,3,Neutral,59.800000000000004,Medium
59,Male,5.6,1.5,108,1.4,3.3,3,Neutral,76.19999999999999,Low
57,Male,7.2,10.8,49,5.0,3.1,3,Happy,79.39999999999999,Low
50,Female,4.3,10.8,60,1.6,5.5,4,Happy,36.4,High
30,Female,6.4,6.9,35,3.1,10.9,5,Neutral,74.5,Medium
58,Female,4.7,3.7,3,2.1,9.0,6,Happy,44.7,High
59,Female,8.1,7.5,42,3.0,5.9,5,Stressed,81.2,Low
54,Female,5.9,7.1,13,2.2,3.6,9,Happy,29.59999999999999,High
33,Male,6.6,3.5,88,4.6,9.1,7,Sad,89.8,Low
39,Male,4.1,7.6,102,4.9,8.0,7,Sad,58.7,Medium
37,Male,4.3,9.8,66,2.6,11.9,7,Neutral,45.400000000000006,High
44,Female,7.4,9.9,6,1.3,9.7,7,Happy,53.300000000000004,Medium
58,Female,7.8,1.7,7,3.7,3.0,2,Sad,92.5,Low
33,Male,7.6,3.2,43,2.5,9.3,8,Happy,77.29999999999998,Low
51,Male,7.7,8.4,63,4.9,4.6,10,Stressed,66.5,Medium
49,Male,4.5,10.5,6,1.4,11.6,1,Sad,51.400000000000006,Medium
43,Male,7.5,6.7,119,1.5,2.2,6,Neutral,73.3,Medium
42,Female,4.9,8.8,47,3.8,4.4,3,Happy,56.60000000000001,Medium
19,Male,4.5,1.2,61,4.0,7.0,6,Neutral,64.8,Medium
29,Female,7.8,7.7,24,2.9,2.8,6,Sad,63.49999999999999,Medium
57,Male,8.4,11.6,80,2.1,5.4,8,Sad,66.1,Medium
26,Female,7.6,8.3,89,2.2,7.0,4,Sad,86.19999999999999,Low
29,Female,8.0,11.1,117,2.4,6.5,3,Stressed,94.2,Low
43,Female,9.0,7.2,67,1.9,6.6,2,Stressed,100.0,Low
26,Female,4.7,10.3,63,4.4,10.8,6,Sad,58.599999999999994,Medium
27,Male,8.8,2.4,112,1.3,7.1,3,Happy,100.0,Low
49,Male,7.0,2.4,17,2.6,11.4,4,Stressed,88.4,Low
51,Male,8.1,2.3,3,4.0,3.5,9,Sad,68.0,Medium
37,Female,7.3,6.4,16,1.0,4.8,7,Happy,50.00000000000001,Medium
56,Male,6.9,4.6,46,4.5,8.6,1,Neutral,100.0,Low
19,Male,7.5,8.9,117,3.8,4.8,4,Stressed,93.2,Low
18,Male,5.6,10.9,80,1.3,5.5,8,Sad,35.7,High
53,Female,8.6,7.8,44,4.6,11.0,10,Stressed,84.2,Low
41,Female,4.6,3.3,88,2.9,7.4,4,Happy,70.3,Medium
44,Female,5.6,11.2,57,3.6,5.3,1,Happy,69.60000000000001,Medium
19,Male,4.2,6.8,2,4.5,9.8,10,Happy,30.900000000000006,High
48,Male,5.4,8.9,11,4.5,2.7,2,Stressed,58.300000000000004,Medium
31,Male,5.1,10.8,90,2.6,7.6,5,Sad,55.599999999999994,Medium
19,Female,4.2,11.9,16,2.0,3.0,6,Happy,13.400000000000002,High
46,Male,6.5,6.6,117,2.0,3.8,1,Stressed,88.8,Low
32,Female,6.3,9.9,21,4.1,2.6,5,Neutral,53.10000000000001,Medium
29,Female,4.4,7.2,38,4.7,11.0,8,Stressed,50.699999999999996,Medium
54,Female,5.3,6.4,38,1.3,2.5,8,Stressed,27.299999999999997,High
45,Female,8.8,6.9,106,1.1,7.2,2,Neutral,100.0,Low
37,Male,4.6,6.3,111,4.3,4.2,9,Neutral,49.50000000000001,High
56,Male,5.5,5.6,99,2.5,5.8,2,Neutral,79.69999999999999,Low
41,Female,4.2,9.0,15,2.1,6.9,4,Neutral,35.3,High
38,Male,4.7,3.7,100,1.8,6.5,10,Happy,41.599999999999994,High
27,Female,7.5,7.8,50,2.4,9.5,4,Sad,84.4,Low
31,Male,5.8,8.8,117,4.9,11.1,4,Neutral,94.50000000000001,Low
54,Male,6.3,10.8,28,4.9,5.0,7,Sad,53.5,Medium
35,Female,4.8,4.7,77,2.3,2.2,8,Sad,37.9,High
41,Female,7.4,10.5,70,4.9,10.9,8,Happy,81.3,Low
31,Female,7.8,11.4,40,2.2,11.8,4,Sad,81.80000000000001,Low
51,Female,4.9,8.1,56,4.4,6.3,4,Neutral,62.6,Medium
29,Male,4.2,9.5,27,1.8,6.6,6,Stressed,26.599999999999998,High
39,Female,4.4,5.5,76,4.3,3.4,9,Stressed,40.5,High
23,Male,7.3,11.5,79,2.4,6.8,5,Stressed,71.39999999999999,Medium
53,Female,4.7,8.4,20,1.8,5.0,2,Sad,45.2,High
53,Male,6.5,4.4,3,4.7,11.9,9,Stressed,68.1,Medium
39,Female,4.8,5.4,102,1.9,3.8,9,Happy,38.70000000000001,High
31,Male,4.9,7.8,98,5.0,5.8,1,Stressed,85.6,Low
33,Male,4.0,3.6,115,1.4,8.2,9,Stressed,43.199999999999996,High
53,Male,5.6,9.3,14,1.0,5.5,7,Sad,28.199999999999996,High
42,Female,4.4,3.5,120,4.5,6.7,1,Sad,92.9,Low
49,Female,6.0,7.5,52,3.3,11.7,2,Sad,87.30000000000001,Low
50,Female,7.0,8.7,89,2.7,7.1,2,Neutral,90.10000000000001,Low
53,Female,5.8,10.5,45,1.3,11.1,8,Neutral,42.7,High
37,Male,7.5,9.1,6,3.3,2.4,1,Sad,75.3,Low
35,Male,7.7,9.8,17,2.6,3.2,3,Stressed,68.20000000000002,Medium
55,Male,7.5,11.0,88,2.9,11.4,1,Sad,100.0,Low
20,Female,8.7,7.6,100,3.5,3.3,5,Happy,95.89999999999999,Low
40,Male,5.2,10.3,20,3.6,9.4,4,Stressed,56.2,Medium
49,Male,4.9,3.6,115,4.8,6.5,3,Stressed,89.8,Low
33,Female,7.0,10.0,7,3.6,6.1,8,Sad,49.60000000000001,High
22,Female,7.0,3.4,58,2.4,8.6,7,Stressed,76.0,Low
21,Male,6.6,11.3,19,2.3,9.3,4,Stressed,61.3,Medium
38,Female,4.0,4.6,81,2.9,11.3,1,Happy,80.1,Low
57,Female,6.8,2.9,116,2.0,4.6,7,Happy,76.60000000000001,Low
31,Female,8.7,2.6,82,2.5,9.0,3,Sad,100.0,Low
56,Female,5.7,3.1,115,4.4,5.4,5,Stressed,86.6,Low
48,Male,8.8,5.9,66,4.4,9.2,8,Neutral,97.80000000000001,Low
31,Male,5.8,6.7,54,3.5,3.4,9,Happy,43.69999999999999,High
23,Male,4.7,11.1,61,3.3,6.6,10,Neutral,26.7,High
29,Male,6.0,5.2,101,2.7,3.8,10,Neutral,50.9,Medium
33,Male,6.5,3.4,17,3.5,5.4,7,Neutral,61.900000000000006,Medium
34,Female,7.1,9.2,90,4.2,9.2,6,Happy,86.0,Low
40,Male,6.5,2.5,78,4.0,4.3,5,Happy,84.19999999999999,Low
31,Male,6.7,10.8,109,1.1,8.8,5,Stressed,70.29999999999998,Medium
24,Female,4.1,5.5,55,3.9,7.0,4,Sad,58.5,Medium
49,Female,5.3,7.8,84,3.9,2.9,7,Stressed,51.5,Medium
32,Female,5.6,3.0,21,1.4,5.9,1,Happy,69.0,Medium
34,Male,8.9,2.6,7,1.6,10.7,3,Stressed,100.0,Low
58,Female,5.5,9.8,10,4.2,11.9,6,Sad,58.2,Medium
51,Female,8.5,5.7,106,3.2,5.7,10,Stressed,82.2,Low
22,Female,5.5,11.9,11,4.3,2.5,1,Happy,55.900000000000006,Medium
44,Male,4.5,6.8,47,1.7,3.3,7,Neutral,27.9,High
40,Female,5.2,10.3,102,1.1,9.9,2,Stressed,69.10000000000001,Medium
57,Female,5.4,11.8,62,1.6,8.6,7,Happy,40.0,High
31,Male,8.9,4.1,26,2.8,4.9,4,Neutral,93.8,Low
32,Female,7.4,9.8,34,3.1,5.9,9,Happy,52.499999999999986,Medium
50,Male,8.7,1.2,1,4.4,10.1,5,Stressed,100.0,Low
48,Male,8.2,8.5,98,3.9,6.1,1,Neutral,100.0,Low
52,Female,6.9,9.2,94,5.0,9.6,4,Stressed,97.60000000000001,Low
34,Male,7.4,6.3,7,1.3,5.0,4,Sad,63.30000000000001,Medium
45,Female,7.1,2.8,19,1.5,9.2,4,Neutral,79.1,Low
36,Female,7.3,7.8,7,1.3,6.7,3,Neutral,66.70000000000002,Medium
40,Female,5.3,10.9,62,3.2,7.5,3,Happy,62.60000000000001,Medium
49,Female,6.0,11.2,67,2.1,8.0,10,Stressed,37.50000000000001,High
57,Male,7.0,9.2,30,3.7,6.5,5,Sad,69.1,Medium
30,Female,4.2,3.9,118,1.5,6.7,5,Happy,58.699999999999996,Medium
37,Female,6.4,10.6,31,1.4,4.7,2,Neutral,57.4,Medium
52,Female,8.3,10.8,12,2.8,11.9,10,Neutral,61.60000000000001,Medium
22,Male,6.5,5.0,85,2.5,11.1,10,Neutral,66.7,Medium
26,Male,6.8,3.0,25,4.3,7.3,9,Neutral,67.1,Medium
46,Female,5.0,10.6,80,4.4,2.3,3,Happy,59.4,Medium
23,Male,8.0,10.7,28,1.5,3.7,4,Stressed,63.09999999999999,Medium
42,Male,5.8,2.1,90,4.2,10.5,2,Stressed,100.0,Low
48,Female,8.8,11.6,119,3.3,11.3,8,Happy,95.70000000000002,Low
39,Female,9.0,6.9,85,3.0,3.6,7,Happy,87.4,Low
19,Female,8.6,11.9,17,1.4,9.3,3,Sad,79.20000000000002,Low
22,Female,4.4,5.9,68,4.0,8.2,5,Stressed,62.199999999999996,Medium
44,Female,5.7,6.9,11,1.2,5.0,1,Stressed,57.400000000000006,Medium
42,Male,8.7,3.9,1,2.1,6.4,6,Neutral,78.7,Low
25,Female,8.0,10.9,41,1.4,8.8,10,Stressed,51.00000000000001,Medium
18,Female,8.6,5.9,6,3.1,3.0,6,Sad,72.9,Medium
37,Female,6.9,10.0,46,3.6,3.9,5,Neutral,64.0,Medium
40,Female,6.4,1.9,89,4.6,2.3,9,Happy,69.6,Medium
49,Female,4.5,9.7,53,3.9,11.0,4,Neutral,61.699999999999996,Medium
28,Male,8.2,6.4,102,4.8,7.7,2,Neutral,100.0,Low
56,Female,7.7,1.1,14,4.0,7.2,7,Stressed,84.0,Low
41,Male,4.3,3.5,111,2.2,9.1,5,Sad,67.4,Medium
28,Female,5.0,3.1,117,3.2,11.9,7,Happy,79.0,Low
46,Female,6.8,9.3,57,2.8,3.7,7,Neutral,54.20000000000001,Medium
43,Female,7.4,6.2,32,3.3,3.3,7,Stressed,63.1,Medium
33,Male,4.7,2.8,110,3.3,4.9,3,Happy,77.7,Low
52,Female,5.2,3.8,66,3.8,11.0,5,Sad,78.60000000000001,Low
37,Female,5.0,6.5,62,1.3,6.1,1,Neutral,64.10000000000001,Medium
20,Female,5.1,1.2,105,4.0,9.9,6,Neutral,85.39999999999999,Low
18,Female,8.6,5.7,47,1.6,4.0,4,Stressed,84.0,Low
18,Female,7.6,8.5,65,1.1,6.9,2,Neutral,83.3,Low
34,Female,7.7,6.7,80,3.1,3.3,3,Stressed,89.69999999999999,Low
19,Female,8.0,7.6,64,3.3,6.1,3,Stressed,94.3,Low
46,Male,5.8,4.6,35,1.1,4.6,1,Stressed,66.5,Medium
37,Female,7.8,3.0,106,3.1,7.5,7,Neutral,95.7,Low
23,Female,8.9,9.9,16,3.1,9.8,10,Stressed,67.5,Medium
25,Female,7.5,11.0,1,1.2,11.4,3,Happy,70.0,Medium
46,Male,6.1,6.6,32,3.8,4.8,7,Sad,54.800000000000004,Medium
50,Male,7.6,4.4,92,1.8,9.4,10,Sad,73.4,Medium
20,Female,8.5,6.6,5,4.2,10.9,10,Neutral,75.6,Low
52,Male,4.6,10.7,42,2.2,3.2,9,Sad,14.400000000000007,High
22,Female,5.3,8.6,99,2.9,7.9,6,Sad,61.89999999999999,Medium
44,Female,8.6,10.4,87,4.6,8.1,8,Happy,89.80000000000001,Low
29,Male,8.7,4.6,10,4.2,4.7,1,Happy,100.0,Low
37,Female,6.4,8.8,4,4.1,2.2,8,Stressed,40.09999999999999,High
37,Male,5.9,8.2,29,1.6,4.6,8,Happy,33.599999999999994,High
26,Male,5.4,7.3,9,1.2,7.8,3,Happy,50.8,Medium
56,Male,6.5,6.8,100,3.4,4.0,6,Neutral,72.4,Medium
21,Female,8.7,7.1,90,2.6,4.9,6,Happy,89.6,Low
36,Female,4.7,10.3,90,4.6,9.1,7,Stressed,57.60000000000001,Medium
55,Female,6.1,11.1,23,2.4,6.0,3,Neutral,55.39999999999999,Medium
44,Female,8.6,2.2,58,2.6,2.7,10,Sad,71.6,Medium
30,Female,5.7,7.3,117,3.1,6.0,1,Sad,89.30000000000001,Low
30,Female,7.8,11.1,117,4.2,12.0,9,Stressed,88.2,Low
39,Female,5.9,2.5,66,2.1,4.6,6,Stressed,62.900000000000006,Medium
45,Male,8.0,5.5,60,4.8,4.7,5,Happy,94.4,Low
39,Female,8.9,2.0,101,3.2,3.7,2,Neutral,100.0,Low
36,Female,5.9,2.2,25,4.4,4.7,4,Neutral,75.0,Low
25,Female,8.2,10.9,108,3.1,7.7,5,Neutral,92.7,Low
25,Male,8.9,5.9,111,4.1,11.6,10,Stressed,100.0,Low
59,Male,8.9,8.6,38,1.2,8.1,4,Sad,85.6,Low
43,Male,6.2,2.5,81,4.2,6.1,10,Happy,66.4,Medium
43,Female,6.4,1.2,2,3.1,5.9,4,Sad,73.3,Medium
40,Male,5.5,10.8,37,2.8,2.2,6,Neutral,35.2,High
30,Male,5.6,7.3,41,1.4,2.0,4,Sad,44.6,High
45,Female,6.5,1.2,47,4.0,10.0,9,Happy,76.0,Low
26,Female,5.0,11.9,88,1.5,6.9,2,Happy,57.099999999999994,Medium
37,Female,7.6,6.4,12,1.8,2.3,5,Happy,59.20000000000001,Medium
36,Male,6.7,6.2,88,1.5,4.9,3,Neutral,77.49999999999999,Low
56,Female,8.5,7.8,87,1.0,5.6,8,Sad,71.00000000000001,Medium
29,Female,8.1,1.1,55,3.6,9.8,3,Stressed,100.0,Low
32,Female,5.6,7.3,104,2.1,6.3,8,Neutral,53.300000000000004,Medium
48,Female,6.5,7.9,58,1.6,9.9,8,Happy,56.599999999999994,Medium
31,Female,7.8,4.3,62,2.3,8.3,2,Stressed,100.0,Low
28,Female,5.0,9.0,79,3.0,2.3,10,Neutral,27.4,High
43,Male,4.2,5.2,42,3.0,11.7,7,Happy,50.400000000000006,Medium
59,Female,8.3,8.9,104,2.5,3.8,6,Sad,82.1,Low
44,Male,4.7,2.6,105,3.0,4.8,1,Stressed,83.39999999999999,Low
28,Male,8.4,11.1,74,2.7,10.1,2,Happy,100.0,Low
55,Female,8.6,10.7,56,4.3,3.9,4,Stressed,89.10000000000001,Low
51,Male,6.3,2.7,20,1.1,6.0,2,Sad,71.1,Medium
36,Male,8.0,11.3,94,4.5,10.6,5,Stressed,99.89999999999999,Low
23,Male,5.8,7.1,53,2.0,8.4,3,Sad,69.19999999999999,Medium
55,Female,8.3,8.7,78,3.9,5.0,6,Happy,86.69999999999999,Low
59,Male,8.1,10.2,52,2.6,8.4,9,Stressed,64.8,Medium
45,Male,4.4,1.9,44,2.2,10.1,10,Sad,40.2,High
18,Male,6.9,2.9,112,3.5,6.0,7,Sad,87.10000000000001,Low
52,Male,7.2,4.2,35,4.1,7.7,5,Happy,86.5,Low
57,Female,4.0,6.2,62,2.8,11.9,1,Happy,73.80000000000001,Medium
25,Female,8.9,4.8,106,2.9,11.6,1,Happy,100.0,Low
24,Male,6.0,6.6,0,1.2,7.1,1,Stressed,63.0,Medium
28,Female,6.6,3.0,91,4.7,3.0,3,Neutral,95.7,Low
56,Female,5.0,8.5,96,4.4,9.0,7,Happy,64.2,Medium
21,Male,7.1,1.6,66,2.6,4.7,9,Stressed,67.4,Medium
42,Female,8.1,5.0,118,4.1,8.7,6,Happy,100.0,Low
29,Female,6.9,3.0,78,2.3,5.5,7,Stressed,73.1,Medium
43,Male,7.9,9.0,32,3.9,9.2,3,Sad,93.30000000000001,Low
55,Male,7.7,10.7,31,3.1,5.7,8,Sad,56.70000000000001,Medium
29,Female,5.2,1.9,86,2.8,11.4,10,Sad,62.2,Medium
54,Female,6.2,9.6,57,1.2,3.4,6,Neutral,43.0,High
41,Female,4.7,10.9,25,4.9,2.7,3,Stressed,48.1,High
33,Female,4.2,11.7,60,4.3,9.8,2,Neutral,63.7,Medium
30,Male,4.3,7.4,111,4.2,6.0,9,Happy,47.400000000000006,High
42,Male,8.7,4.6,16,2.2,6.7,7,Sad,77.4,Low
21,Male,8.9,4.5,72,2.2,11.3,10,Sad,88.0,Low
28,Male,4.5,5.2,68,3.3,7.9,10,Sad,40.499999999999986,High
49,Male,5.7,7.7,28,4.4,8.6,9,Neutral,50.39999999999999,Medium
24,Female,4.6,6.4,62,4.7,2.2,4,Happy,57.50000000000001,Medium
28,Female,8.2,8.2,5,2.1,8.7,4,Neutral,78.5,Low
45,Male,6.5,1.4,110,3.4,5.9,6,Sad,89.0,Low
58,Male,7.1,2.2,104,3.9,6.6,2,Neutral,100.0,Low
40,Male,6.7,11.7,58,1.9,10.1,10,Happy,44.89999999999999,High
40,Female,7.6,11.9,98,2.6,7.2,1,Happy,95.2,Low
45,Female,5.6,9.2,114,1.7,11.9,10,Sad,52.7,Medium
43,Female,4.7,3.8,20,3.8,10.0,3,Neutral,70.4,Medium
42,Male,4.1,11.5,44,4.5,9.3,5,Sad,47.9,High
46,Male,6.2,3.4,44,4.5,7.9,2,Sad,94.3,Low
36,Male,8.5,9.0,86,3.7,6.1,9,Happy,78.9,Low
50,Male,5.5,2.3,34,2.4,2.5,1,Sad,70.2,Medium
53,Male,5.0,8.1,51,3.6,2.2,3,Sad,54.4,Medium
31,Female,8.6,9.4,45,4.5,2.5,5,Happy,83.7,Low
31,Male,4.5,10.5,65,3.5,11.6,1,Neutral,73.7,Medium
52,Female,4.3,9.1,56,2.7,5.2,4,Neutral,43.9,High
47,Female,8.4,11.2,41,4.7,9.0,10,Neutral,71.30000000000001,Medium
45,Female,7.5,6.7,72,4.3,7.9,1,Happy,100.0,Low
34,Female,6.1,8.5,76,4.5,7.7,7,Sad,69.10000000000001,Medium
20,Female,7.8,5.1,106,4.6,7.8,1,Neutral,100.0,Low
33,Male,7.7,1.1,97,2.6,5.0,3,Happy,100.0,Low
47,Male,4.2,9.3,15,4.4,10.9,4,Stressed,54.2,Medium
46,Male,7.4,10.6,4,3.3,11.2,4,Neutral,76.5,Low
32,Female,7.2,2.9,0,1.2,8.4,7,Neutral,61.0,Medium
42,Female,8.8,1.3,103,3.5,10.6,5,Neutral,100.0,Low
55,Female,8.8,2.8,21,2.9,2.6,8,Sad,74.30000000000001,Medium
59,Female,5.9,10.8,47,2.1,3.0,3,Stressed,51.300000000000004,Medium
55,Female,6.9,4.3,109,4.9,7.6,8,Happy,89.9,Low
40,Female,4.7,3.6,25,1.2,10.5,9,Neutral,35.8,High
42,Male,4.3,1.2,33,4.8,5.2,9,Neutral,45.59999999999999,High
59,Female,6.2,4.3,113,1.6,7.5,9,Happy,63.0,Medium
24,Female,7.4,8.9,57,2.5,2.1,1,Happy,80.30000000000001,Low
39,Male,6.8,11.5,84,2.7,11.9,9,Happy,63.099999999999994,Medium
34,Female,6.1,4.4,6,3.9,9.7,8,Happy,60.300000000000004,Medium
35,Male,8.1,3.6,24,1.9,5.6,2,Stressed,91.3,Low
58,Male,8.0,10.8,56,4.9,11.8,3,Happy,100.0,Low
27,Male,7.7,10.4,11,4.0,2.9,7,Sad,56.2,Medium
27,Female,4.4,4.6,30,4.2,6.6,3,Happy,63.0,Medium
24,Male,8.0,1.8,110,1.4,2.6,2,Neutral,100.0,Low
55,Male,8.6,11.9,26,2.9,5.3,4,Sad,76.5,Low
44,Female,4.3,8.5,85,4.8,4.2,9,Neutral,39.4,High
50,Male,6.0,11.2,33,2.1,5.2,2,Sad,57.099999999999994,Medium
18,Female,8.9,4.8,117,1.6,11.5,1,Happy,100.0,Low
51,Female,7.0,8.1,80,2.9,6.3,10,Sad,56.9,Medium
21,Male,6.6,8.4,74,4.7,5.2,7,Neutral,69.9,Medium
34,Female,4.9,10.6,92,2.9,8.4,1,Stressed,73.5,Medium
21,Female,6.8,11.9,33,2.6,8.8,6,Sad,57.4,Medium
43,Male,6.2,2.2,114,3.6,11.8,5,Sad,100.0,Low
21,Male,4.6,7.9,36,4.7,7.5,8,Happy,43.900000000000006,High
18,Male,6.3,4.7,57,1.2,9.5,3,Neutral,78.0,Low
24,Male,4.8,9.9,112,1.6,5.8,3,Stressed,58.20000000000001,Medium
47,Female,7.7,9.3,111,1.5,3.7,1,Sad,91.5,Low
26,Male,8.9,10.8,59,1.3,6.3,4,Neutral,82.29999999999998,Low
52,Male,6.3,4.8,25,2.2,6.2,10,Sad,41.800000000000004,High
25,Male,7.2,3.0,108,1.9,6.2,10,Stressed,69.5,Medium
41,Female,6.2,1.2,44,3.2,9.0,6,Neutral,78.39999999999999,Low
36,Female,4.7,3.8,44,2.3,6.1,5,Stressed,51.89999999999999,Medium
53,Female,8.9,5.0,31,2.6,11.5,7,Neutral,93.2,Low
44,Female,4.6,11.4,100,4.8,11.8,10,Neutral,50.800000000000004,Medium
49,Female,4.6,6.4,68,1.6,7.2,1,Happy,65.2,Medium
31,Male,6.3,7.1,83,2.6,7.6,3,Happy,81.6,Low
35,Female,7.3,10.7,114,2.0,6.1,4,Neutral,80.60000000000001,Low
45,Female,5.8,10.7,70,3.2,5.6,6,Neutral,53.8,Medium
46,Female,5.0,6.8,106,3.9,11.9,4,Happy,84.9,Low
33,Male,8.1,2.3,22,4.3,2.4,7,Sad,79.10000000000001,Low
52,Male,5.8,4.0,64,3.1,6.1,10,Neutral,50.5,Medium
48,Female,5.0,6.0,38,4.4,3.5,10,Stressed,34.599999999999994,High
21,Male,5.8,9.3,66,4.1,9.3,3,Neutral,79.69999999999999,Low
54,Female,5.1,8.8,44,1.6,3.9,8,Happy,25.999999999999996,High
34,Male,6.6,8.1,66,2.0,10.8,7,Sad,66.6,Medium
56,Male,7.3,10.7,62,3.7,5.7,3,Neutral,81.9,Low
43,Female,8.0,9.8,69,4.9,11.2,9,Neutral,85.1,Low
56,Male,5.1,11.8,94,2.5,11.9,10,Neutral,42.5,High
58,Female,4.8,10.8,53,1.9,9.7,5,Neutral,45.89999999999999,High
21,Female,4.1,3.2,26,4.5,8.2,2,Stressed,70.7,Medium
47,Female,5.1,1.6,92,1.8,3.5,9,Stressed,46.2,High
47,Male,4.1,5.6,78,3.8,11.3,8,Stressed,54.99999999999999,Medium
39,Male,5.7,7.8,35,1.1,9.8,8,Happy,41.5,High
28,Female,4.7,8.1,4,1.1,4.9,1,Sad,42.89999999999999,High
19,Female,6.9,3.9,66,2.8,6.7,4,Stressed,85.80000000000001,Low
29,Male,5.9,10.5,50,3.6,2.7,7,Stressed,43.4,High
47,Female,4.5,4.6,88,1.6,8.6,6,Stressed,54.599999999999994,Medium
53,Male,6.0,11.1,31,4.1,3.3,9,Sad,35.1,High
35,Male,5.0,6.2,20,1.5,8.5,8,Neutral,34.1,High
43,Male,7.4,1.1,111,3.1,8.7,9,Sad,90.9,Low
24,Female,5.8,2.8,16,2.2,5.2,4,Stressed,61.00000000000001,Medium
18,Female,4.7,2.1,72,4.0,11.5,8,Sad,68.2,Medium
43,Male,5.7,1.5,25,4.2,9.8,6,Stressed,75.6,Low
40,Female,5.1,8.9,21,1.3,7.0,9,Sad,21.900000000000006,High
43,Female,8.0,3.1,40,1.8,11.2,10,Neutral,73.19999999999999,Medium
23,Male,8.9,10.2,109,4.6,10.6,1,Sad,100.0,Low
23,Male,4.1,3.9,58,2.7,8.9,6,Sad,52.099999999999994,Medium
25,Female,7.5,1.4,86,2.9,3.5,10,Stressed,70.9,Medium
41,Male,5.3,10.0,74,1.7,7.0,10,Neutral,30.299999999999997,High
39,Female,4.3,6.1,9,5.0,10.6,2,Stressed,70.8,Medium
36,Male,4.1,7.6,86,4.7,8.1,3,Happy,70.7,Medium
54,Male,8.4,4.7,4,1.0,7.5,9,Happy,59.39999999999999,Medium
35,Female,5.8,1.5,54,3.2,11.6,5,Happy,85.0,Low
48,Female,9.0,5.1,25,4.5,2.2,5,Stressed,91.7,Low
54,Female,6.2,6.7,3,2.7,2.1,1,Stressed,62.9,Medium
47,Female,4.9,1.1,106,2.7,10.9,10,Happy,63.3,Medium
59,Female,7.9,7.3,26,2.5,2.4,2,Sad,78.9,Low
50,Male,8.6,10.8,101,1.1,5.3,9,Neutral,64.69999999999999,Medium
27,Male,8.1,3.4,97,4.2,11.2,7,Happy,100.0,Low
54,Female,7.7,11.2,57,2.8,8.9,4,Neutral,81.8,Low
29,Male,5.7,2.1,2,3.1,8.5,7,Happy,57.7,Medium
47,Female,4.3,10.1,49,2.0,8.6,10,Sad,19.799999999999994,High
44,Male,5.0,10.2,95,4.1,5.2,2,Neutral,71.5,Medium
56,Male,6.2,3.8,25,4.2,7.3,5,Stressed,75.0,Low
26,Female,8.8,11.5,17,3.2,8.3,9,Happy,65.0,Medium
38,Female,7.6,5.6,6,4.6,5.1,2,Sad,91.2,Low
29,Female,8.1,2.6,116,1.5,10.0,3,Sad,100.0,Low
46,Male,5.4,7.5,44,4.1,5.2,5,Sad,58.699999999999996,Medium
50,Female,7.4,12.0,12,3.2,2.7,5,Happy,53.800000000000004,Medium
32,Female,8.3,10.9,5,1.9,4.0,8,Neutral,47.7,High
19,Female,6.4,4.1,34,1.5,6.1,7,Happy,54.3,Medium
56,Female,6.1,7.3,94,2.2,11.1,3,Sad,86.4,Low
35,Female,7.6,2.3,105,4.4,6.2,5,Sad,100.0,Low
20,Female,6.8,6.1,52,4.2,2.9,8,Stressed,61.0,Medium
24,Male,9.0,6.8,100,3.6,4.0,5,Happy,100.0,Low
35,Male,6.1,4.5,106,1.4,7.4,2,Neutral,87.0,Low
55,Male,4.9,6.3,67,4.8,3.8,10,Happy,41.40000000000001,High
54,Male,6.4,11.1,41,2.2,2.6,2,Neutral,58.2,Medium
50,Female,5.2,6.5,3,3.4,9.1,1,Neutral,70.8,Medium
48,Female,6.8,10.1,59,4.2,9.8,6,Stressed,76.19999999999999,Low
28,Male,4.6,4.5,44,1.5,10.5,1,Happy,70.3,Medium
21,Male,8.7,11.7,71,3.6,10.4,8,Neutral,84.60000000000001,Low
35,Male,8.3,2.0,101,1.1,5.8,1,Neutral,100.0,Low
21,Female,4.8,7.4,74,1.4,9.3,8,Stressed,41.6,High
51,Female,4.9,9.7,65,3.9,7.8,6,Sad,53.7,Medium
46,Female,6.6,10.0,81,1.6,2.2,9,Stressed,38.6,High
41,Male,7.9,3.2,81,2.8,6.0,3,Sad,100.0,Low
39,Male,5.1,5.4,21,2.0,2.5,7,Sad,31.400000000000006,High
19,Male,4.3,7.9,11,2.7,2.8,2,Stressed,40.50000000000001,High
23,Male,6.7,4.5,80,1.3,2.6,5,Sad,65.7,Medium
59,Male,7.5,8.2,50,4.0,11.6,1,Neutral,100.0,Low
42,Female,5.2,5.2,16,1.3,10.4,5,Neutral,52.10000000000001,Medium
38,Female,7.7,4.9,35,4.4,6.4,8,Sad,77.0,Low
33,Female,8.8,2.2,92,3.7,4.5,10,Happy,89.5,Low
48,Female,4.7,1.4,48,2.7,2.7,3,Sad,60.699999999999996,Medium
31,Female,6.6,10.2,15,4.5,6.3,6,Happy,59.699999999999996,Medium
56,Male,4.3,6.4,104,1.7,8.0,4,Happy,59.5,Medium
45,Female,5.0,7.2,74,2.1,10.0,8,Sad,48.9,High
49,Male,4.4,5.1,43,1.5,2.5,2,Stressed,46.900000000000006,High
45,Female,6.0,2.5,106,2.5,6.2,5,Happy,81.10000000000001,Low
26,Male,8.1,5.9,108,4.9,11.8,6,Happy,100.0,Low
39,Male,6.9,3.5,21,1.6,3.2,8,Sad,48.6,High
49,Male,5.1,10.2,93,4.3,6.0,2,Neutral,74.69999999999999,Medium
22,Male,4.2,11.9,7,3.6,4.8,9,Stressed,11.199999999999994,High
40,Male,6.8,10.8,109,1.1,3.3,7,Happy,52.29999999999999,Medium
22,Male,4.7,6.8,17,4.8,10.4,10,Sad,41.60000000000001,High
59,Female,5.7,7.9,109,4.9,9.0,4,Neutral,89.5,Low
49,Male,6.6,11.4,79,4.7,6.1,10,Stressed,54.7,Medium
27,Male,8.5,6.9,110,3.0,5.7,2,Stressed,100.0,Low
56,Female,4.4,8.0,117,1.9,10.3,8,Stressed,49.50000000000001,High
32,Male,7.3,7.9,83,2.6,2.9,2,Stressed,84.6,Low
24,Female,4.1,8.8,102,3.5,3.5,2,Neutral,60.300000000000004,Medium
46,Female,7.1,8.0,71,2.5,11.1,9,Neutral,67.9,Medium
20,Male,6.8,8.4,93,3.8,10.2,4,Stressed,93.19999999999999,Low
36,Male,8.1,9.0,37,4.2,9.7,7,Neutral,82.80000000000001,Low
27,Female,6.7,9.9,28,1.8,8.2,10,Neutral,38.199999999999996,High
45,Male,5.8,5.4,76,2.6,4.9,4,Happy,69.2,Medium
46,Female,5.2,9.2,80,4.8,11.3,5,Stressed,76.19999999999999,Low
32,Male,4.4,2.1,103,2.0,6.9,1,Neutral,80.19999999999999,Low
52,Female,6.7,10.6,106,2.4,4.8,10,Happy,48.6,High
23,Male,8.4,4.2,80,1.1,5.7,1,Sad,100.0,Low
29,Male,6.6,5.4,72,2.3,2.2,10,Sad,45.50000000000001,High
55,Female,7.7,9.8,1,2.5,4.6,10,Sad,39.3,High
30,Female,5.5,8.0,58,1.4,3.9,3,Stressed,53.39999999999999,Medium
46,Female,6.2,4.4,41,1.0,3.4,6,Neutral,49.2,High
36,Female,5.6,3.5,117,3.3,2.3,1,Sad,89.5,Low
20,Male,4.5,11.5,87,2.2,4.3,4,Stressed,43.00000000000001,High
25,Female,6.1,2.0,20,1.1,3.0,9,Happy,36.5,High
25,Female,7.8,1.0,109,4.4,2.5,2,Happy,100.0,Low
37,Male,6.0,8.4,1,3.3,3.4,2,Neutral,58.7,Medium
21,Male,7.3,7.8,4,1.7,4.0,2,Neutral,66.7,Medium
38,Female,7.8,9.1,16,4.5,6.2,10,Sad,57.9,Medium
20,Male,5.6,9.0,23,2.0,7.8,10,Neutral,28.199999999999996,High
25,Female,8.0,10.5,7,1.9,5.2,7,Stressed,52.300000000000004,Medium
40,Male,5.7,11.1,29,4.6,3.4,7,Neutral,42.39999999999999,High
33,Female,5.3,9.5,49,1.7,11.4,6,Sad,51.099999999999994,Medium
30,Male,5.1,3.6,21,4.5,7.1,2,Neutral,76.7,Low
20,Female,5.0,6.1,58,4.2,9.4,5,Happy,69.19999999999999,Medium
26,Female,7.7,8.1,23,2.2,8.9,6,Stressed,70.19999999999999,Medium
31,Male,8.4,6.9,25,1.1,4.8,6,Neutral,66.3,Medium
30,Male,5.2,2.7,60,1.3,7.6,10,Sad,40.3,High
24,Female,4.4,7.5,7,1.4,8.0,6,Happy,29.4,High
32,Female,5.6,10.8,11,4.6,5.5,6,Sad,46.6,High
24,Male,7.3,5.6,13,2.6,8.7,1,Sad,90.79999999999998,Low
55,Male,5.8,8.4,29,1.1,9.9,4,Neutral,56.3,Medium
51,Male,6.7,7.8,54,3.2,5.6,1,Stressed,85.4,Low
58,Male,7.7,5.1,98,1.8,2.1,3,Stressed,87.6,Low
39,Male,6.0,7.2,60,1.9,5.5,2,Sad,70.1,Medium
41,Male,9.0,3.3,61,1.6,3.2,2,Stressed,100.0,Low
54,Male,5.5,7.0,30,4.0,3.6,6,Stressed,50.2,Medium
18,Male,8.9,9.8,91,1.0,5.7,1,Stressed,100.0,Low
27,Male,5.0,9.3,109,2.8,4.1,4,Happy,59.39999999999999,Medium
33,Female,4.6,4.9,26,1.3,11.3,9,Happy,34.50000000000001,High
25,Male,7.8,2.2,99,3.2,8.5,3,Happy,100.0,Low
42,Male,7.5,9.8,0,2.4,7.2,8,Happy,49.800000000000004,High
29,Female,8.1,3.9,40,1.1,2.1,9,Neutral,54.900000000000006,Medium
42,Female,5.7,1.6,13,2.8,3.0,2,Sad,68.39999999999999,Medium
34,Female,8.7,5.9,73,3.3,9.9,5,Neutral,100.0,Low
43,Female,4.6,9.1,49,2.0,5.9,6,Happy,35.39999999999999,High
31,Female,4.2,9.9,41,4.1,2.5,5,Neutral,35.900000000000006,High
58,Female,5.5,11.8,70,2.5,10.3,6,Sad,54.5,Medium
53,Male,8.0,3.1,39,4.0,5.0,5,Sad,91.6,Low
40,Female,7.4,4.2,13,3.3,5.9,7,Neutral,68.49999999999999,Medium
23,Female,6.2,7.7,99,4.5,11.7,5,Sad,92.29999999999998,Low
22,Female,5.3,9.9,90,3.2,2.2,5,Happy,51.6,Medium
42,Male,4.3,3.6,10,1.7,9.2,7,Neutral,36.699999999999996,High
35,Female,5.7,5.5,62,4.3,11.5,3,Sad,90.9,Low
30,Male,6.3,5.5,105,4.1,2.6,10,Happy,58.7,Medium
31,Female,7.4,9.5,48,4.9,10.7,7,Neutral,82.5,Low
45,Female,7.2,3.7,36,1.4,6.2,8,Sad,59.199999999999996,Medium
35,Male,8.7,11.7,105,3.4,10.8,5,Stressed,100.0,Low
45,Male,4.5,6.6,9,3.0,5.1,4,Sad,42.8,High
44,Female,5.7,4.1,53,3.7,11.8,2,Happy,93.5,Low
49,Male,6.4,4.1,6,4.9,8.5,5,Sad,78.5,Low
26,Male,7.4,1.2,80,3.1,8.3,6,Neutral,95.69999999999999,Low
57,Female,6.5,8.6,115,3.7,10.1,9,Happy,73.5,Medium
49,Female,8.6,9.5,11,2.4,6.4,6,Stressed,70.0,Medium
37,Female,7.0,1.4,100,2.2,4.6,6,Neutral,83.4,Low
45,Male,4.2,7.4,100,2.3,4.6,6,Stressed,43.900000000000006,High
50,Female,4.6,9.6,54,1.2,5.3,8,Happy,22.199999999999996,High
21,Female,7.8,5.1,35,2.1,8.2,6,Sad,77.69999999999999,Low
51,Male,7.6,5.8,6,1.7,10.4,1,Happy,90.9,Low
20,Male,4.8,5.0,23,2.8,7.0,1,Happy,66.6,Medium
43,Female,4.3,4.5,33,2.8,6.0,10,Stressed,26.6,High
25,Male,6.9,6.4,64,4.1,9.9,2,Neutral,100.0,Low
23,Female,7.2,2.8,28,3.0,4.9,1,Sad,92.8,Low
33,Male,4.7,5.8,25,2.9,8.9,3,Neutral,60.7,Medium
41,Female,6.4,11.4,73,1.9,3.1,3,Neutral,59.5,Medium
56,Male,5.5,1.3,64,4.4,3.1,4,Sad,77.4,Low
47,Male,8.7,2.8,44,1.4,8.4,6,Happy,90.0,Low
30,Male,5.1,9.6,16,4.9,2.8,10,Neutral,25.1,High
22,Male,7.7,2.5,104,2.9,3.6,7,Happy,86.5,Low
42,Female,6.6,4.0,35,1.7,8.2,9,Sad,53.9,Medium
37,Male,4.1,6.0,72,2.4,6.4,8,Stressed,36.2,High
35,Female,6.6,11.4,102,1.1,7.6,6,Stressed,60.30000000000001,Medium
35,Male,4.5,3.0,62,1.7,11.8,9,Stressed,47.50000000000001,High
19,Male,7.3,11.2,22,2.3,8.3,4,Happy,67.1,Medium
27,Female,6.8,8.9,92,3.2,7.9,6,Stressed,76.4,Low
29,Male,4.1,8.4,65,1.5,5.8,7,Stressed,28.300000000000004,High
30,Male,5.0,9.0,81,3.7,8.3,2,Sad,75.30000000000001,Low
28,Female,7.9,1.3,91,4.4,2.1,1,Sad,100.0,Low
36,Male,5.4,2.1,116,3.3,7.6,10,Stressed,64.7,Medium
52,Female,6.5,4.7,110,2.2,2.7,8,Stressed,61.99999999999999,Medium
56,Male,5.6,1.8,41,1.5,4.2,8,Happy,44.50000000000001,High
43,Male,8.6,11.9,112,1.1,7.6,7,Sad,77.30000000000001,Low
31,Male,6.7,7.4,70,3.9,8.7,9,Neutral,67.1,Medium
41,Female,7.5,6.4,74,3.5,5.8,9,Neutral,70.1,Medium
58,Male,4.4,9.6,70,2.9,6.2,3,Happy,53.699999999999996,Medium
18,Male,4.2,11.7,42,1.4,7.0,1,Neutral,44.0,High
39,Male,5.3,11.5,87,1.8,9.6,9,Sad,39.60000000000001,High
40,Male,5.5,9.7,54,4.3,2.2,1,Neutral,68.30000000000001,Medium
36,Male,7.4,5.1,55,2.9,6.5,1,Stressed,98.3,Low
35,Male,6.8,1.7,78,4.9,2.1,5,Neutral,88.89999999999999,Low
29,Male,5.9,2.1,30,5.0,5.2,2,Happy,88.2,Low
45,Male,7.3,1.0,114,4.2,7.2,2,Sad,100.0,Low
45,Male,4.8,1.0,82,2.0,2.8,5,Neutral,58.00000000000001,Medium
50,Female,4.3,11.3,55,1.9,6.9,7,Sad,26.7,High
36,Male,8.3,11.2,120,2.0,11.2,6,Happy,93.0,Low
45,Female,6.8,8.3,73,4.9,8.9,5,Neutral,88.3,Low
54,Female,7.2,9.0,47,2.3,9.8,3,Stressed,82.5,Low
43,Female,5.5,6.6,51,3.8,7.8,9,Sad,50.6,Medium
52,Male,5.9,3.6,71,4.8,11.0,8,Neutral,80.0,Low
51,Female,4.4,11.1,0,4.3,3.5,3,Stressed,38.3,High
52,Female,8.3,4.1,1,3.4,6.5,7,Happy,77.0,Low
57,Female,7.0,9.1,92,1.7,8.0,3,Stressed,82.7,Low
33,Male,4.4,3.7,41,1.7,10.7,6,Happy,50.7,Medium
55,Female,8.0,10.6,73,3.0,5.1,3,Sad,86.6,Low
30,Male,6.2,8.2,105,4.8,2.0,8,Neutral,62.599999999999994,Medium
40,Female,7.8,8.1,8,4.6,11.7,3,Neutral,97.79999999999998,Low
39,Female,4.1,2.1,113,1.7,2.3,5,Sad,52.49999999999999,Medium
33,Male,4.1,5.6,30,2.2,3.5,3,Happy,41.8,High
45,Male,4.9,6.8,95,3.4,6.2,8,Happy,51.800000000000004,Medium
52,Female,5.1,4.2,1,2.9,7.0,10,Neutral,31.300000000000004,High
25,Female,7.8,10.7,23,1.5,10.3,9,Sad,53.29999999999999,Medium
39,Female,7.5,10.2,100,2.5,6.5,6,Neutral,76.1,Low
38,Male,7.1,6.4,116,4.8,7.5,10,Happy,80.4,Low
43,Male,8.4,4.7,42,4.8,4.0,4,Happy,99.0,Low
57,Female,5.2,9.8,69,3.2,7.7,10,Stressed,37.599999999999994,High
38,Female,8.5,3.2,71,3.5,5.5,4,Happy,100.0,Low
42,Male,8.5,1.8,103,1.9,3.0,5,Neutral,97.5,Low
58,Male,6.2,1.5,88,4.0,11.5,3,Stressed,100.0,Low
18,Female,4.5,1.4,105,1.2,2.8,4,Stressed,58.800000000000004,Medium
23,Male,7.6,6.4,42,1.9,8.8,4,Sad,82.70000000000002,Low
40,Female,5.7,3.8,50,1.0,11.1,1,Stressed,82.60000000000001,Low
40,Male,8.0,8.6,88,2.5,3.8,1,Stressed,96.49999999999999,Low
40,Female,4.8,8.2,45,4.4,4.4,9,Stressed,35.400000000000006,High
49,Female,6.7,7.0,74,4.9,6.3,3,Neutral,92.89999999999999,Low
47,Female,6.5,4.9,98,3.7,4.9,5,Sad,83.1,Low
30,Male,4.5,10.4,0,4.0,9.6,2,Neutral,55.400000000000006,Medium
35,Female,5.8,8.8,116,2.1,5.4,1,Sad,80.89999999999999,Low
40,Female,4.4,4.0,86,3.1,11.9,7,Sad,64.5,Medium
32,Male,6.3,6.5,66,3.9,10.6,10,Stressed,63.900000000000006,Medium
50,Female,8.2,2.7,104,3.0,11.0,9,Happy,98.39999999999999,Low
38,Female,5.4,4.6,0,1.4,2.6,4,Happy,41.0,High
56,Female,7.8,12.0,117,4.0,3.8,4,Neutral,89.0,Low
40,Male,4.9,3.5,62,1.9,3.7,3,Stressed,59.300000000000004,Medium
44,Male,7.4,8.7,107,1.4,8.7,3,Sad,90.4,Low
35,Male,8.6,3.6,75,2.9,2.1,2,Happy,100.0,Low
41,Male,5.6,11.3,101,1.3,10.1,3,Neutral,68.3,Medium
57,Female,8.5,4.4,61,3.5,7.5,5,Happy,100.0,Low
59,Male,6.5,4.8,60,3.6,7.7,8,Sad,68.80000000000001,Medium
24,Male,5.6,7.5,39,2.0,7.4,8,Happy,41.599999999999994,High
37,Male,8.5,7.5,94,4.9,7.4,5,Neutral,100.0,Low
44,Female,4.2,7.4,28,4.3,4.0,1,Neutral,58.3,Medium
23,Female,4.1,7.3,34,1.4,4.8,10,Neutral,9.799999999999995,High
44,Female,7.0,4.4,91,4.0,6.9,2,Stressed,100.0,Low
26,Male,8.0,5.8,84,2.4,8.8,8,Stressed,82.80000000000001,Low
48,Female,7.8,7.5,10,4.0,4.7,10,Stressed,54.4,Medium
38,Female,4.4,8.4,89,4.2,10.1,9,Neutral,50.2,Medium
43,Male,8.8,3.8,10,1.6,10.1,7,Happy,82.60000000000001,Low
57,Female,7.5,8.7,62,3.6,4.7,9,Neutral,61.4,Medium
30,Male,8.7,11.2,68,4.5,7.6,9,Stressed,79.89999999999999,Low
40,Male,5.6,9.3,55,2.3,5.5,6,Neutral,46.9,High
37,Female,7.5,1.9,6,1.3,3.9,6,Happy,62.7,Medium
54,Male,8.3,6.2,50,1.1,10.1,7,Happy,78.3,Low
45,Male,5.9,5.8,94,1.4,11.9,1,Sad,93.0,Low
34,Male,8.8,4.7,38,1.0,7.7,9,Neutral,70.6,Medium
45,Male,5.3,6.4,41,2.3,11.1,1,Happy,78.10000000000001,Low
58,Male,5.6,5.8,71,2.2,8.4,8,Neutral,54.400000000000006,Medium
19,Male,8.6,1.1,52,1.4,7.7,10,Stressed,76.60000000000001,Low
42,Female,8.8,3.6,90,3.6,6.8,2,Happy,100.0,Low
58,Male,5.4,3.4,20,5.0,4.4,10,Happy,45.0,High
23,Male,4.7,4.8,29,4.6,2.8,7,Stressed,43.800000000000004,High
28,Male,7.8,2.9,77,2.0,6.4,5,Neutral,90.4,Low
55,Male,8.6,1.7,0,4.1,7.6,8,Sad,86.3,Low
23,Female,7.0,3.2,108,4.7,7.1,10,Neutral,82.89999999999999,Low
28,Female,7.2,10.4,23,4.6,9.0,7,Sad,68.8,Medium
31,Male,7.8,9.8,5,4.5,3.9,8,Sad,57.7,Medium
19,Female,4.8,5.9,5,4.1,5.5,2,Neutral,60.7,Medium
57,Male,8.9,10.7,116,2.2,6.2,10,Stressed,74.20000000000002,Medium
20,Male,5.8,3.6,68,1.3,3.9,9,Sad,42.69999999999999,High
52,Male,7.1,7.4,61,3.0,11.1,6,Neutral,81.60000000000001,Low
50,Male,6.3,2.6,34,1.2,8.8,6,Happy,64.19999999999999,Medium
41,Female,6.3,10.2,107,5.0,2.9,6,Sad,70.8,Medium
36,Female,7.5,2.4,78,2.4,9.1,1,Neutral,100.0,Low
35,Male,9.0,1.4,34,4.8,7.5,7,Sad,100.0,Low
41,Male,7.3,4.0,47,4.1,7.2,2,Neutral,100.0,Low
52,Female,8.0,10.9,113,2.6,11.9,2,Neutral,100.0,Low
18,Female,4.1,2.4,104,1.5,8.2,5,Sad,60.9,Medium
53,Male,8.1,4.6,71,1.9,11.0,6,Happy,93.5,Low
42,Female,5.5,4.5,42,3.7,11.1,1,Happy,91.10000000000001,Low
51,Male,4.6,9.8,34,4.3,3.0,1,Sad,56.699999999999996,Medium
42,Female,4.6,5.6,4,4.9,2.1,1,Neutral,60.3,Medium
33,Female,7.4,7.7,30,1.5,6.4,7,Happy,56.89999999999999,Medium
51,Female,9.0,5.4,105,1.6,9.7,1,Neutral,100.0,Low
46,Female,7.3,7.1,30,1.2,10.2,9,Sad,55.199999999999996,Medium
36,Male,5.3,1.7,100,2.0,9.9,3,Neutral,87.39999999999999,Low
40,Male,5.0,5.1,7,4.3,6.5,10,Happy,35.7,High
36,Female,6.6,10.4,5,1.8,9.5,2,Happy,66.2,Medium
42,Male,4.3,8.6,86,3.2,9.2,6,Sad,53.4,Medium
33,Female,6.0,11.8,52,2.8,5.1,2,Sad,63.0,Medium
26,Female,7.3,9.7,79,2.3,3.7,5,Sad,68.30000000000001,Medium
18,Male,8.8,6.0,43,3.5,8.2,5,Neutral,98.5,Low
59,Male,6.1,8.4,48,3.0,8.8,9,Happy,50.4,Medium
36,Male,5.0,9.5,7,2.3,7.7,4,Sad,43.3,High
50,Female,8.1,4.0,63,3.8,4.1,8,Happy,80.8,Low
51,Male,7.7,1.7,3,2.1,4.8,7,Happy,66.29999999999998,Medium
33,Male,8.3,5.5,31,3.6,9.1,7,Stressed,86.4,Low
57,Male,5.1,2.6,52,4.8,11.6,1,Happy,99.4,Low
35,Male,6.0,4.0,112,3.9,11.4,6,Happy,92.7,Low
51,Female,8.9,11.4,66,2.7,7.2,6,Sad,83.30000000000001,Low
42,Female,4.8,10.3,62,4.0,10.9,10,Sad,41.60000000000001,High
23,Female,7.4,7.5,113,4.2,2.3,8,Neutral,75.19999999999999,Low
38,Female,5.2,5.4,79,2.3,10.6,6,Sad,65.7,Medium
23,Female,6.5,3.9,59,3.8,6.8,8,Happy,69.6,Medium
49,Female,8.0,7.3,97,2.7,9.8,6,Neutral,93.9,Low
58,Female,6.4,6.9,76,4.3,2.1,8,Neutral,59.10000000000001,Medium
56,Male,8.0,9.6,32,2.2,10.7,5,Sad,79.6,Low
48,Female,6.1,11.2,21,4.8,7.9,9,Stressed,46.60000000000001,High
59,Female,9.0,4.6,30,3.3,4.4,4,Stressed,96.1,Low
27,Female,6.2,3.3,23,2.4,5.5,6,Sad,59.0,Medium
47,Female,4.7,5.4,2,2.7,4.0,2,Stressed,50.099999999999994,Medium
35,Male,6.0,5.8,32,2.4,6.2,3,Happy,67.20000000000002,Medium
41,Female,7.7,1.4,93,1.6,5.3,4,Sad,95.39999999999999,Low
26,Female,8.2,10.5,25,1.3,7.3,3,Neutral,75.1,Low
48,Male,6.3,12.0,97,2.3,10.1,7,Stressed,62.10000000000001,Medium
32,Female,7.0,11.2,50,2.8,11.8,9,Happy,59.199999999999996,Medium
21,Female,8.2,10.5,85,2.4,4.5,6,Happy,75.0,Low
57,Female,8.1,11.9,29,1.1,3.1,3,Stressed,62.7,Medium
26,Female,7.3,11.0,34,3.3,6.0,9,Neutral,50.3,Medium
26,Female,8.1,8.6,24,1.6,3.4,1,Neutral,79.39999999999999,Low
43,Female,6.9,2.8,27,1.8,10.3,5,Neutral,78.4,Low
21,Female,4.0,2.7,96,1.5,7.0,10,Neutral,35.300000000000004,High
34,Male,4.2,1.5,86,3.1,8.2,10,Sad,48.1,High
33,Male,8.9,5.5,25,1.4,3.5,5,Neutral,77.0,Low
32,Female,4.7,9.9,119,2.0,9.5,2,Sad,72.0,Medium
52,Male,6.0,6.4,72,2.8,11.7,5,Neutral,79.0,Low
22,Female,8.7,5.0,7,1.7,6.8,1,Neutral,96.5,Low
22,Male,5.0,2.2,100,2.8,11.6,1,Neutral,98.8,Low
37,Female,8.2,1.6,96,2.4,2.3,4,Sad,98.6,Low
32,Male,8.1,5.4,14,4.4,2.4,6,Neutral,75.8,Low
35,Female,8.9,2.1,48,4.2,11.6,2,Sad,100.0,Low
19,Male,5.4,2.1,110,5.0,9.0,5,Happy,94.8,Low
46,Male,5.6,5.3,7,3.1,3.9,10,Happy,30.100000000000005,High
30,Female,8.5,6.5,54,3.3,5.6,5,Neutral,90.5,Low
21,Female,5.2,3.1,84,4.8,7.1,3,Stressed,88.8,Low
59,Male,6.7,8.5,57,2.6,9.0,4,Stressed,76.4,Low
27,Male,7.5,5.6,2,3.2,10.4,2,Stressed,93.0,Low
48,Female,5.4,2.0,8,2.5,2.8,7,Neutral,41.699999999999996,High
58,Male,8.7,8.0,115,3.2,8.6,3,Neutral,100.0,Low
25,Female,7.3,4.9,13,1.3,6.8,6,Neutral,61.9,Medium
20,Male,4.2,1.6,101,4.1,8.0,9,Happy,59.5,Medium
26,Male,4.7,11.4,90,4.9,7.1,7,Sad,52.900000000000006,Medium
47,Female,5.0,7.3,19,1.3,6.5,4,Neutral,42.699999999999996,High
28,Female,5.2,6.3,120,4.2,4.1,2,Stressed,84.60000000000001,Low
52,Female,7.7,10.5,3,2.0,6.7,7,Happy,51.99999999999999,Medium
54,Male,4.4,11.3,23,1.8,3.9,8,Sad,10.8,High
59,Male,5.8,3.4,90,3.8,2.4,3,Neutral,81.0,Low
30,Male,8.6,9.9,75,1.2,5.7,7,Stressed,70.60000000000001,Medium
53,Female,6.8,10.1,27,2.9,2.2,1,Happy,68.10000000000001,Medium
30,Male,5.3,1.6,98,1.0,7.6,8,Neutral,57.599999999999994,Medium
29,Male,8.8,8.8,87,3.2,2.7,7,Stressed,81.20000000000002,Low
54,Female,5.2,1.7,30,2.8,6.4,6,Neutral,57.39999999999999,Medium
27,Male,8.5,7.5,66,4.7,11.8,3,Happy,100.0,Low
26,Male,7.6,8.4,93,3.9,2.1,4,Neutral,85.5,Low
24,Female,7.7,5.0,63,1.5,5.7,8,Neutral,66.5,Medium
19,Female,7.8,10.7,90,2.4,8.7,1,Happy,100.0,Low
40,Female,6.5,9.8,116,4.7,3.6,2,Neutral,91.3,Low
56,Female,8.1,11.2,16,3.9,7.6,1,Sad,92.50000000000001,Low
57,Female,8.2,4.5,5,3.4,4.6,4,Stressed,84.2,Low
56,Female,5.8,1.2,110,3.2,4.2,6,Neutral,78.0,Low
38,Female,6.0,9.9,106,2.6,10.9,5,Happy,76.2,Low
40,Female,8.4,3.5,81,3.3,4.0,6,Neutral,93.7,Low
46,Female,6.6,6.1,59,4.1,5.8,2,Stressed,89.69999999999999,Low
31,Male,8.3,10.0,98,1.5,3.7,5,Neutral,77.5,Low
43,Female,7.1,3.4,90,4.9,4.8,1,Neutral,100.0,Low
22,Female,7.0,4.4,80,2.0,4.9,6,Stressed,73.0,Medium
48,Male,4.2,5.8,10,2.8,5.3,4,Stressed,41.0,High
42,Female,5.4,4.0,37,1.1,8.4,10,Sad,35.7,High
48,Male,6.5,6.1,100,3.2,9.4,9,Neutral,71.6,Medium
37,Male,6.9,1.1,105,2.5,7.1,3,Happy,100.0,Low
34,Female,7.2,3.3,33,2.0,8.1,3,Happy,86.2,Low
19,Male,7.6,10.2,46,4.9,10.1,9,Happy,73.50000000000001,Medium
42,Female,7.3,5.5,31,2.7,12.0,4,Happy,89.7,Low
30,Female,8.2,8.0,106,2.7,6.6,7,Stressed,85.9,Low
56,Male,5.5,3.6,119,2.9,11.4,10,Neutral,68.89999999999999,Medium
45,Male,7.2,8.1,56,1.5,6.9,2,Sad,80.3,Low
59,Male,4.3,12.0,45,2.6,9.8,1,Happy,56.6,Medium
23,Female,6.4,7.5,109,2.3,7.7,10,Stressed,57.699999999999996,Medium
20,Female,5.3,7.9,34,2.9,10.8,1,Neutral,76.1,Low
52,Male,5.9,2.2,91,4.4,6.5,6,Stressed,83.8,Low
35,Female,5.8,5.4,117,1.8,9.0,4,Sad,81.60000000000001,Low
28,Female,4.3,10.5,21,3.4,6.7,2,Sad,48.6,High
37,Male,6.3,10.2,15,1.2,10.6,7,Happy,44.8,High
22,Male,9.0,6.7,109,2.3,11.9,8,Neutral,100.0,Low
36,Male,5.5,10.9,105,2.9,4.4,7,Neutral,49.5,High
39,Male,7.7,2.6,117,1.3,6.7,10,Stressed,75.10000000000001,Low
36,Male,6.7,8.2,103,3.2,2.8,9,Stressed,56.79999999999999,Medium
33,Male,5.6,3.7,75,2.2,3.4,1,Stressed,77.39999999999999,Low
41,Male,4.4,8.1,4,5.0,11.3,10,Neutral,36.199999999999996,High
58,Male,5.1,2.0,89,3.5,7.4,6,Neutral,73.1,Medium
21,Male,7.9,11.4,25,2.0,6.0,8,Happy,51.2,Medium
32,Male,5.4,9.6,76,1.4,8.7,9,Sad,38.4,High
42,Female,4.7,3.2,23,1.2,7.6,8,Sad,34.400000000000006,High
52,Female,5.7,8.0,107,1.4,4.9,6,Happy,55.2,Medium
31,Male,6.9,9.4,66,3.7,4.3,8,Sad,58.50000000000001,Medium
36,Female,7.5,3.3,31,4.4,7.9,8,Sad,80.4,Low
55,Female,5.9,2.0,22,1.6,3.9,1,Stressed,71.2,Medium
53,Female,6.5,4.9,48,2.6,3.4,8,Happy,52.599999999999994,Medium
24,Female,6.3,2.5,115,2.4,5.2,7,Happy,75.4,Low
47,Female,4.0,7.2,100,3.6,10.6,8,Sad,52.8,Medium
36,Female,6.0,5.7,118,1.7,2.4,8,Happy,53.499999999999986,Medium
42,Male,6.9,6.1,61,4.8,10.3,10,Stressed,73.6,Medium
33,Male,6.8,7.0,101,3.9,8.2,10,Stressed,70.1,Medium
57,Female,7.7,11.8,108,4.8,2.4,6,Neutral,79.8,Low
25,Female,7.4,9.7,101,2.1,8.0,9,Neutral,65.30000000000001,Medium
35,Male,5.4,7.9,76,3.4,6.3,3,Stressed,71.0,Medium
45,Female,5.3,5.0,78,3.9,10.4,10,Stressed,58.89999999999999,Medium
33,Female,6.3,1.3,65,3.8,11.1,1,Sad,100.0,Low
36,Female,7.7,2.3,10,1.1,4.9,9,Happy,53.7,Medium
59,Female,4.5,9.0,79,5.0,9.8,10,Neutral,47.4,High
34,Female,8.7,5.1,17,4.7,5.1,10,Stressed,73.9,Medium
30,Male,6.7,4.7,97,1.5,5.0,2,Happy,86.5,Low
24,Male,5.5,10.8,9,3.2,3.9,3,Stressed,46.99999999999999,High
44,Female,7.5,6.3,76,2.3,8.8,4,Stressed,90.70000000000002,Low
27,Male,4.2,10.9,95,4.5,4.6,8,Stressed,38.900000000000006,High
51,Female,6.4,10.8,59,3.8,6.6,9,Sad,50.39999999999999,Medium
53,Female,6.4,1.9,7,1.9,10.1,3,Sad,79.30000000000001,Low
42,Female,4.8,11.4,70,1.1,9.9,2,Happy,56.5,Medium
23,Female,8.2,1.8,47,2.2,10.6,2,Happy,100.0,Low
41,Female,8.0,11.6,80,1.2,3.6,9,Happy,50.0,Medium
35,Female,4.8,6.0,40,1.6,7.9,8,Neutral,35.8,High
40,Female,5.8,9.4,90,3.5,11.1,2,Sad,88.9,Low
23,Female,4.5,8.8,7,4.0,2.4,8,Sad,21.600000000000005,High
46,Female,8.2,6.7,92,2.9,9.9,4,Neutral,100.0,Low
42,Male,5.6,7.8,120,3.4,4.5,6,Neutral,66.4,Medium
34,Female,6.2,11.4,115,1.6,8.7,5,Neutral,67.6,Medium
41,Male,5.6,11.2,36,2.3,9.2,5,Sad,50.7,Medium
28,Male,5.6,8.2,90,3.9,11.3,10,Happy,59.699999999999996,Medium
43,Female,7.7,8.2,36,2.5,7.1,10,Happy,54.500000000000014,Medium
51,Male,7.7,3.7,63,2.4,10.5,7,Sad,87.19999999999999,Low
45,Female,6.6,10.1,58,1.8,2.5,8,Stressed,39.39999999999999,High
20,Female,7.3,8.0,120,3.4,6.2,5,Sad,90.4,Low
28,Female,6.6,10.1,87,4.2,6.4,4,Happy,81.0,Low
55,Female,4.1,8.2,44,2.9,7.4,2,Neutral,54.7,Medium
31,Male,4.3,4.3,15,1.5,6.8,5,Stressed,38.5,High
43,Male,5.9,3.1,25,4.4,11.7,8,Neutral,71.19999999999999,Medium
38,Female,7.7,1.8,117,1.3,2.8,1,Sad,100.0,Low
56,Male,8.6,7.4,30,2.9,4.7,6,Sad,77.10000000000001,Low
47,Male,4.1,4.1,26,2.0,11.7,2,Sad,63.4,Medium
25,Male,5.8,7.9,89,4.7,6.5,2,Stressed,88.5,Low
37,Female,5.1,1.6,42,4.0,7.7,8,Sad,59.6,Medium
49,Male,8.1,5.1,14,3.3,2.8,6,Happy,71.69999999999999,Medium
39,Male,8.2,3.9,57,3.7,4.8,6,Stressed,89.7,Low
24,Male,5.0,5.1,48,3.1,2.4,6,Happy,45.69999999999999,High
26,Female,7.6,1.6,78,1.6,3.4,9,Sad,67.19999999999999,Medium
18,Male,7.7,9.0,86,3.8,8.3,3,Happy,99.80000000000001,Low
46,Male,4.9,2.3,24,3.0,9.6,2,Neutral,75.4,Low
25,Female,6.2,1.2,107,3.5,10.7,5,Neutral,99.9,Low
21,Male,7.1,11.4,67,1.2,4.5,6,Sad,52.60000000000001,Medium
52,Female,4.1,3.1,35,1.6,5.3,9,Neutral,24.4,High
20,Female,6.0,10.1,116,3.4,7.7,9,Sad,59.4,Medium
57,Female,4.8,11.6,79,2.8,2.8,2,Happy,52.199999999999996,Medium
24,Female,6.7,6.9,46,1.9,10.1,9,Stressed,56.10000000000001,Medium
44,Female,8.2,6.8,103,2.0,6.8,9,Sad,76.6,Low
18,Female,6.6,5.0,58,3.5,11.7,6,Neutral,84.5,Low
44,Male,4.2,5.7,84,1.2,3.2,1,Stressed,55.8,Medium
33,Female,4.1,6.3,51,2.7,3.3,8,Sad,26.700000000000003,High
55,Male,7.0,2.7,39,3.1,5.5,8,Stressed,66.89999999999999,Medium
24,Male,5.6,5.0,42,2.2,4.1,8,Happy,41.60000000000001,High
40,Female,6.9,10.0,116,4.3,9.0,8,Happy,79.7,Low
58,Male,4.8,3.0,55,1.2,11.5,10,Stressed,42.0,High
28,Male,7.9,9.0,80,4.5,2.9,5,Sad,85.3,Low
59,Male,8.3,8.2,2,3.9,4.4,2,Stressed,87.3,Low
50,Female,8.4,1.6,70,2.8,4.4,9,Neutral,81.6,Low
53,Male,5.5,1.2,11,4.7,7.1,6,Sad,68.5,Medium
54,Male,7.3,4.9,64,3.8,6.5,3,Stressed,96.0,Low
58,Female,5.4,8.6,42,4.7,9.3,1,Sad,83.30000000000001,Low
34,Male,7.8,4.6,100,2.9,9.3,5,Neutral,100.0,Low
52,Male,4.6,8.3,69,2.8,7.7,4,Sad,56.599999999999994,Medium
22,Male,7.8,8.3,45,3.1,7.9,4,Stressed,85.7,Low
49,Female,6.2,9.9,59,1.3,10.4,9,Stressed,45.3,High
20,Male,8.3,2.1,60,4.6,6.0,6,Stressed,100.0,Low
52,Male,7.7,7.3,48,3.7,2.1,8,Happy,62.7,Medium
31,Female,5.9,1.7,86,3.5,4.1,9,Happy,62.5,Medium
48,Female,8.5,2.9,24,4.7,2.4,1,Neutral,100.0,Low
48,Female,5.4,4.6,88,5.0,5.9,7,Happy,71.19999999999999,Medium
34,Male,8.8,8.8,2,1.7,5.6,7,Happy,62.500000000000014,Medium
41,Female,7.8,11.7,67,4.0,3.0,9,Neutral,58.0,Medium
40,Female,9.0,4.8,62,3.3,9.6,1,Sad,100.0,Low
35,Female,4.3,6.7,29,2.8,7.5,2,Sad,56.4,Medium
31,Male,5.4,3.8,96,4.9,4.3,6,Neutral,74.7,Medium
32,Female,7.7,8.4,92,4.4,9.6,4,Neutral,100.0,Low
32,Female,8.6,5.0,3,3.8,8.7,5,Stressed,93.0,Low
23,Female,4.1,6.3,77,2.5,3.9,5,Sad,44.1,High
44,Female,4.0,7.2,84,3.7,11.8,10,Happy,44.5,High
32,Female,5.3,8.5,70,3.1,3.8,1,Stressed,69.1,Medium
53,Male,8.3,1.7,20,2.0,9.7,1,Sad,100.0,Low
25,Male,7.8,7.1,119,2.8,11.7,7,Happy,97.0,Low
32,Female,5.7,5.7,70,1.8,9.3,3,Happy,75.19999999999999,Low
20,Female,4.0,2.5,0,3.0,8.7,5,Neutral,47.4,High
30,Female,6.8,3.3,59,3.9,11.0,8,Happy,82.7,Low
58,Male,5.2,10.7,33,1.1,4.7,5,Neutral,32.099999999999994,High
51,Male,7.7,10.6,86,4.1,4.8,10,Happy,63.1,Medium
41,Male,6.2,1.4,2,1.1,8.4,9,Sad,45.900000000000006,High
57,Male,7.4,8.6,17,3.1,10.8,4,Happy,81.30000000000001,Low
49,Female,8.3,7.1,42,3.3,8.2,7,Sad,82.1,Low
49,Female,6.7,11.3,75,4.0,11.8,8,Neutral,71.0,Medium
47,Female,5.7,11.0,77,4.0,4.2,7,Stressed,50.800000000000004,Medium
30,Female,7.8,7.4,40,2.7,10.3,4,Neutral,89.30000000000001,Low
18,Male,5.3,2.5,91,1.3,11.3,8,Stressed,63.300000000000004,Medium
51,Female,8.5,6.1,105,3.8,6.3,10,Happy,85.39999999999999,Low
32,Male,4.4,9.0,108,3.0,11.6,10,Sad,45.8,High
31,Male,8.2,11.5,23,2.3,4.0,10,Happy,43.099999999999994,High
46,Female,4.5,5.0,23,1.9,11.5,4,Neutral,56.1,Medium
51,Male,4.3,9.6,2,1.5,11.0,10,Sad,13.7,High
35,Male,5.8,8.5,58,2.2,2.7,8,Neutral,36.99999999999999,High
24,Female,8.8,1.9,57,2.8,7.2,8,Stressed,92.00000000000001,Low
46,Male,8.9,7.1,72,2.9,7.3,4,Neutral,100.0,Low
48,Male,5.0,3.0,23,3.3,2.6,5,Happy,50.3,Medium
42,Female,4.7,8.5,65,2.4,2.4,5,Happy,39.8,High
55,Male,5.8,7.7,118,4.7,2.1,5,Happy,73.89999999999999,Medium
31,Male,5.7,11.7,39,3.0,7.2,3,Stressed,58.8,Medium
25,Female,7.8,11.3,91,2.7,6.6,2,Happy,92.3,Low
44,Male,6.2,1.1,70,1.2,11.4,1,Neutral,98.6,Low
19,Female,7.9,1.9,8,3.4,5.4,3,Stressed,92.6,Low
34,Male,7.7,9.5,108,3.4,8.6,9,Neutral,77.8,Low
54,Male,6.9,8.5,102,3.3,2.1,7,Sad,65.10000000000001,Medium
31,Female,8.2,9.8,59,4.6,8.6,2,Happy,100.0,Low
42,Female,5.0,3.9,38,4.1,11.1,8,Sad,60.5,Medium
47,Male,4.8,10.3,32,4.5,5.5,8,Happy,35.300000000000004,High
46,Female,7.8,5.9,33,1.2,5.1,7,Stressed,61.0,Medium
37,Male,5.2,3.9,61,2.3,8.3,6,Stressed,60.50000000000001,Medium
38,Female,4.0,1.1,84,2.3,5.3,2,Sad,68.69999999999999,Medium
39,Male,8.6,10.6,60,3.6,6.0,4,Sad,90.8,Low
52,Male,7.1,6.9,92,2.8,4.7,1,Happy,95.00000000000001,Low
54,Male,6.2,11.7,26,4.1,5.4,7,Stressed,47.10000000000001,High
33,Male,7.6,8.9,16,2.5,8.8,2,Happy,83.5,Low
34,Male,5.7,1.9,59,1.9,11.2,6,Neutral,72.9,Medium
33,Female,8.8,7.5,41,2.2,7.8,9,Neutral,71.8,Medium
19,Female,4.3,1.2,46,1.7,2.1,5,Happy,42.50000000000001,High
21,Male,7.2,7.1,111,1.8,4.6,5,Happy,78.2,Low
38,Male,7.9,4.9,86,1.9,11.5,4,Happy,100.0,Low
56,Female,6.3,8.1,52,1.1,11.1,1,Happy,80.9,Low
51,Female,7.8,7.0,108,3.9,3.2,4,Sad,95.5,Low
47,Female,8.6,3.9,20,2.6,11.1,9,Sad,81.4,Low
23,Female,7.7,2.8,7,1.1,11.6,9,Sad,65.50000000000001,Medium
34,Female,5.5,5.5,72,2.5,5.2,7,Sad,53.300000000000004,Medium
56,Male,6.8,11.9,96,4.6,9.0,4,Neutral,88.4,Low
42,Male,8.6,5.8,57,3.0,7.6,9,Happy,80.00000000000001,Low
22,Female,6.2,9.2,67,4.9,5.4,5,Sad,72.3,Medium
22,Female,7.4,1.6,62,3.2,3.5,10,Sad,66.2,Medium
37,Female,6.3,5.2,58,4.9,5.7,2,Stressed,92.1,Low
33,Female,4.6,7.4,81,1.8,11.3,9,Stressed,43.00000000000001,High
58,Female,4.3,9.3,95,2.2,10.1,6,Happy,50.599999999999994,Medium
54,Female,8.8,6.8,29,3.8,5.3,5,Sad,89.8,Low
57,Female,7.1,6.7,24,4.9,7.5,10,Sad,61.89999999999999,Medium
26,Female,4.5,9.4,120,4.3,6.1,8,Neutral,51.900000000000006,Medium
22,Female,8.3,4.4,96,3.2,6.7,2,Sad,100.0,Low
59,Male,6.6,2.0,98,1.3,9.6,5,Happy,87.3,Low
19,Female,7.9,4.8,105,2.5,7.4,10,Stressed,77.7,Low
26,Female,4.6,2.7,55,1.3,3.8,8,Stressed,33.7,High
53,Male,8.5,11.6,33,2.2,4.7,4,Sad,72.8,Medium
39,Male,7.0,7.4,49,2.0,7.7,10,Neutral,50.4,Medium
39,Male,7.7,5.9,1,2.6,8.9,10,Neutral,56.2,Medium
39,Female,4.2,11.0,76,4.3,7.1,9,Happy,34.900000000000006,High
51,Female,5.6,10.9,52,1.6,8.2,7,Neutral,41.00000000000001,High
46,Female,5.3,5.6,40,2.2,9.9,7,Sad,52.599999999999994,Medium
55,Female,8.7,10.6,22,2.0,7.5,9,Happy,59.2,Medium
50,Male,4.9,1.7,60,2.2,11.8,3,Sad,80.19999999999999,Low
35,Female,7.5,10.7,86,2.4,4.4,3,Happy,79.60000000000001,Low
24,Female,4.2,4.4,30,2.0,11.2,10,Neutral,31.6,High
18,Male,5.0,7.2,65,4.8,4.5,7,Neutral,53.599999999999994,Medium
50,Female,5.7,4.0,1,2.7,7.3,2,Sad,69.3,Medium
18,Female,8.0,11.8,68,1.5,6.6,10,Stressed,50.7,Medium
41,Female,7.9,1.8,59,2.9,5.7,3,Neutral,100.0,Low
21,Female,8.8,5.9,77,1.7,11.6,6,Stressed,99.30000000000001,Low
21,Male,8.6,7.8,22,1.9,4.7,9,Sad,57.70000000000001,Medium
35,Male,4.4,7.8,118,2.1,8.7,4,Neutral,63.89999999999999,Medium
44,Male,8.1,9.1,56,1.5,10.0,5,Neutral,81.5,Low
49,Male,6.3,9.0,34,3.9,4.0,6,Stressed,55.3,Medium
50,Female,8.3,9.7,109,4.2,11.7,3,Sad,100.0,Low
45,Female,4.4,3.6,0,2.6,7.5,2,Stressed,56.8,Medium
59,Female,8.1,5.1,104,3.8,11.1,4,Neutral,100.0,Low
58,Male,4.8,5.2,47,2.6,8.6,6,Happy,53.2,Medium
53,Male,5.7,11.5,48,1.7,8.5,4,Neutral,53.099999999999994,Medium
23,Male,4.1,5.5,39,2.6,5.5,8,Stressed,29.799999999999997,High
33,Female,4.6,3.4,61,3.2,9.7,9,Happy,50.800000000000004,Medium
51,Female,6.2,8.0,14,1.2,2.3,8,Stressed,27.4,High
40,Male,8.1,5.7,29,3.6,7.6,7,Happy,80.6,Low
59,Male,7.9,3.8,20,4.0,2.3,2,Happy,92.0,Low
41,Female,5.2,8.9,7,4.4,5.1,10,Stressed,27.800000000000008,High
30,Female,4.8,3.1,6,1.4,3.0,2,Stressed,48.0,High
35,Female,5.9,8.0,104,1.0,11.1,10,Happy,51.0,Medium
30,Male,8.4,5.7,33,1.3,8.3,5,Happy,82.29999999999998,Low
54,Male,4.5,4.5,120,4.7,8.7,4,Neutral,84.9,Low
56,Male,6.7,11.4,63,4.1,10.5,4,Stressed,82.3,Low
59,Male,4.4,4.6,41,4.3,9.3,4,Neutral,67.1,Medium
34,Female,6.4,4.8,100,3.1,3.2,7,Sad,68.30000000000001,Medium
32,Female,4.6,10.6,111,3.1,8.2,3,Stressed,66.9,Medium
35,Female,4.4,2.4,52,2.2,11.8,2,Sad,76.20000000000002,Low
40,Male,5.0,2.2,95,4.4,4.1,5,Sad,74.8,Medium
47,Female,5.3,4.1,96,4.3,8.2,6,Stressed,77.9,Low
51,Female,5.4,7.5,69,2.6,7.6,8,Sad,49.0,High
21,Female,7.2,5.2,105,2.3,5.9,3,Happy,93.89999999999999,Low
20,Female,4.3,7.7,9,4.0,11.5,4,Neutral,56.4,Medium
24,Female,4.4,2.8,89,1.1,5.6,4,Happy,56.89999999999999,Medium
35,Male,4.9,3.9,57,4.4,2.9,4,Sad,64.4,Medium
59,Female,8.4,7.2,114,2.8,11.6,7,Happy,100.0,Low
24,Female,7.1,3.4,108,2.8,9.3,4,Stressed,100.0,Low
57,Male,7.7,5.7,89,3.7,5.4,7,Sad,84.69999999999999,Low
23,Male,5.9,7.3,82,3.6,4.8,4,Stressed,72.4,Medium
39,Female,5.1,11.7,98,2.1,11.3,10,Sad,40.3,High
18,Female,4.2,1.9,108,4.8,4.7,8,Sad,61.199999999999996,Medium
21,Female,6.4,6.1,3,4.9,7.4,5,Stressed,71.69999999999999,Medium
46,Female,6.9,5.4,88,3.1,4.1,2,Sad,91.5,Low
38,Male,8.5,10.1,7,3.2,12.0,9,Neutral,70.2,Medium
43,Female,8.4,10.9,11,3.2,9.7,9,Stressed,63.800000000000004,Medium
31,Male,6.1,11.0,117,2.9,7.7,1,Sad,88.30000000000001,Low
26,Female,6.1,5.1,87,4.8,9.5,5,Neutral,91.2,Low
29,Female,4.8,4.4,87,2.0,11.2,3,Neutral,77.0,Low
59,Female,5.3,5.9,80,1.4,11.6,10,Sad,47.400000000000006,High
23,Male,8.6,4.8,24,4.7,9.9,5,Neutral,100.0,Low
37,Female,4.7,8.9,96,1.9,10.5,4,Sad,62.900000000000006,Medium
41,Female,8.8,3.3,26,4.0,6.0,3,Sad,100.0,Low
44,Male,6.5,8.2,1,1.8,5.9,7,Sad,41.60000000000001,High
55,Female,6.3,11.2,72,4.8,10.1,5,Sad,79.2,Low
25,Male,4.9,4.1,54,4.2,9.6,1,Neutral,87.8,Low
18,Female,7.3,8.4,57,4.7,11.0,4,Happy,97.10000000000001,Low
41,Male,6.3,2.6,32,4.8,3.3,1,Stressed,90.8,Low
24,Male,5.9,2.3,82,1.3,8.9,3,Happy,83.10000000000001,Low
36,Male,5.3,2.3,48,2.7,8.5,10,Sad,48.5,High
39,Female,4.3,2.5,4,3.6,10.0,10,Sad,36.8,High
52,Male,6.6,3.4,46,4.2,2.2,5,Sad,73.80000000000001,Medium
47,Male,5.6,7.2,83,2.0,10.3,6,Happy,64.79999999999998,Medium
46,Female,7.5,9.4,23,4.7,5.3,1,Stressed,90.89999999999999,Low
39,Male,7.6,2.4,120,1.9,8.9,10,Happy,82.5,Low
28,Female,5.7,10.6,94,4.5,8.2,9,Stressed,57.49999999999999,Medium
37,Female,7.3,10.3,43,3.1,6.4,9,Sad,53.3,Medium
46,Male,5.3,9.0,67,3.1,9.5,1,Neutral,78.9,Low
58,Male,7.6,5.7,95,2.5,11.6,7,Neutral,91.3,Low
59,Female,4.1,1.0,110,1.4,5.2,4,Happy,62.4,Medium
51,Male,4.8,9.1,98,2.4,9.5,2,Neutral,72.39999999999999,Medium
18,Male,5.2,10.7,13,2.7,5.1,2,Neutral,48.89999999999999,High
48,Male,7.9,4.7,35,2.9,10.5,6,Stressed,88.1,Low
47,Male,4.3,8.9,50,4.0,6.4,6,Sad,44.0,High
35,Female,4.9,1.7,5,2.4,6.5,5,Neutral,51.6,Medium
34,Female,5.8,8.8,16,2.6,9.7,3,Sad,64.0,Medium
55,Male,4.0,1.8,81,4.6,7.0,7,Sad,61.60000000000001,Medium
31,Female,7.8,7.5,71,4.0,4.7,3,Sad,94.60000000000001,Low
40,Male,6.8,7.6,50,1.1,12.0,7,Sad,64.3,Medium
42,Male,8.5,4.3,51,4.2,8.2,2,Neutral,100.0,Low
32,Male,4.2,1.9,11,5.0,8.5,8,Happy,50.400000000000006,Medium
39,Male,5.4,11.4,80,4.8,8.5,2,Neutral,80.2,Low
20,Female,7.7,6.9,94,4.3,10.8,2,Happy,100.0,Low
36,Male,7.4,7.4,114,3.5,3.8,4,Happy,91.1,Low
51,Female,5.2,7.8,0,2.1,2.6,10,Sad,12.099999999999998,High
52,Male,7.0,10.8,10,3.6,5.9,1,Neutral,76.2,Low
18,Female,8.0,1.7,105,3.8,7.6,7,Stressed,100.0,Low
38,Female,4.2,10.8,15,2.1,4.9,2,Happy,35.7,High
46,Female,7.6,3.6,100,2.0,8.9,6,Happy,92.6,Low
23,Female,5.3,1.9,112,2.6,2.7,5,Neutral,70.00000000000001,Medium
54,Male,8.7,8.2,91,3.6,9.9,5,Stressed,100.0,Low
18,Female,6.7,11.7,8,2.2,9.2,4,Stressed,58.599999999999994,Medium
18,Male,4.2,1.6,118,3.2,4.1,5,Happy,66.6,Medium
44,Female,6.0,5.7,7,4.6,5.0,9,Neutral,47.0,High
38,Female,8.8,6.8,24,2.2,10.1,1,Stressed,100.0,Low
33,Female,7.7,3.8,73,4.9,9.7,2,Sad,100.0,Low
57,Male,5.5,11.8,39,2.9,10.1,7,Stressed,45.89999999999999,High
43,Female,6.9,8.1,66,1.4,5.2,9,Happy,47.4,High
33,Male,7.0,10.3,118,1.2,11.7,3,Sad,90.4,Low
45,Male,4.1,5.6,22,2.4,9.2,6,Stressed,40.6,High
18,Male,4.9,4.9,61,2.0,2.7,5,Stressed,46.800000000000004,High
53,Female,6.8,7.1,22,4.4,6.8,9,Stressed,57.800000000000004,Medium
27,Female,6.0,5.8,43,4.0,8.6,9,Happy,58.2,Medium
34,Female,5.0,8.9,55,4.5,3.7,10,Sad,33.1,High
40,Female,7.9,3.9,67,3.4,11.0,3,Happy,100.0,Low
24,Female,6.4,5.9,117,2.7,9.5,10,Stressed,68.10000000000001,Medium
24,Female,5.5,10.8,113,2.1,2.8,10,Neutral,32.1,High
32,Female,4.8,9.3,22,3.3,11.1,2,Sad,64.5,Medium
51,Male,7.1,2.8,8,3.5,6.0,10,Neutral,56.5,Medium
21,Female,7.3,10.8,116,2.6,6.5,4,Happy,84.6,Low
31,Male,7.3,7.5,3,4.7,9.8,9,Sad,65.69999999999999,Medium
31,Male,5.1,8.5,33,3.6,8.4,3,Sad,63.39999999999999,Medium
33,Female,7.0,4.2,102,4.3,6.4,4,Stressed,100.0,Low
24,Female,8.5,5.9,81,3.5,4.6,2,Happy,100.0,Low
49,Male,5.8,9.9,33,2.3,7.2,1,Stressed,66.7,Medium
36,Male,5.1,4.6,120,3.9,7.8,5,Stressed,80.89999999999999,Low
19,Female,7.9,2.8,97,1.9,8.3,4,Happy,100.0,Low
27,Male,4.9,5.2,41,3.4,8.1,10,Stressed,40.0,High
34,Male,5.3,1.8,2,2.6,8.2,2,Happy,71.2,Medium
54,Male,4.5,8.9,82,1.6,6.8,6,Neutral,41.20000000000001,High
29,Male,5.3,2.6,33,2.7,7.6,5,Stressed,63.099999999999994,Medium
23,Female,6.1,4.1,89,2.2,4.9,1,Sad,87.39999999999999,Low
39,Female,4.3,10.7,98,1.4,3.6,10,Sad,15.399999999999995,High
49,Male,8.4,6.9,104,4.3,8.1,3,Neutral,100.0,Low
58,Male,6.6,4.5,106,3.0,2.5,4,Sad,82.2,Low
37,Male,6.9,7.0,94,2.4,2.7,1,Neutral,87.2,Low
18,Female,5.9,3.4,42,3.0,4.5,8,Neutral,52.60000000000001,Medium
23,Female,7.3,1.3,90,4.0,3.9,3,Stressed,100.0,Low
36,Male,6.2,7.6,66,1.1,5.7,5,Happy,56.9,Medium
35,Male,7.8,8.9,36,3.2,5.7,3,Neutral,82.80000000000001,Low
23,Male,8.1,10.7,11,2.9,3.2,4,Sad,66.70000000000002,Medium
50,Female,7.4,9.5,110,4.6,4.5,9,Sad,73.0,Medium
40,Male,6.5,11.2,86,3.2,2.0,3,Happy,67.80000000000001,Medium
40,Male,7.9,11.8,80,1.5,5.5,8,Stressed,57.900000000000006,Medium
43,Male,6.5,9.2,15,2.6,10.0,6,Sad,58.6,Medium
30,Male,4.6,10.5,61,3.5,4.7,6,Stressed,40.1,High
24,Male,4.6,8.4,16,1.2,8.4,1,Neutral,51.2,Medium
32,Female,8.7,2.9,14,4.5,3.0,7,Sad,84.5,Low
44,Female,5.1,3.0,25,1.3,2.1,4,Neutral,44.7,High
43,Female,8.1,2.2,44,1.1,7.0,8,Sad,72.89999999999999,Medium
50,Male,5.2,11.4,1,1.0,6.6,9,Sad,11.600000000000005,High
32,Female,6.2,8.4,16,3.7,3.9,2,Happy,66.7,Medium
53,Male,7.3,9.7,64,2.8,4.9,8,Neutral,58.2,Medium
44,Female,4.8,4.6,93,1.4,2.3,8,Happy,36.99999999999999,High
22,Female,7.7,6.1,95,4.4,10.0,6,Happy,100.0,Low
19,Male,7.4,1.4,29,1.8,5.0,3,Happy,84.0,Low
50,Male,6.7,10.8,105,2.3,4.2,5,Happy,66.30000000000001,Medium
33,Male,6.8,10.4,67,1.7,10.0,2,Stressed,81.10000000000001,Low
40,Female,4.5,9.6,105,4.7,2.4,6,Stressed,51.099999999999994,Medium
55,Male,6.2,1.6,43,4.0,4.8,3,Stressed,84.99999999999999,Low
33,Female,4.4,2.9,95,3.9,4.6,4,Neutral,69.9,Medium
31,Female,5.5,4.7,59,1.2,4.6,9,Stressed,36.599999999999994,High
46,Female,8.5,3.9,98,3.1,2.1,10,Neutral,76.5,Low
43,Male,6.9,10.2,0,3.3,11.3,5,Sad,67.69999999999999,Medium
52,Male,7.7,3.1,18,2.5,10.6,7,Stressed,80.1,Low
32,Male,6.9,6.9,32,2.3,6.1,9,Sad,49.30000000000001,High
20,Female,5.0,7.3,82,4.4,6.5,5,Stressed,66.80000000000001,Medium
40,Female,7.0,5.7,35,1.1,7.2,1,Happy,81.5,Low
46,Male,7.8,3.6,90,3.5,6.8,2,Stressed,100.0,Low
51,Female,4.7,11.6,76,2.6,9.8,3,Neutral,59.6,Medium
50,Female,8.1,5.5,90,3.7,6.9,3,Sad,100.0,Low
58,Female,6.8,9.0,109,1.8,3.9,1,Happy,84.6,Low
58,Male,4.0,3.0,77,2.0,3.2,9,Stressed,29.800000000000004,High
40,Female,6.6,10.1,23,3.3,11.2,9,Happy,53.29999999999999,Medium
24,Female,6.0,3.4,98,4.9,2.5,4,Sad,86.3,Low
20,Male,5.5,8.4,82,4.9,11.0,9,Neutral,65.10000000000001,Medium
49,Male,7.9,6.6,24,2.0,8.9,4,Stressed,82.39999999999999,Low
48,Male,8.5,2.6,10,1.4,6.0,8,Sad,68.8,Medium
35,Male,7.8,1.3,8,3.4,3.9,3,Sad,89.8,Low
24,Male,8.2,11.2,5,2.7,5.1,9,Neutral,48.3,High
58,Male,8.5,2.4,57,4.0,7.3,4,Sad,100.0,Low
18,Female,8.6,8.8,99,3.1,8.6,8,Happy,88.89999999999999,Low
31,Female,4.6,8.2,100,3.0,8.9,2,Stressed,74.39999999999999,Medium
49,Female,6.3,4.8,28,3.6,6.5,7,Sad,62.0,Medium
23,Female,4.0,3.0,72,1.5,5.7,2,Stressed,59.3,Medium
56,Male,6.5,3.0,96,3.7,9.7,5,Stressed,96.1,Low
27,Female,8.6,7.4,86,3.0,11.3,9,Neutral,90.0,Low
24,Male,5.0,7.0,78,4.3,11.1,5,Stressed,75.3,Low
43,Male,7.2,10.6,10,1.6,7.5,4,Neutral,59.8,Medium
51,Female,7.2,8.0,22,2.2,2.8,8,Sad,45.00000000000001,High
47,Female,4.8,10.0,25,4.8,2.7,5,Sad,42.4,High
53,Male,5.2,1.4,0,3.2,6.0,9,Sad,41.2,High
38,Male,6.3,8.4,93,4.7,9.3,9,Stressed,70.9,Medium
34,Male,4.9,3.6,80,3.8,7.0,2,Stressed,82.8,Low
50,Male,6.9,3.8,46,4.7,8.3,10,Happy,70.70000000000002,Medium
27,Female,6.4,8.9,109,2.3,10.4,9,Stressed,64.3,Medium
59,Male,6.6,9.7,40,1.4,2.4,8,Neutral,34.4,High
29,Female,4.7,5.1,22,4.2,11.2,10,Happy,44.6,High
33,Male,6.6,9.7,99,4.2,5.3,7,Stressed,70.0,Medium
58,Male,4.2,5.9,104,3.5,2.5,6,Happy,49.5,High
49,Male,8.4,10.4,4,3.3,10.4,4,Stressed,85.3,Low
32,Female,5.7,1.3,98,4.7,11.3,7,Stressed,92.1,Low
44,Male,8.3,1.9,49,1.7,9.7,6,Happy,92.9,Low
45,Female,7.5,9.5,8,3.5,10.0,8,Neutral,63.099999999999994,Medium
34,Female,7.8,7.9,3,1.2,10.7,1,Neutral,86.19999999999999,Low
19,Female,5.6,7.1,70,1.6,7.2,3,Stressed,66.2,Medium
53,Male,5.1,7.8,64,2.7,8.8,8,Happy,47.3,High
24,Female,6.0,11.2,79,4.3,4.9,2,Neutral,76.7,Low
30,Female,4.1,8.2,56,3.9,4.5,9,Neutral,28.300000000000004,High
32,Male,8.6,8.1,24,4.9,8.1,2,Neutral,100.0,Low
42,Male,5.9,9.4,57,1.2,9.3,9,Sad,40.20000000000001,High
40,Female,8.9,10.5,5,2.5,6.0,7,Neutral,65.5,Medium
39,Female,7.8,3.9,101,1.6,6.0,4,Stressed,94.4,Low
43,Male,4.4,7.8,13,1.1,11.5,3,Stressed,47.5,High
50,Female,7.3,7.4,62,2.1,7.2,8,Neutral,63.50000000000001,Medium
28,Female,5.4,2.5,117,2.0,11.9,10,Neutral,66.2,Medium
27,Female,5.2,6.7,100,2.7,10.6,7,Happy,65.3,Medium
42,Male,5.3,1.8,74,1.6,8.4,10,Sad,49.0,High
54,Female,8.6,3.0,64,3.0,2.1,1,Stressed,100.0,Low
55,Male,6.5,11.0,51,4.7,5.0,7,Sad,58.7,Medium
58,Male,7.3,2.3,105,4.0,6.2,1,Happy,100.0,Low
41,Male,5.4,7.4,64,4.4,8.5,1,Neutral,87.0,Low
57,Female,6.6,4.6,116,4.2,6.0,5,Neutral,93.0,Low
50,Male,5.8,7.1,99,2.6,10.3,10,Sad,57.199999999999996,Medium
34,Female,5.6,3.6,7,3.8,8.6,5,Stressed,66.4,Medium
41,Male,5.2,5.9,95,4.0,5.5,2,Neutral,82.2,Low
54,Female,6.0,10.5,96,1.8,9.8,7,Sad,58.800000000000004,Medium
19,Female,7.3,5.1,7,4.4,5.0,3,Happy,84.2,Low
49,Female,5.1,4.9,13,2.8,2.6,1,Sad,59.0,Medium
41,Male,8.8,5.9,23,1.1,3.7,7,Sad,65.7,Medium
26,Female,4.6,2.1,63,3.6,2.0,4,Stressed,60.39999999999999,Medium
21,Female,6.4,5.3,112,3.7,10.3,4,Sad,98.9,Low
34,Male,4.4,1.1,104,3.2,8.3,3,Sad,83.19999999999999,Low
34,Male,4.1,6.5,92,1.8,7.7,7,Sad,42.800000000000004,High
47,Female,8.6,10.3,24,2.9,8.6,2,Stressed,93.89999999999999,Low
57,Male,8.1,7.1,5,2.6,8.5,7,Happy,69.8,Medium
28,Male,7.5,7.7,0,4.9,7.7,10,Stressed,59.49999999999999,Medium
38,Male,8.3,1.3,118,4.3,10.4,8,Neutral,100.0,Low
38,Female,8.0,10.5,86,4.0,6.4,2,Neutral,100.0,Low
35,Male,7.2,5.2,104,1.7,10.0,8,Sad,78.89999999999999,Low
46,Female,8.2,11.7,32,2.3,9.9,7,Neutral,68.3,Medium
41,Male,6.0,2.3,13,2.5,4.0,10,Stressed,38.5,High
27,Male,6.8,11.4,62,3.0,6.5,8,Sad,53.60000000000001,Medium
34,Female,7.9,8.0,55,1.1,10.3,3,Stressed,88.1,Low
35,Male,4.4,1.6,61,3.4,10.3,6,Neutral,66.6,Medium
59,Male,8.3,11.7,27,2.4,2.2,1,Neutral,77.4,Low
37,Male,4.8,1.2,28,3.2,4.2,7,Stressed,47.59999999999999,High
54,Male,8.3,9.0,106,1.0,6.2,4,Stressed,87.60000000000001,Low
35,Female,5.6,10.8,103,2.3,2.5,4,Neutral,55.5,Medium
34,Female,5.6,2.9,22,4.1,4.6,9,Neutral,48.30000000000001,High
26,Female,4.4,4.8,43,3.0,4.6,7,Stressed,39.19999999999999,High
31,Female,8.4,7.2,37,4.2,4.1,8,Stressed,74.2,Medium
46,Female,4.9,8.5,48,3.8,6.0,6,Happy,48.599999999999994,High
48,Female,7.2,10.6,42,4.4,10.1,2,Stressed,93.4,Low
21,Female,7.2,9.4,9,1.0,4.4,3,Sad,56.8,Medium
35,Male,5.4,5.0,26,2.0,7.8,4,Stressed,58.800000000000004,Medium
37,Female,8.9,10.0,7,3.2,7.6,2,Sad,93.60000000000001,Low
26,Female,4.3,11.6,107,4.8,10.2,1,Happy,81.6,Low
30,Female,7.0,3.5,116,3.7,5.9,9,Happy,80.5,Low
32,Male,6.4,1.8,67,2.8,4.2,10,Happy,56.20000000000001,Medium
44,Female,5.2,5.7,84,1.5,10.9,2,Stressed,78.69999999999999,Low
32,Female,4.8,10.7,84,3.0,10.3,5,Happy,59.0,Medium
45,Female,7.7,2.7,29,2.8,8.2,7,Happy,79.79999999999998,Low
54,Male,8.6,10.7,12,4.1,2.9,2,Sad,85.3,Low
36,Female,4.5,11.9,57,2.7,2.2,6,Stressed,26.500000000000007,High
43,Male,5.0,1.6,2,2.3,3.8,10,Happy,26.299999999999997,High
43,Male,8.9,6.4,83,1.4,4.0,8,Sad,75.8,Low
42,Male,4.1,4.6,99,1.2,3.4,7,Sad,36.39999999999999,High
43,Male,6.5,5.3,103,2.8,4.6,6,Stressed,74.2,Medium
43,Female,6.6,6.0,4,2.4,5.4,8,Neutral,45.599999999999994,High
45,Male,5.3,9.1,21,3.2,9.5,2,Neutral,66.0,Medium
35,Male,7.3,7.5,57,3.8,9.1,4,Stressed,90.60000000000001,Low
49,Female,8.7,11.6,65,1.2,3.0,4,Neutral,72.8,Medium
20,Male,6.3,4.7,88,3.0,11.8,7,Happy,81.79999999999998,Low
19,Male,7.7,7.0,39,4.4,9.5,7,Happy,83.8,Low
50,Male,7.2,9.9,87,2.8,3.6,3,Stressed,78.80000000000001,Low
59,Male,6.4,5.1,4,3.1,3.2,4,Neutral,60.49999999999999,Medium
36,Male,4.2,6.1,15,2.9,2.9,1,Happy,49.099999999999994,High
34,Male,7.7,8.5,116,2.6,9.3,8,Neutral,82.80000000000001,Low
50,Female,5.8,10.5,14,1.4,4.4,4,Sad,39.599999999999994,High
29,Female,5.1,5.6,114,1.5,2.7,5,Sad,55.49999999999999,Medium
20,Female,8.7,6.9,76,1.7,6.2,5,Stressed,89.30000000000001,Low
43,Female,7.9,11.7,74,4.2,9.1,1,Sad,100.0,Low
52,Male,8.8,1.5,79,2.1,5.0,1,Sad,100.0,Low
25,Male,5.3,5.9,17,4.8,6.8,7,Neutral,54.20000000000001,Medium
53,Male,8.2,8.0,88,4.2,3.9,1,Sad,100.0,Low
24,Female,7.0,1.1,46,3.7,6.3,9,Stressed,72.1,Medium
53,Female,8.9,7.6,101,3.9,5.6,6,Sad,100.0,Low
33,Male,8.7,1.6,103,1.2,6.3,1,Happy,100.0,Low
41,Male,8.9,10.4,3,3.3,6.7,1,Stressed,94.7,Low
18,Female,8.8,9.9,52,4.8,2.9,5,Stressed,88.4,Low
42,Female,4.0,1.4,57,1.2,2.9,3,Stressed,48.4,High
27,Female,7.7,1.5,111,2.2,4.6,8,Sad,84.4,Low
33,Female,5.4,9.3,84,1.2,3.2,8,Sad,32.599999999999994,High
33,Male,7.5,5.1,74,3.3,4.5,10,Stressed,65.1,Medium
25,Female,8.9,7.3,57,1.5,2.2,8,Neutral,65.70000000000002,Medium
46,Female,4.2,4.0,115,2.9,5.5,6,Stressed,58.5,Medium
56,Male,6.8,2.9,58,3.9,4.1,5,Happy,81.5,Low
45,Male,7.7,4.3,33,1.7,10.9,5,Happy,85.3,Low
23,Male,5.3,3.7,29,4.0,10.6,6,Happy,68.6,Medium
33,Female,5.1,5.9,53,1.2,5.0,6,Happy,41.8,High
37,Female,4.3,9.2,67,1.6,6.8,10,Stressed,19.60000000000001,High
33,Female,4.5,7.1,77,2.1,11.6,9,Stressed,43.900000000000006,High
24,Female,7.3,7.7,74,4.2,7.2,7,Stressed,79.8,Low
58,Male,6.5,6.2,67,4.4,10.5,6,Stressed,85.0,Low
31,Male,4.2,4.6,25,1.9,10.3,10,Stressed,27.9,High
43,Female,8.8,2.6,2,1.4,11.4,7,Neutral,85.0,Low
43,Female,7.3,4.9,119,4.4,5.1,3,Neutral,100.0,Low
31,Female,6.6,8.3,117,3.6,2.4,2,Neutral,87.60000000000001,Low
24,Male,5.4,9.1,56,1.6,3.0,10,Stressed,21.0,High
50,Female,7.3,6.2,36,3.2,7.7,7,Sad,71.2,Medium
43,Male,5.8,8.1,37,4.5,7.3,3,Stressed,74.3,Medium
37,Female,7.5,3.3,40,1.3,5.0,4,Happy,76.9,Low
20,Male,7.4,10.5,3,1.3,4.5,2,Stressed,61.099999999999994,Medium
21,Male,4.5,10.5,25,2.1,9.1,5,Happy,37.7,High
43,Female,8.5,4.5,38,3.6,5.4,5,Neutral,92.39999999999999,Low
28,Male,6.4,7.0,108,1.7,8.0,10,Happy,56.099999999999994,Medium
19,Male,6.0,7.7,105,4.3,9.1,10,Stressed,65.3,Medium
31,Female,8.8,6.2,107,4.0,6.3,1,Sad,100.0,Low
47,Male,6.2,11.0,41,3.2,3.9,4,Happy,56.0,Medium
29,Female,7.6,9.1,10,1.5,10.6,3,Sad,76.5,Low
43,Male,7.3,8.4,10,5.0,2.9,7,Stressed,61.0,Medium
50,Male,4.8,6.7,53,3.0,10.3,5,Stressed,60.8,Medium
30,Male,9.0,1.9,101,2.8,10.4,6,Happy,100.0,Low
31,Male,6.3,2.2,37,5.0,7.7,2,Happy,98.4,Low
41,Female,6.0,4.3,19,4.5,8.3,1,Neutral,90.30000000000001,Low
51,Female,8.6,3.3,25,2.8,5.6,3,Sad,97.60000000000001,Low
43,Female,6.6,11.5,101,2.7,10.4,10,Happy,57.5,Medium
38,Male,7.5,5.5,75,1.4,4.6,3,Stressed,83.2,Low
45,Male,8.2,10.6,118,4.7,7.6,10,Happy,83.1,Low
53,Female,5.2,10.0,92,4.4,2.0,7,Stressed,48.400000000000006,High
57,Female,4.8,9.9,13,2.2,11.4,7,Neutral,36.599999999999994,High
19,Female,4.3,3.4,49,4.0,11.5,10,Sad,49.0,High
59,Female,8.5,5.9,24,4.1,9.1,6,Sad,92.7,Low
26,Male,5.0,4.5,54,1.9,6.2,4,Neutral,57.699999999999996,Medium
40,Female,5.5,11.7,50,3.5,3.8,8,Happy,34.7,High
32,Male,5.4,10.6,105,2.0,6.9,10,Sad,37.599999999999994,High
30,Female,5.5,3.7,105,4.2,9.9,2,Neutral,100.0,Low
40,Male,7.3,4.4,102,1.6,8.1,7,Neutral,80.80000000000001,Low
34,Female,8.8,6.8,89,3.7,7.3,1,Neutral,100.0,Low
19,Female,5.6,4.1,9,2.3,10.5,8,Neutral,50.099999999999994,Medium
37,Male,6.0,10.1,13,1.1,5.1,5,Neutral,38.099999999999994,High
37,Male,7.9,10.0,4,1.5,10.6,6,Stressed,64.5,Medium
20,Female,6.2,9.0,56,3.6,6.4,6,Happy,62.0,Medium
29,Male,8.6,8.6,21,2.0,2.0,1,Sad,83.0,Low
57,Female,6.5,7.0,74,3.5,9.3,7,Neutral,73.9,Medium
19,Male,5.7,4.8,28,2.7,10.8,3,Stressed,76.1,Low
53,Female,8.9,10.2,6,3.8,6.8,2,Happy,94.4,Low
31,Female,6.1,10.4,115,3.0,6.5,7,Happy,63.2,Medium
33,Female,5.2,1.5,17,2.2,10.1,10,Stressed,43.60000000000001,High
36,Female,4.9,5.4,30,1.6,10.8,9,Neutral,37.800000000000004,High
51,Female,9.0,1.3,42,2.4,11.7,4,Sad,100.0,Low
23,Female,7.8,10.2,83,3.5,5.5,7,Neutral,74.69999999999999,Medium
30,Female,6.0,2.9,120,4.0,7.9,5,Stressed,94.0,Low
53,Female,8.1,8.4,34,1.6,10.2,10,Neutral,59.4,Medium
39,Male,6.7,4.9,70,3.7,7.3,10,Sad,64.3,Medium
35,Male,5.6,10.0,93,1.7,6.6,7,Stressed,48.3,High
29,Male,7.7,6.6,3,1.9,7.7,1,Neutral,85.3,Low
47,Female,7.7,4.6,50,3.1,5.6,10,Happy,64.5,Medium
57,Female,6.5,4.6,93,2.2,3.9,9,Stressed,57.19999999999999,Medium
24,Female,4.2,4.6,29,3.6,2.7,6,Happy,37.99999999999999,High
49,Male,4.4,9.7,93,4.8,8.1,8,Sad,51.39999999999999,Medium
36,Male,7.9,8.8,52,1.6,5.8,9,Sad,55.40000000000001,Medium
23,Male,8.1,4.5,81,3.3,10.8,1,Neutral,100.0,Low
37,Male,7.4,6.4,106,4.7,4.2,5,Happy,94.30000000000001,Low
44,Male,8.2,1.8,109,1.7,5.1,7,Happy,90.9,Low
54,Female,7.6,10.1,73,2.5,11.7,8,Neutral,74.29999999999998,Medium
24,Male,8.5,3.9,13,1.5,7.6,3,Sad,90.5,Low
22,Female,4.8,10.8,35,3.6,5.5,8,Happy,30.4,High
28,Female,5.9,7.6,86,3.7,10.6,5,Happy,80.7,Low
32,Female,6.3,7.2,11,3.7,9.4,1,Neutral,84.1,Low
20,Male,5.5,2.8,75,3.2,7.7,4,Sad,79.80000000000001,Low
22,Male,7.6,1.8,33,4.0,10.9,2,Neutral,100.0,Low
40,Female,8.6,7.1,25,1.1,2.9,5,Happy,68.1,Medium
54,Male,6.1,6.1,5,4.8,5.9,4,Neutral,69.6,Medium
26,Male,8.7,2.3,100,1.9,10.1,2,Neutral,100.0,Low
32,Female,6.6,10.2,114,1.5,5.9,7,Sad,59.7,Medium
20,Female,6.6,5.6,52,4.8,11.3,2,Neutral,100.0,Low
46,Female,7.0,3.9,14,4.3,3.5,2,Stressed,85.5,Low
23,Female,5.3,9.7,105,4.1,5.4,4,Stressed,69.89999999999999,Medium
34,Female,5.9,11.0,102,1.4,6.3,5,Stressed,57.00000000000001,Medium
43,Male,6.8,4.4,18,4.2,8.9,10,Happy,61.599999999999994,Medium
38,Female,8.7,9.5,103,3.4,4.0,3,Happy,100.0,Low
25,Male,7.2,8.2,46,3.9,2.1,9,Sad,52.500000000000014,Medium
38,Male,5.7,11.9,86,4.9,11.8,10,Neutral,58.50000000000001,Medium
28,Female,4.1,3.2,99,1.8,11.0,6,Sad,61.4,Medium
55,Female,8.9,11.6,76,3.0,5.0,8,Neutral,74.0,Medium
25,Male,6.5,4.5,94,4.0,6.8,5,Sad,88.39999999999999,Low
59,Female,8.7,5.5,60,2.7,6.9,8,Neutral,83.3,Low
41,Male,6.7,4.9,100,1.2,10.7,10,Stressed,64.6,Medium
52,Female,7.0,4.0,89,1.4,8.0,6,Sad,78.8,Low
31,Female,7.6,8.6,106,3.4,10.3,7,Neutral,89.6,Low
31,Male,5.6,7.5,111,2.1,11.1,2,Stressed,87.9,Low
27,Male,7.5,4.4,51,1.6,7.7,6,Happy,75.80000000000001,Low
29,Female,6.6,2.5,17,2.4,4.9,5,Neutral,66.2,Medium
55,Female,7.4,4.5,59,1.8,7.0,8,Neutral,67.8,Medium
51,Female,8.2,5.2,46,1.1,10.5,5,Neutral,87.3,Low
58,Male,4.9,5.2,56,1.6,7.8,7,Sad,45.400000000000006,High
27,Female,7.1,4.9,32,4.5,11.0,4,Happy,96.10000000000001,Low
34,Female,4.3,1.5,103,1.0,11.0,2,Sad,79.6,Low
34,Female,4.5,6.1,31,4.1,5.7,3,Happy,58.9,Medium
20,Female,7.4,10.2,3,4.0,6.5,10,Sad,47.19999999999999,High
48,Male,4.4,3.0,40,3.3,8.8,4,Neutral,64.1,Medium
18,Male,7.0,2.6,18,1.8,3.1,3,Neutral,71.6,Medium
29,Male,5.1,6.2,6,4.5,6.7,7,Sad,47.7,High
56,Female,5.5,5.1,110,2.9,3.5,5,Neutral,68.3,Medium
21,Female,4.6,7.2,98,1.7,10.5,3,Sad,68.69999999999999,Medium
59,Female,5.2,11.4,25,2.7,11.4,3,Sad,58.5,Medium
30,Male,8.1,9.4,107,1.8,3.4,9,Happy,63.400000000000006,Medium
51,Male,7.2,8.6,86,2.5,8.7,9,Neutral,65.9,Medium
59,Male,8.7,5.6,97,3.0,8.4,5,Neutral,100.0,Low
38,Male,4.2,4.2,50,2.4,9.6,2,Neutral,66.8,Medium
39,Female,8.0,6.9,55,3.6,9.0,10,Sad,73.2,Medium
21,Male,7.5,10.7,70,4.7,4.2,5,Happy,79.5,Low
35,Male,5.3,10.6,74,2.4,4.9,4,Neutral,52.39999999999999,Medium
22,Female,7.6,5.9,50,2.4,3.7,6,Stressed,69.60000000000001,Medium
36,Male,7.6,3.7,7,4.0,11.2,10,Sad,72.4,Medium
19,Female,6.3,3.5,12,3.1,7.2,6,Neutral,64.30000000000001,Medium
29,Female,7.4,1.4,31,2.7,11.8,6,Happy,90.5,Low
34,Female,6.2,10.3,104,4.3,6.5,7,Sad,68.69999999999999,Medium
27,Female,5.7,3.9,33,4.6,7.5,2,Sad,85.8,Low
51,Female,6.3,4.9,17,3.4,9.9,4,Sad,77.4,Low
23,Male,8.5,9.9,78,1.7,10.0,9,Sad,73.3,Medium
25,Male,5.9,2.3,54,2.9,4.3,5,Stressed,68.3,Medium
28,Female,6.0,6.1,42,3.0,4.9,1,Happy,77.0,Low
29,Male,7.0,2.3,23,2.7,3.0,6,Sad,65.5,Medium
26,Female,7.8,5.9,110,2.0,10.1,5,Sad,98.4,Low
19,Male,7.7,1.5,20,2.9,9.9,2,Sad,100.0,Low
25,Male,4.1,6.7,17,2.8,2.8,3,Happy,38.6,High
28,Male,7.4,9.8,13,1.8,4.6,3,Neutral,63.2,Medium
53,Male,6.3,8.4,52,4.6,6.5,7,Stressed,64.60000000000001,Medium
27,Male,6.6,6.6,18,4.5,7.4,5,Stressed,73.69999999999999,Medium
38,Male,6.8,10.1,76,4.0,7.2,9,Stressed,61.4,Medium
37,Male,7.7,3.5,56,2.6,11.8,1,Neutral,100.0,Low
25,Female,8.2,10.1,63,2.5,9.6,3,Happy,94.1,Low
53,Female,7.2,4.0,79,3.9,3.1,10,Happy,65.5,Medium
46,Female,6.8,5.0,1,3.4,4.9,8,Stressed,53.0,Medium
59,Male,5.9,2.4,56,3.4,5.5,3,Stressed,81.4,Low
29,Male,4.7,2.1,33,1.5,5.2,3,Sad,55.3,Medium
31,Female,8.8,11.3,48,3.5,9.9,8,Happy,80.3,Low
38,Female,6.3,3.1,89,4.6,5.6,10,Neutral,68.8,Medium
39,Male,6.8,4.7,53,1.3,6.9,3,Neutral,77.49999999999999,Low
38,Female,7.8,6.8,21,2.4,7.3,2,Neutral,87.2,Low
47,Female,4.3,4.8,83,3.0,4.7,3,Happy,62.4,Medium
56,Female,8.3,10.6,92,3.7,5.2,2,Stressed,100.0,Low
37,Female,8.0,10.9,81,1.4,9.8,8,Stressed,69.0,Medium
41,Male,7.9,4.6,92,4.5,10.7,5,Happy,100.0,Low
40,Female,4.1,2.0,105,1.2,2.4,3,Stressed,56.8,Medium
24,Female,6.6,3.3,43,4.4,8.1,8,Sad,74.2,Medium
26,Female,4.3,6.2,90,1.1,8.3,8,Sad,38.7,High
18,Female,6.8,4.2,34,1.6,9.4,4,Sad,77.19999999999999,Low
43,Male,7.6,6.0,28,4.2,8.9,9,Sad,72.39999999999999,Medium
55,Female,4.6,9.3,5,4.4,10.8,1,Sad,68.0,Medium
55,Female,7.5,5.6,115,4.9,2.8,7,Happy,88.89999999999999,Low
39,Female,6.2,3.2,36,1.5,5.9,5,Neutral,62.099999999999994,Medium
27,Female,8.1,4.9,88,3.1,9.8,7,Stressed,95.9,Low
23,Female,6.7,9.2,84,1.3,10.5,10,Sad,52.900000000000006,Medium
34,Male,5.7,5.7,57,1.6,4.6,8,Sad,42.2,High
55,Female,5.7,3.7,63,1.7,7.9,3,Neutral,74.49999999999999,Medium
41,Female,8.5,5.7,30,1.3,3.8,3,Neutral,81.69999999999999,Low
27,Male,6.3,6.0,103,4.6,10.5,1,Neutral,100.0,Low
25,Female,6.0,4.3,49,1.5,9.3,5,Neutral,67.30000000000001,Medium
38,Male,4.2,12.0,79,3.5,4.2,8,Happy,27.699999999999996,High
23,Female,5.8,9.4,59,3.5,8.2,1,Stressed,80.9,Low
38,Male,8.2,8.6,13,1.8,7.1,2,Neutral,82.6,Low
56,Male,7.8,10.4,69,5.0,4.6,2,Stressed,97.2,Low
41,Female,5.1,8.3,10,2.4,10.9,10,Sad,30.2,High
50,Male,6.1,9.7,26,4.6,3.5,2,Neutral,68.80000000000001,Medium
35,Female,5.0,5.5,101,4.8,6.7,5,Sad,76.60000000000001,Low
45,Male,8.8,6.5,68,4.8,7.8,10,Happy,88.19999999999999,Low
49,Male,7.0,1.5,78,4.0,10.2,7,Sad,95.0,Low
29,Female,7.8,4.1,37,2.0,3.5,3,Happy,82.2,Low
59,Male,7.6,5.0,61,1.5,8.1,1,Sad,97.9,Low
44,Female,8.4,7.9,52,3.3,2.1,9,Stressed,63.30000000000001,Medium
27,Male,8.7,6.1,79,2.4,10.2,9,Happy,87.0,Low
59,Male,4.2,7.7,17,4.3,4.3,4,Neutral,44.10000000000001,High
49,Female,8.9,8.8,116,4.0,9.2,5,Happy,100.0,Low
59,Female,8.4,1.5,96,2.1,8.0,4,Neutral,100.0,Low
43,Male,5.9,3.8,98,1.1,2.5,8,Happy,49.5,High
42,Female,8.2,2.9,118,1.9,3.8,1,Neutral,100.0,Low
28,Female,7.7,3.1,51,3.3,4.7,4,Happy,90.9,Low
40,Male,8.0,6.5,23,1.3,10.9,4,Sad,83.89999999999999,Low
51,Male,5.1,9.1,98,3.6,6.8,3,Sad,71.99999999999999,Medium
57,Female,7.2,4.0,6,3.7,11.1,4,Sad,89.9,Low
40,Male,4.1,10.1,13,1.7,2.5,7,Neutral,8.900000000000002,High
46,Female,8.2,10.8,49,3.4,2.1,5,Sad,71.39999999999999,Medium
48,Female,8.8,4.9,93,3.4,11.5,3,Stressed,100.0,Low
24,Female,7.3,8.5,23,2.9,9.2,6,Stressed,69.5,Medium
57,Female,6.6,2.3,78,4.8,9.8,10,Sad,80.6,Low
50,Female,7.6,9.2,12,1.4,11.2,9,Happy,53.4,Medium
38,Female,5.6,2.8,18,2.6,11.8,3,Sad,78.6,Low
19,Male,7.1,8.6,28,4.5,3.0,2,Neutral,79.89999999999999,Low
35,Female,7.6,5.6,21,2.5,3.6,9,Neutral,52.7,Medium
50,Male,4.7,11.2,1,2.7,3.9,5,Stressed,26.100000000000005,High
54,Female,4.7,6.1,102,3.7,10.2,10,Happy,54.1,Medium
51,Male,7.6,1.3,76,3.7,5.6,5,Neutral,98.30000000000001,Low
37,Male,6.2,6.3,35,1.1,7.9,7,Neutral,49.7,High
52,Male,8.4,9.8,37,2.8,10.6,2,Stressed,99.00000000000001,Low
35,Female,5.6,8.1,17,2.3,8.8,10,Happy,32.300000000000004,High
41,Male,4.2,11.6,50,3.5,2.7,5,Stressed,31.699999999999996,High
25,Male,7.2,10.3,14,3.2,6.5,8,Sad,51.19999999999999,Medium
47,Female,7.4,6.8,98,3.6,2.7,8,Happy,71.4,Medium
27,Male,6.8,3.3,51,3.6,6.8,10,Happy,63.20000000000001,Medium
40,Male,7.4,1.0,16,2.0,4.2,7,Sad,65.60000000000001,Medium
28,Female,6.6,11.8,111,2.0,2.0,5,Happy,58.599999999999994,Medium
19,Male,7.5,11.3,76,2.5,10.1,4,Stressed,84.3,Low
43,Male,4.2,4.0,21,2.0,11.7,2,Stressed,63.6,Medium
53,Female,5.8,8.0,53,3.7,11.6,2,Neutral,86.3,Low
50,Male,5.1,9.0,51,3.4,5.0,3,Stressed,58.2,Medium
30,Male,4.5,7.4,103,1.9,10.3,3,Stressed,68.9,Medium
57,Male,5.2,10.3,84,4.5,8.8,7,Happy,60.29999999999999,Medium
42,Male,5.0,1.9,89,2.8,10.0,6,Stressed,74.0,Medium
21,Female,8.9,10.9,45,1.5,10.5,1,Stressed,100.0,Low
59,Female,5.4,5.3,3,1.9,11.8,6,Sad,53.099999999999994,Medium
36,Female,5.2,6.3,6,3.2,3.5,5,Sad,43.6,High
35,Female,8.2,5.9,9,2.4,9.7,6,Happy,79.4,Low
54,Male,6.1,6.8,14,4.4,9.3,8,Sad,58.800000000000004,Medium
47,Female,6.1,7.6,25,3.0,4.9,1,Stressed,71.6,Medium
36,Female,6.2,8.8,79,4.7,5.9,6,Happy,71.49999999999999,Medium
40,Male,6.1,6.8,39,1.4,3.8,4,Stressed,53.8,Medium
33,Male,5.6,8.5,97,3.7,11.1,9,Neutral,63.10000000000001,Medium
18,Male,5.4,4.7,60,4.5,10.8,10,Neutral,60.699999999999996,Medium
29,Female,8.4,11.3,80,2.2,8.1,8,Sad,72.60000000000001,Medium
41,Male,4.8,1.7,101,1.5,7.1,7,Stressed,58.5,Medium
51,Male,4.9,7.0,15,2.8,4.3,3,Sad,48.6,High
25,Male,6.9,2.0,97,4.8,9.9,9,Happy,92.2,Low
35,Female,5.7,5.9,119,3.5,2.1,3,Stressed,78.7,Low
22,Female,6.1,3.8,92,3.6,6.6,6,Neutral,79.00000000000001,Low
43,Female,8.0,11.3,116,3.7,10.6,2,Sad,100.0,Low
47,Female,8.5,1.1,17,1.2,8.2,8,Stressed,76.6,Low
30,Female,8.0,5.3,74,2.8,8.4,1,Stressed,100.0,Low
36,Female,5.2,9.6,75,1.3,2.7,1,Neutral,55.699999999999996,Medium
46,Female,8.9,3.1,100,2.3,4.9,8,Happy,92.1,Low
20,Male,5.8,10.0,1,4.3,8.7,9,Neutral,41.1,High
43,Male,4.8,10.5,53,3.6,2.5,10,Happy,20.599999999999994,High
57,Male,6.5,8.8,119,5.0,5.3,9,Sad,70.79999999999998,Medium
29,Female,7.6,3.3,17,1.7,5.5,8,Sad,60.30000000000001,Medium
19,Female,4.4,4.0,53,2.6,7.0,10,Sad,33.599999999999994,High
28,Male,7.2,2.8,37,4.2,5.6,8,Sad,74.00000000000001,Medium
45,Male,8.3,3.0,96,1.9,6.5,4,Happy,100.0,Low
35,Female,5.3,1.4,72,1.6,7.5,8,Happy,55.60000000000001,Medium
30,Female,7.5,10.4,14,2.7,3.3,7,Sad,49.1,High
54,Female,6.0,6.8,63,2.5,3.8,9,Sad,43.1,High
39,Female,6.1,4.6,91,4.9,10.3,10,Stressed,75.1,Low
29,Female,5.4,4.2,7,2.8,6.6,8,Stressed,42.2,High
19,Female,7.1,7.0,45,4.4,5.6,10,Neutral,59.2,Medium
54,Female,5.8,4.6,99,4.6,6.3,2,Happy,96.19999999999999,Low
24,Female,8.2,10.5,38,1.6,3.7,8,Neutral,51.99999999999999,Medium
43,Male,8.8,3.3,51,3.9,4.4,8,Happy,87.9,Low
43,Female,8.7,10.7,7,2.1,7.2,10,Happy,51.9,Medium
41,Female,4.8,8.3,105,1.4,5.6,10,Sad,30.599999999999998,High
29,Female,4.1,11.5,49,4.5,6.8,9,Sad,27.9,High
33,Male,6.2,1.2,49,2.2,3.5,3,Neutral,75.39999999999999,Low
40,Male,7.6,1.7,82,2.4,3.6,8,Sad,76.2,Low
57,Female,8.9,6.5,67,2.3,5.8,8,Sad,80.5,Low
26,Male,7.9,11.0,26,1.8,5.8,10,Sad,42.800000000000004,High
49,Male,6.9,9.0,76,2.7,10.8,4,Stressed,85.30000000000001,Low
32,Male,4.1,7.8,37,2.7,2.3,5,Happy,30.9,High
54,Female,8.1,1.3,20,2.6,11.9,2,Sad,100.0,Low
30,Female,4.9,4.9,89,4.7,11.6,6,Sad,79.7,Low
22,Female,4.3,4.8,44,2.4,7.4,10,Happy,28.999999999999996,High
28,Female,8.3,7.0,57,1.1,9.2,9,Neutral,68.30000000000001,Medium
27,Female,6.8,3.8,22,1.7,11.4,3,Stressed,84.10000000000001,Low
30,Female,4.6,3.9,53,3.9,4.5,6,Stressed,53.3,Medium
58,Female,5.9,7.8,29,3.4,5.2,8,Stressed,44.6,High
32,Male,4.4,11.4,94,4.8,3.1,2,Stressed,62.2,Medium
59,Female,7.2,8.3,94,3.8,7.6,10,Sad,68.39999999999999,Medium
24,Female,5.4,8.3,15,1.8,3.6,1,Sad,52.6,Medium
57,Female,8.3,11.8,51,1.5,11.3,6,Happy,75.69999999999999,Low
45,Female,5.8,2.7,105,3.1,6.3,3,Stressed,89.69999999999999,Low
49,Female,6.5,1.4,40,3.7,11.2,2,Stressed,100.0,Low
52,Female,4.3,9.2,70,1.7,4.1,10,Sad,15.3,High
32,Female,5.4,5.8,80,3.4,8.9,8,Stressed,61.2,Medium
53,Female,7.4,5.7,23,4.5,8.5,9,Sad,70.69999999999999,Medium
38,Male,7.7,3.5,19,3.9,6.0,7,Happy,77.3,Low
23,Male,5.2,6.6,102,3.7,11.0,9,Neutral,63.7,Medium
18,Female,6.5,5.9,26,4.2,6.3,7,Happy,64.0,Medium
21,Female,8.1,4.8,1,1.4,4.0,3,Sad,74.60000000000001,Medium
28,Male,5.9,5.9,59,1.8,11.8,1,Neutral,87.6,Low
43,Female,4.7,5.2,50,1.2,6.4,1,Happy,61.400000000000006,Medium
54,Female,6.2,11.3,0,1.6,4.1,5,Sad,35.599999999999994,High
40,Male,7.0,11.8,97,4.7,5.6,9,Sad,64.50000000000001,Medium
46,Female,4.0,10.2,90,1.9,8.1,10,Neutral,23.3,High
38,Female,5.7,11.9,100,3.6,7.1,6,Neutral,61.400000000000006,Medium
44,Female,7.0,3.9,113,3.8,8.4,2,Stressed,100.0,Low
56,Male,8.8,10.3,5,3.6,8.6,6,Sad,79.60000000000001,Low
57,Male,6.0,5.5,37,3.2,3.2,4,Neutral,62.800000000000004,Medium
30,Female,4.8,9.2,53,2.9,5.1,9,Sad,28.899999999999995,High
40,Male,6.7,3.2,59,2.7,9.5,10,Neutral,64.89999999999999,Medium
33,Male,5.4,9.9,26,4.7,8.5,3,Happy,67.9,Medium
47,Male,5.1,1.9,111,1.0,2.9,7,Stressed,52.2,Medium
21,Female,7.0,4.0,79,1.2,5.2,10,Stressed,54.199999999999996,Medium
57,Male,8.6,10.0,61,3.0,11.3,8,Happy,83.80000000000001,Low
33,Male,8.2,9.2,62,2.3,10.6,2,Stressed,100.0,Low
48,Male,4.9,6.5,98,2.6,8.7,10,Neutral,45.99999999999999,High
59,Female,7.8,8.4,90,5.0,2.7,7,Neutral,81.60000000000001,Low
42,Male,5.1,3.0,34,4.1,8.1,5,Stressed,68.5,Medium
29,Male,5.5,8.3,57,4.5,2.1,1,Sad,72.50000000000001,Medium
43,Female,8.6,1.1,118,2.5,8.6,7,Sad,100.0,Low
54,Male,8.6,10.2,60,2.0,9.3,10,Sad,66.19999999999999,Medium
50,Male,4.8,6.7,35,4.1,7.0,8,Happy,44.1,High
45,Male,4.3,11.4,101,4.2,2.0,1,Happy,61.400000000000006,Medium
26,Female,5.5,6.3,91,3.2,8.7,4,Happy,78.0,Low
29,Female,6.9,5.8,55,4.6,10.2,4,Neutral,95.80000000000001,Low
22,Male,8.4,6.0,66,4.9,7.9,5,Stressed,100.0,Low
45,Male,4.6,5.0,56,2.9,9.1,5,Happy,59.900000000000006,Medium
52,Male,6.1,2.8,40,1.9,2.9,4,Neutral,62.7,Medium
22,Male,5.4,10.3,30,3.1,9.2,1,Neutral,69.3,Medium
51,Male,4.1,5.3,2,5.0,8.1,9,Neutral,36.0,High
51,Male,7.9,6.8,37,2.2,5.3,5,Happy,74.4,Medium
30,Female,8.1,1.2,52,3.5,8.9,1,Happy,100.0,Low
56,Male,5.1,1.7,51,3.8,8.5,3,Neutral,81.8,Low
59,Male,4.8,7.6,23,1.9,8.0,1,Happy,58.900000000000006,Medium
31,Male,4.7,10.7,25,3.4,3.8,7,Neutral,27.200000000000003,High
28,Female,6.3,6.4,104,2.3,5.0,10,Neutral,52.5,Medium
59,Male,5.2,2.8,110,4.4,11.9,10,Happy,74.2,Medium
55,Female,6.6,2.3,91,3.9,6.3,10,Neutral,71.7,Medium
21,Male,5.9,10.9,72,4.3,2.6,7,Happy,50.30000000000001,Medium
50,Male,5.1,8.7,36,1.8,11.0,6,Happy,47.800000000000004,High
24,Male,7.8,11.6,116,1.1,3.7,9,Stressed,54.9,Medium
58,Male,4.8,1.9,90,4.4,6.0,7,Neutral,68.2,Medium
25,Male,8.0,10.9,47,2.5,4.8,5,Sad,69.7,Medium
54,Male,6.8,10.3,66,1.7,11.6,7,Happy,64.3,Medium
27,Female,8.2,10.8,40,1.4,5.8,10,Neutral,47.00000000000001,High
32,Male,4.0,1.1,48,3.1,9.1,4,Sad,65.1,Medium
55,Male,7.7,9.2,27,1.6,8.0,10,Stressed,48.0,High
32,Male,4.3,7.0,31,3.3,2.4,9,Stressed,20.500000000000004,High
22,Female,8.8,7.3,98,3.9,5.8,6,Sad,100.0,Low
46,Male,7.5,6.2,70,3.1,5.9,4,Stressed,87.89999999999999,Low
36,Female,5.6,9.2,70,4.6,11.9,5,Sad,78.39999999999999,Low
27,Male,5.6,12.0,84,1.6,10.1,8,Stressed,45.0,High
29,Male,8.3,8.8,31,3.0,10.6,7,Stressed,79.8,Low
21,Female,8.5,8.5,37,1.7,5.1,6,Neutral,70.10000000000001,Medium
48,Female,8.5,8.2,19,4.5,5.3,2,Stressed,97.5,Low
35,Male,8.0,8.6,7,4.7,7.2,3,Neutral,90.10000000000001,Low
33,Female,8.1,4.8,67,2.6,8.3,1,Sad,100.0,Low
57,Female,6.9,4.5,25,2.2,9.3,3,Stressed,82.6,Low
53,Male,4.1,9.6,78,2.1,10.2,2,Neutral,60.29999999999999,Medium
42,Male,4.4,1.6,69,4.4,10.7,10,Happy,57.99999999999999,Medium
40,Male,7.2,9.4,47,3.7,2.2,6,Sad,61.50000000000001,Medium
29,Female,6.0,10.0,95,4.5,10.0,4,Stressed,85.5,Low
51,Male,6.8,6.7,68,1.5,8.1,10,Sad,51.89999999999999,Medium
53,Male,5.2,11.0,107,2.9,7.3,3,Stressed,68.5,Medium
54,Female,7.2,6.2,45,3.7,8.3,8,Sad,71.69999999999999,Medium
20,Female,5.2,3.0,57,4.6,10.8,5,Sad,82.0,Low
26,Male,6.3,5.0,69,2.5,7.5,4,Neutral,78.3,Low
35,Female,6.4,11.0,66,2.3,3.6,6,Sad,49.900000000000006,High
52,Female,4.9,11.9,28,4.7,6.4,4,Sad,51.099999999999994,Medium
51,Female,8.4,5.6,82,1.2,11.2,10,Stressed,77.6,Low
58,Male,6.6,2.8,9,2.9,10.1,10,Sad,56.900000000000006,Medium
31,Male,8.3,4.1,70,2.8,4.0,5,Sad,90.8,Low
21,Male,5.3,7.1,108,1.6,9.1,4,Happy,70.6,Medium
46,Female,4.9,7.3,64,2.6,4.6,9,Sad,33.39999999999999,High
58,Male,4.1,7.9,64,3.9,5.5,2,Neutral,60.5,Medium
32,Male,4.5,10.2,16,2.5,6.7,1,Happy,49.7,High
45,Female,4.7,8.8,21,2.2,6.4,7,Stressed,29.400000000000002,High
59,Female,4.4,3.9,99,4.1,2.3,9,Happy,45.1,High
33,Male,8.5,5.3,13,5.0,9.7,9,Sad,85.4,Low
29,Female,8.6,10.2,5,4.1,10.5,4,Stressed,92.1,Low
22,Male,8.7,8.0,29,4.4,7.3,4,Neutral,97.39999999999999,Low
51,Male,8.8,2.8,109,4.8,3.7,1,Happy,100.0,Low
59,Male,6.5,4.6,46,4.2,4.5,1,Stressed,91.0,Low
18,Female,6.7,9.7,96,4.9,3.3,1,Happy,93.9,Low
56,Female,4.7,2.9,19,4.0,3.7,6,Stressed,48.4,High
49,Male,4.7,8.6,15,3.6,10.8,6,Neutral,48.4,High
43,Male,7.9,7.2,67,3.8,6.8,5,Happy,90.6,Low
34,Male,8.3,2.6,33,4.6,3.1,10,Sad,73.6,Medium
44,Male,7.9,8.6,0,3.7,4.5,10,Stressed,49.3,High
41,Female,8.2,2.6,76,4.0,11.5,2,Happy,100.0,Low
52,Male,5.4,5.4,47,1.9,7.1,6,Stressed,52.30000000000001,Medium
59,Male,6.3,4.4,7,4.7,7.2,1,Sad,89.50000000000001,Low
56,Female,6.3,8.6,21,2.8,7.3,3,Stressed,66.6,Medium
43,Male,9.0,9.6,67,1.6,3.1,5,Neutral,78.4,Low
55,Male,8.7,2.9,33,4.2,11.7,10,Stressed,92.19999999999999,Low
40,Male,7.0,9.9,59,2.4,2.8,5,Stressed,59.6,Medium
39,Male,4.7,1.1,44,1.7,9.0,7,Neutral,52.099999999999994,Medium
21,Male,5.3,6.8,36,2.0,2.6,5,Stressed,41.800000000000004,High
26,Female,5.8,6.7,120,1.1,6.4,10,Stressed,46.89999999999999,High
21,Female,8.4,7.9,22,1.4,11.0,6,Stressed,77.60000000000001,Low
24,Female,4.9,3.6,83,3.4,9.7,7,Happy,66.79999999999998,Medium
40,Female,5.1,1.1,116,4.5,5.3,2,Neutral,97.1,Low
19,Male,5.7,6.0,23,2.8,7.5,3,Sad,66.6,Medium
41,Female,8.6,1.8,90,3.5,3.7,3,Sad,100.0,Low
57,Female,6.5,10.8,12,4.2,11.6,1,Sad,86.00000000000001,Low
48,Female,7.2,2.9,68,2.4,9.1,9,Happy,74.0,Medium
48,Female,5.9,5.7,79,3.6,5.7,10,Stressed,52.79999999999999,Medium
57,Female,4.9,5.8,59,2.4,5.2,9,Stressed,35.599999999999994,High
51,Female,5.1,7.1,37,3.6,4.4,9,Sad,35.0,High
41,Female,8.0,9.6,47,1.9,9.9,9,Sad,63.5,Medium
43,Female,8.5,6.2,92,4.9,6.3,8,Neutral,96.1,Low
33,Male,6.5,1.3,25,1.3,5.3,5,Happy,64.5,Medium
30,Female,5.8,9.5,85,3.0,11.1,9,Stressed,57.2,Medium
32,Male,8.0,1.9,87,2.1,3.5,7,Neutral,83.10000000000001,Low
44,Female,7.4,8.1,76,3.4,4.6,2,Sad,91.2,Low
21,Female,4.2,9.8,106,2.7,5.4,7,Sad,39.900000000000006,High
33,Female,5.8,4.1,84,2.2,4.6,4,Neutral,70.8,Medium
47,Male,7.4,5.9,0,2.0,7.9,7,Stressed,60.0,Medium
47,Male,6.9,1.2,3,1.7,8.0,7,Stressed,63.69999999999999,Medium
53,Female,8.9,9.8,66,4.1,2.5,3,Neutral,96.1,Low
20,Male,8.3,8.7,113,1.9,3.4,3,Stressed,92.49999999999999,Low
39,Female,4.3,3.5,86,4.1,4.0,10,Neutral,41.7,High
39,Male,7.6,5.3,79,2.9,2.7,10,Sad,61.1,Medium
29,Male,5.7,8.6,108,1.3,3.2,6,Stressed,50.29999999999999,Medium
38,Male,7.4,4.9,12,1.7,4.4,2,Neutral,75.9,Low
21,Female,7.1,2.8,38,4.6,5.5,8,Stressed,75.0,Low
48,Male,6.5,6.7,30,3.4,9.9,8,Happy,62.39999999999999,Medium
48,Male,8.3,9.0,23,1.7,4.2,4,Stressed,70.5,Medium
40,Female,7.5,4.5,110,3.8,8.7,2,Happy,100.0,Low
37,Male,8.4,2.3,78,4.3,2.6,9,Neutral,85.7,Low
32,Female,5.4,10.1,4,2.3,8.6,9,Happy,27.299999999999994,High
40,Female,5.7,3.8,48,3.2,9.9,2,Happy,86.8,Low
45,Male,7.1,6.6,85,2.2,8.0,10,Happy,61.8,Medium
33,Female,8.8,8.6,85,1.3,4.0,4,Neutral,86.3,Low
54,Male,5.9,4.5,10,2.6,5.3,1,Stressed,71.6,Medium
38,Male,4.2,8.1,23,4.0,10.1,6,Happy,46.599999999999994,High
32,Female,6.2,6.1,44,2.8,6.3,1,Happy,81.19999999999999,Low
34,Male,6.7,7.3,73,2.6,4.6,7,Sad,61.2,Medium
54,Male,8.0,7.5,110,2.5,11.3,9,Neutral,86.1,Low
30,Female,7.6,10.1,33,2.8,8.4,9,Sad,57.19999999999999,Medium
36,Female,8.8,8.2,10,2.3,10.1,2,Sad,97.3,Low
47,Male,7.9,3.9,56,3.4,2.2,8,Neutral,71.80000000000001,Medium
35,Female,5.5,1.7,106,1.3,5.4,3,Stressed,78.1,Low
31,Female,7.2,1.0,28,4.2,6.6,5,Stressed,89.8,Low
53,Female,7.4,10.9,21,1.7,7.9,4,Stressed,64.7,Medium
53,Female,9.0,11.4,32,3.5,3.9,6,Stressed,74.9,Medium
37,Male,4.7,2.0,120,2.8,7.0,7,Happy,67.0,Medium
36,Male,5.0,6.4,71,4.1,8.9,9,Sad,53.7,Medium
24,Female,4.8,2.7,48,4.3,5.5,10,Happy,44.69999999999999,High
21,Male,6.9,11.4,95,1.8,8.9,5,Happy,72.0,Medium
51,Female,4.7,3.7,103,3.7,5.9,2,Happy,82.49999999999999,Low
19,Female,7.3,6.5,108,1.8,6.7,4,Stressed,88.0,Low
22,Male,8.0,2.8,22,1.5,3.3,2,Neutral,84.9,Low
27,Male,6.2,4.7,68,4.7,8.5,1,Sad,100.0,Low
49,Male,6.8,3.9,94,1.7,4.2,2,Sad,87.9,Low
59,Male,8.6,6.2,28,1.9,10.3,7,Neutral,81.29999999999998,Low
58,Female,6.8,5.6,5,1.5,7.5,2,Happy,72.3,Medium
30,Female,5.0,4.6,51,2.9,7.6,4,Happy,64.7,Medium
56,Male,5.7,2.2,88,4.7,11.1,5,Happy,95.89999999999999,Low
22,Female,6.6,6.3,88,2.1,3.7,3,Stressed,76.9,Low
27,Male,4.8,10.4,94,3.2,7.3,4,Neutral,60.6,Medium
27,Male,7.1,9.0,13,2.6,5.8,10,Sad,40.199999999999996,High
55,Male,9.0,8.9,16,2.3,11.7,3,Stressed,98.30000000000001,Low
44,Female,7.3,5.0,79,3.3,9.9,8,Stressed,83.1,Low
38,Female,5.9,8.8,27,3.2,9.6,10,Sad,42.0,High
25,Male,5.7,6.1,8,2.4,4.0,8,Neutral,34.39999999999999,High
18,Male,8.7,2.7,114,4.4,4.4,3,Sad,100.0,Low
45,Male,8.4,5.6,65,1.2,2.3,9,Sad,60.4,Medium
56,Male,6.4,2.5,3,1.3,8.4,9,Neutral,46.89999999999999,High
31,Female,5.8,2.3,19,5.0,5.7,7,Sad,65.60000000000001,Medium
38,Female,7.6,1.3,40,4.0,5.1,1,Happy,100.0,Low
47,Male,5.6,4.1,35,4.2,8.4,10,Happy,52.599999999999994,Medium
38,Male,4.6,4.6,100,3.4,10.3,3,Neutral,82.4,Low
26,Female,5.6,8.7,5,2.7,3.3,8,Stressed,27.700000000000003,High
34,Male,6.2,6.9,115,3.5,11.2,6,Stressed,87.1,Low
22,Female,5.3,10.4,64,1.4,2.3,9,Stressed,20.6,High
48,Female,5.1,2.9,108,4.0,3.0,10,Happy,52.8,Medium
57,Male,4.0,3.9,49,3.2,10.4,9,Stressed,42.8,High
55,Female,7.2,11.4,63,4.8,6.9,1,Happy,95.6,Low
36,Female,7.1,5.9,2,3.5,11.4,6,Happy,75.9,Low
53,Female,4.9,9.7,115,1.6,6.6,3,Sad,61.8,Medium
50,Female,8.7,6.4,36,2.9,11.3,5,Sad,98.5,Low
30,Male,6.0,6.2,108,1.2,4.4,1,Stressed,79.99999999999999,Low
31,Female,4.1,2.6,105,4.0,8.2,7,Stressed,65.19999999999999,Medium
50,Female,5.1,10.4,2,3.0,11.9,6,Happy,45.400000000000006,High
46,Female,7.5,1.9,106,2.5,5.8,10,Stressed,76.5,Low
53,Male,5.0,4.4,32,4.9,2.0,5,Stressed,56.10000000000001,Medium
27,Male,4.3,8.4,58,4.8,2.6,2,Happy,59.0,Medium
48,Male,7.1,6.6,14,4.8,10.6,8,Neutral,73.8,Medium
23,Female,6.6,10.7,119,1.9,6.9,5,Stressed,71.7,Medium
18,Male,7.8,1.4,55,3.9,7.4,2,Happy,100.0,Low
24,Male,7.9,8.1,60,4.8,10.0,4,Stressed,100.0,Low
44,Male,8.8,6.3,67,3.3,10.1,10,Stressed,85.50000000000001,Low
38,Female,4.3,2.7,78,1.9,6.8,8,Neutral,44.3,High
45,Male,4.2,9.2,70,4.3,10.6,8,Happy,48.3,High
33,Male,8.9,5.5,110,4.5,6.7,3,Sad,100.0,Low
40,Male,7.2,6.8,67,3.8,8.8,10,Neutral,68.4,Medium
37,Female,7.6,11.6,61,2.2,2.3,8,Stressed,48.6,High
55,Female,4.5,6.3,66,1.8,3.4,10,Happy,21.400000000000002,High
42,Male,4.3,10.1,22,3.5,10.5,9,Neutral,29.700000000000003,High
45,Male,4.8,9.5,13,2.9,5.1,2,Happy,48.3,High
22,Male,6.1,8.3,5,3.7,5.3,6,Sad,50.5,Medium
38,Female,4.6,10.9,32,1.4,8.6,3,Neutral,42.8,High
35,Female,6.2,3.8,8,1.5,7.9,5,Neutral,59.3,Medium
23,Male,6.8,10.0,11,2.5,2.8,4,Sad,52.300000000000004,Medium
46,Female,4.0,5.2,113,2.0,9.7,8,Stressed,49.599999999999994,High
36,Male,4.6,9.9,98,3.5,8.2,7,Stressed,51.699999999999996,Medium
50,Female,5.9,6.4,116,2.5,10.6,7,Happy,75.10000000000001,Low
18,Male,4.3,10.4,94,3.7,7.4,1,Sad,70.3,Medium
20,Female,4.7,10.8,50,4.1,6.1,6,Sad,44.099999999999994,High
59,Male,5.2,7.6,2,1.7,5.7,2,Neutral,49.1,High
38,Female,6.1,6.6,55,4.7,2.0,8,Happy,54.3,Medium
52,Male,7.6,9.6,45,4.1,2.4,6,Stressed,67.1,Medium
58,Male,4.7,3.9,35,3.5,3.3,9,Neutral,34.300000000000004,High
57,Male,7.7,1.2,12,4.6,11.3,10,Neutral,82.6,Low
20,Male,8.3,5.5,12,2.1,10.8,1,Neutral,100.0,Low
42,Female,7.3,6.6,57,2.7,7.0,8,Neutral,66.7,Medium
55,Male,4.2,4.3,97,1.3,3.8,2,Stressed,58.900000000000006,Medium
37,Female,6.2,5.2,84,2.8,3.5,7,Sad,61.39999999999999,Medium
51,Female,7.3,2.5,33,3.0,4.6,3,Stressed,86.8,Low
38,Male,8.9,4.1,105,3.5,11.1,7,Happy,100.0,Low
40,Male,8.8,3.6,42,1.3,7.2,1,Stressed,100.0,Low
23,Male,6.0,4.3,27,1.1,10.0,10,Sad,42.300000000000004,High
30,Male,7.1,4.3,55,2.7,7.1,9,Stressed,65.10000000000001,Medium
40,Female,8.5,7.1,46,1.8,8.1,6,Stressed,81.2,Low
26,Female,8.2,3.8,34,4.0,8.1,7,Neutral,89.4,Low
34,Female,6.4,11.4,77,3.7,2.3,9,Neutral,43.70000000000001,High
19,Female,5.3,6.6,81,2.3,6.5,10,Neutral,40.5,High
36,Male,4.7,2.4,18,1.2,10.6,1,Sad,69.0,Medium
36,Female,6.4,4.1,82,1.7,6.9,8,Stressed,62.5,Medium
24,Male,7.6,9.0,96,3.8,6.4,7,Stressed,81.0,Low
59,Male,8.8,1.2,50,5.0,7.3,2,Sad,100.0,Low
59,Female,8.3,11.3,98,2.3,5.8,1,Happy,99.1,Low
37,Female,5.0,5.9,19,4.2,7.2,10,Happy,37.4,High
26,Female,7.6,6.7,28,4.5,3.4,1,Stressed,93.49999999999999,Low
34,Female,5.4,11.9,71,1.2,11.7,4,Neutral,57.800000000000004,Medium
44,Female,7.4,6.5,88,4.7,2.3,5,Sad,86.69999999999999,Low
19,Female,7.3,11.4,80,2.9,6.8,7,Sad,66.3,Medium
53,Male,5.4,11.1,64,4.9,4.1,8,Neutral,45.3,High
36,Male,5.2,11.4,37,3.2,2.6,2,Neutral,49.80000000000001,High
34,Male,4.5,9.9,48,1.9,8.5,9,Neutral,25.299999999999997,High
22,Female,4.3,4.3,116,4.9,11.9,7,Stressed,77.9,Low
56,Male,8.3,4.8,93,2.0,9.5,6,Neutral,97.0,Low
35,Male,4.2,5.0,27,4.5,4.5,8,Sad,36.900000000000006,High
24,Male,4.4,11.8,32,1.7,6.9,2,Neutral,41.099999999999994,High
34,Male,5.2,5.0,12,3.7,2.5,1,Happy,63.900000000000006,Medium
56,Male,8.4,2.2,87,2.6,7.3,5,Stressed,100.0,Low
53,Male,5.7,9.6,43,4.9,3.0,9,Neutral,40.89999999999999,High
57,Female,5.0,5.0,100,1.7,9.9,7,Neutral,60.3,Medium
21,Female,7.6,7.8,85,2.6,2.6,7,Stressed,67.60000000000001,Medium
55,Female,5.6,11.2,51,3.6,2.1,9,Neutral,30.000000000000004,High
42,Male,5.7,7.3,76,4.9,10.6,5,Happy,83.30000000000001,Low
22,Female,7.7,8.0,103,2.2,11.4,5,Sad,95.39999999999999,Low
47,Female,5.3,8.1,75,2.6,2.9,7,Happy,42.599999999999994,High
29,Male,8.5,7.7,120,2.8,4.8,6,Happy,93.19999999999999,Low
21,Female,6.8,2.8,40,2.0,9.4,10,Sad,59.2,Medium
41,Male,6.7,6.0,48,4.3,7.4,6,Happy,76.89999999999999,Low
46,Female,5.3,1.1,109,1.4,11.5,8,Sad,70.6,Medium
26,Male,8.2,7.9,6,3.8,5.9,4,Neutral,82.2,Low
21,Male,6.9,7.3,35,3.1,2.0,2,Stressed,72.9,Medium
41,Female,4.8,4.5,92,2.0,2.2,3,Sad,59.800000000000004,Medium
31,Male,5.0,6.8,92,3.0,7.6,10,Happy,45.000000000000014,High
22,Female,6.3,6.4,25,4.3,9.5,4,Neutral,79.7,Low
35,Male,7.9,3.8,26,2.8,9.9,5,Happy,90.4,Low
59,Female,8.7,4.2,23,1.5,11.1,2,Neutral,100.0,Low
36,Female,7.3,9.4,94,1.2,4.3,8,Happy,55.6,Medium
29,Male,6.5,9.3,70,4.1,9.4,5,Neutral,79.7,Low
35,Female,5.3,6.2,80,2.3,10.3,7,Neutral,60.699999999999996,Medium
34,Female,7.4,8.9,112,4.7,10.4,9,Happy,86.9,Low
47,Female,8.9,6.0,32,3.5,6.1,7,Happy,85.10000000000001,Low
41,Male,6.4,10.4,97,2.7,8.3,4,Neutral,76.70000000000002,Low
28,Male,4.8,4.7,17,3.3,7.5,3,Happy,61.50000000000001,Medium
52,Female,4.5,11.2,104,2.8,8.0,8,Happy,41.4,High
40,Female,5.3,7.0,4,4.6,4.8,9,Neutral,36.4,High
34,Male,6.8,6.9,0,2.8,8.8,5,Stressed,65.80000000000001,Medium
18,Male,8.7,8.4,70,1.4,9.1,6,Sad,85.4,Low
32,Female,5.5,4.7,97,3.4,4.0,10,Neutral,50.0,Medium
49,Male,5.5,9.0,2,3.5,6.4,10,Sad,27.700000000000006,High
26,Male,6.4,4.5,35,4.1,6.2,6,Stressed,70.9,Medium
32,Female,8.6,5.4,34,4.7,9.5,3,Happy,100.0,Low
45,Male,6.1,8.4,50,2.8,8.7,4,Sad,69.6,Medium
41,Male,5.1,5.2,120,2.4,6.8,9,Happy,54.199999999999996,Medium
52,Male,4.8,3.2,11,3.0,8.5,6,Neutral,51.800000000000004,Medium
39,Female,6.3,10.6,14,4.6,4.6,5,Neutral,56.8,Medium
44,Male,8.0,11.1,3,4.9,4.3,9,Stressed,55.49999999999999,Medium
36,Female,5.5,7.9,55,4.9,4.4,8,Neutral,51.5,Medium
29,Male,6.6,9.9,96,1.9,2.3,9,Happy,43.50000000000001,High
37,Male,7.0,11.9,15,3.0,8.9,9,Happy,46.0,High
18,Female,6.3,7.8,92,2.0,11.9,4,Stressed,83.60000000000001,Low
38,Female,5.0,11.0,5,2.5,5.1,8,Happy,19.7,High
18,Female,8.6,5.0,62,1.1,11.3,10,Neutral,76.5,Low
27,Female,6.8,8.7,112,1.6,8.1,9,Happy,61.2,Medium
49,Male,7.6,1.6,100,2.6,4.2,5,Stressed,94.2,Low
56,Female,7.2,9.7,22,2.5,2.1,4,Sad,57.7,Medium
39,Female,9.0,10.1,76,2.1,9.2,10,Neutral,73.9,Medium
35,Female,6.3,5.4,43,1.9,9.0,1,Stressed,84.3,Low
49,Male,6.1,8.0,0,4.0,4.3,3,Happy,61.6,Medium
44,Male,5.8,10.4,56,2.2,5.3,10,Happy,30.000000000000007,High
45,Female,5.8,10.7,75,3.8,11.0,2,Stressed,84.6,Low
35,Female,5.4,2.2,26,2.5,3.6,7,Sad,46.5,High
56,Female,8.9,10.1,24,4.2,10.4,4,Stressed,99.39999999999999,Low
46,Female,8.4,4.0,85,1.7,3.7,9,Neutral,72.9,Medium
35,Male,5.6,9.0,61,1.6,6.8,9,Stressed,35.800000000000004,High
25,Female,5.5,4.6,97,3.7,7.0,2,Stressed,89.7,Low
48,Male,4.5,1.6,17,4.7,6.7,3,Sad,70.10000000000001,Medium
51,Female,8.4,3.3,104,1.6,4.9,8,Happy,84.0,Low
24,Female,5.9,5.5,79,1.3,4.5,10,Happy,39.3,High
53,Male,6.9,9.2,92,4.7,9.3,3,Sad,99.1,Low
35,Female,8.5,2.1,29,1.5,4.8,4,Neutral,87.69999999999999,Low
55,Female,6.0,9.9,29,2.0,8.1,3,Stressed,60.2,Medium
26,Female,8.0,12.0,83,4.7,10.5,2,Stressed,100.0,Low
26,Female,6.2,9.7,46,4.2,10.4,1,Happy,89.60000000000001,Low
25,Male,7.5,6.2,21,2.4,3.7,3,Sad,74.2,Medium
52,Female,6.2,7.2,41,4.8,8.5,9,Neutral,60.8,Medium
35,Female,6.0,1.1,33,3.3,8.0,8,Happy,64.89999999999999,Medium
22,Male,9.0,3.3,62,1.3,4.8,9,Sad,75.9,Low
31,Female,7.1,10.9,3,3.8,5.9,10,Sad,40.599999999999994,High
45,Male,5.8,1.2,113,3.1,4.9,5,Neutral,83.49999999999999,Low
47,Female,5.3,11.0,30,3.3,7.4,5,Stressed,48.3,High
21,Female,4.2,2.2,50,5.0,10.0,8,Happy,60.599999999999994,Medium
56,Female,7.5,2.5,49,1.6,10.8,5,Neutral,89.4,Low
37,Male,5.9,2.9,13,3.6,9.2,4,Stressed,76.19999999999999,Low
42,Male,8.1,9.8,7,2.8,6.8,9,Neutral,54.40000000000001,Medium
45,Female,5.8,6.3,100,2.1,11.6,1,Stressed,95.10000000000001,Low
29,Male,5.9,2.6,68,3.8,7.6,6,Happy,77.6,Low
19,Female,7.9,8.6,7,3.7,6.8,7,Happy,67.3,Medium
31,Male,6.4,11.3,10,4.4,10.6,6,Neutral,62.60000000000001,Medium
39,Female,8.4,7.3,119,4.5,3.8,10,Neutral,83.30000000000001,Low
48,Male,7.0,2.1,28,3.2,3.6,8,Stressed,62.599999999999994,Medium
40,Female,5.2,1.6,54,2.3,9.8,8,Stressed,58.699999999999996,Medium
37,Male,6.8,9.8,84,3.1,10.7,5,Happy,82.1,Low
55,Male,4.0,7.9,38,2.4,2.7,4,Sad,33.199999999999996,High
21,Male,5.6,11.1,12,2.1,9.6,7,Sad,37.900000000000006,High
32,Male,5.0,7.0,63,3.2,6.2,9,Stressed,40.99999999999999,High
41,Female,7.3,1.7,48,3.6,9.0,2,Stressed,100.0,Low
42,Female,4.7,5.4,18,3.4,3.3,7,Happy,35.4,High
18,Male,5.5,8.2,66,4.8,11.7,6,Sad,75.20000000000002,Low
24,Female,5.7,5.2,97,2.2,10.8,3,Sad,86.6,Low
48,Male,4.0,12.0,101,2.5,6.1,2,Neutral,52.900000000000006,Medium
29,Female,4.2,5.5,82,3.7,10.9,1,Neutral,83.7,Low
59,Male,5.6,7.0,95,3.4,10.9,2,Neutral,91.8,Low
22,Female,5.1,3.5,110,1.0,6.6,5,Stressed,64.2,Medium
59,Female,4.6,2.7,99,2.2,11.5,1,Sad,90.39999999999999,Low
55,Male,4.8,8.1,114,2.0,11.8,8,Neutral,56.199999999999996,Medium
29,Male,8.2,7.5,102,4.4,4.2,4,Stressed,100.0,Low
56,Male,7.4,1.0,51,4.5,2.7,3,Sad,98.10000000000001,Low
35,Male,6.4,4.1,116,2.1,5.3,10,Sad,60.1,Medium
19,Male,8.5,8.1,77,1.4,6.9,2,Neutral,97.0,Low
27,Female,4.1,9.9,70,1.8,2.9,1,Happy,46.0,High
32,Male,5.7,4.4,19,1.7,3.4,8,Sad,35.3,High
47,Female,8.1,8.1,95,1.9,11.7,9,Sad,80.69999999999999,Low
34,Male,7.1,3.9,109,1.9,9.4,3,Happy,100.0,Low
21,Female,8.9,8.6,53,2.9,10.7,3,Neutral,100.0,Low
24,Female,8.7,8.7,120,2.3,11.7,9,Sad,92.5,Low
58,Male,4.8,2.4,94,3.2,5.8,7,Happy,61.6,Medium
48,Male,8.9,8.3,85,2.4,8.9,9,Happy,83.2,Low
56,Female,8.7,4.7,4,4.3,3.8,2,Happy,99.49999999999999,Low
51,Female,5.9,2.9,94,4.8,7.5,7,Neutral,83.0,Low
23,Male,8.9,6.5,78,2.6,4.1,8,Happy,80.8,Low
55,Female,4.2,6.0,107,1.2,3.6,4,Stressed,48.60000000000001,High
51,Female,7.3,9.5,61,2.0,3.0,10,Neutral,42.2,High
32,Female,5.3,1.9,16,1.4,7.8,4,Happy,59.00000000000001,Medium
31,Female,4.6,9.7,119,2.4,11.5,2,Stressed,77.4,Low
23,Female,6.9,2.2,52,3.6,3.2,2,Sad,91.4,Low
54,Female,5.5,3.3,36,3.1,7.0,4,Sad,69.10000000000001,Medium
49,Male,7.3,6.7,18,2.0,8.9,4,Happy,74.99999999999999,Medium
20,Male,6.7,6.1,9,4.1,7.0,5,Sad,71.1,Medium
20,Male,6.0,11.9,43,1.5,11.1,10,Neutral,34.5,High
39,Male,4.9,7.5,97,1.9,3.7,10,Happy,30.300000000000004,High
39,Female,7.0,4.6,48,3.7,2.2,10,Sad,53.29999999999999,Medium
27,Male,8.1,10.9,88,1.8,5.8,9,Happy,61.4,Medium
20,Female,7.0,4.4,36,3.7,7.6,9,Sad,66.10000000000001,Medium
29,Female,7.1,4.0,57,4.9,4.5,7,Neutral,79.9,Low
46,Male,6.6,6.4,91,4.3,3.7,6,Happy,76.30000000000001,Low
34,Male,5.9,11.0,14,1.6,10.0,10,Stressed,27.799999999999997,High
24,Female,6.3,8.8,19,3.1,3.9,5,Sad,52.499999999999986,Medium
30,Male,8.9,8.5,54,2.7,6.4,4,Stressed,93.1,Low
19,Male,7.7,9.0,12,5.0,11.5,2,Happy,100.0,Low
21,Female,6.2,8.3,19,4.9,8.1,4,Sad,73.89999999999999,Medium
27,Female,6.3,9.4,42,1.5,7.0,7,Happy,46.10000000000001,High
56,Female,6.5,3.1,94,4.6,5.6,1,Neutral,100.0,Low
41,Female,7.3,2.9,81,1.8,7.2,3,Neutral,94.80000000000001,Low
34,Female,6.3,5.0,40,2.3,9.3,4,Sad,75.1,Low
23,Female,7.4,10.4,47,2.4,10.2,7,Neutral,67.0,Medium
36,Male,5.6,8.9,55,2.1,8.5,3,Stressed,64.7,Medium
22,Male,6.1,7.2,91,4.4,9.9,4,Neutral,90.6,Low
49,Male,8.3,1.2,110,2.3,2.9,1,Neutral,100.0,Low
27,Female,5.6,3.6,67,4.3,2.1,1,Happy,83.9,Low
26,Female,8.8,9.8,87,5.0,9.3,10,Happy,89.4,Low
44,Male,4.9,3.7,43,4.4,4.6,3,Sad,69.39999999999999,Medium
30,Male,5.2,9.0,108,2.4,10.8,7,Neutral,61.199999999999996,Medium
36,Male,6.3,3.0,72,3.8,7.4,6,Stressed,81.2,Low
38,Female,8.0,7.7,46,3.1,6.8,5,Stressed,82.89999999999999,Low
41,Male,7.7,7.9,49,4.1,9.7,8,Neutral,78.9,Low
55,Male,4.9,9.3,115,1.6,9.4,8,Sad,48.2,High
21,Male,5.2,5.8,31,3.6,9.0,4,Sad,66.60000000000001,Medium
41,Female,6.9,8.0,95,4.1,8.9,10,Stressed,70.3,Medium
52,Male,5.5,6.4,53,4.0,7.2,6,Stressed,63.199999999999996,Medium
20,Male,6.1,11.4,38,4.9,11.3,1,Happy,88.9,Low
21,Female,6.4,6.7,84,1.2,10.9,10,Neutral,55.19999999999999,Medium
54,Female,7.0,3.3,57,2.4,5.3,10,Neutral,57.40000000000001,Medium
57,Female,5.3,8.3,107,2.9,10.0,9,Neutral,56.30000000000001,Medium
52,Female,4.8,7.0,105,2.2,10.9,5,Stressed,67.8,Medium
48,Female,6.0,9.8,60,2.2,8.2,8,Stressed,47.8,High
42,Male,4.4,2.9,102,1.7,7.6,10,Stressed,42.30000000000001,High
57,Male,6.6,3.9,109,4.3,8.7,10,Happy,78.9,Low
30,Female,8.2,11.1,90,4.6,3.6,1,Stressed,100.0,Low
21,Female,4.6,11.2,110,1.3,2.9,4,Happy,41.9,High
31,Female,4.6,5.9,99,1.6,10.2,2,Happy,74.4,Medium
30,Female,4.4,1.5,71,1.9,7.7,2,Stressed,72.10000000000001,Medium
44,Male,8.2,4.4,82,3.0,3.2,2,Neutral,100.0,Low
23,Male,4.4,3.7,92,4.2,6.2,2,Sad,80.4,Low
34,Female,8.9,5.6,18,1.3,5.0,8,Happy,65.89999999999999,Medium
53,Female,5.8,4.5,68,3.5,10.8,6,Neutral,77.69999999999999,Low
57,Female,5.6,10.1,21,1.6,7.1,9,Stressed,26.2,High
52,Female,4.5,1.0,34,4.9,7.8,2,Happy,81.89999999999999,Low
34,Male,6.9,8.1,9,4.6,4.4,1,Sad,82.39999999999999,Low
58,Female,6.9,8.3,14,4.8,10.0,8,Stressed,67.19999999999999,Medium
19,Female,6.5,8.3,1,1.4,11.3,10,Neutral,38.2,High
30,Male,5.6,6.7,116,3.0,9.9,3,Happy,88.6,Low
19,Female,5.8,7.7,105,1.7,6.9,3,Stressed,73.89999999999999,Medium
45,Male,5.6,9.9,21,3.4,10.4,8,Stressed,46.2,High
43,Female,6.1,9.6,111,1.9,3.9,5,Stressed,61.3,Medium
39,Female,5.7,1.4,98,4.1,3.1,8,Neutral,68.5,Medium
20,Male,7.4,1.3,102,3.6,6.4,2,Stressed,100.0,Low
52,Female,5.5,10.2,82,3.3,3.8,10,Sad,35.1,High
29,Male,5.8,7.3,110,4.3,4.6,9,Sad,60.10000000000001,Medium
41,Male,6.2,11.5,11,3.0,7.9,2,Sad,64.0,Medium
22,Male,4.0,5.7,97,2.1,6.0,9,Sad,34.50000000000001,High
37,Female,6.5,2.9,61,3.5,10.7,10,Neutral,70.30000000000001,Medium
56,Female,5.3,6.2,44,4.8,4.3,6,Happy,57.99999999999999,Medium
56,Male,4.3,5.8,57,3.4,12.0,5,Stressed,63.800000000000004,Medium
30,Female,8.6,6.7,19,3.5,5.6,7,Sad,77.1,Low
58,Female,5.6,9.9,50,4.7,7.2,7,Neutral,56.1,Medium
29,Female,6.1,8.2,6,3.1,3.3,4,Stressed,51.900000000000006,Medium
30,Male,8.1,3.0,23,5.0,7.8,7,Stressed,92.19999999999999,Low
27,Male,4.8,9.1,66,1.6,11.6,3,Stressed,62.2,Medium
50,Female,8.3,7.5,69,3.1,9.5,3,Sad,100.0,Low
57,Male,5.2,7.4,96,1.9,4.4,7,Sad,46.7,High
33,Female,6.9,8.5,52,2.8,6.4,1,Stressed,85.2,Low
52,Female,7.4,7.2,33,1.7,6.3,8,Stressed,55.29999999999999,Medium
20,Female,8.5,6.0,32,1.9,3.0,2,Neutral,86.9,Low
22,Male,7.0,8.0,92,1.8,10.9,1,Neutral,99.2,Low
43,Male,6.3,9.0,22,2.3,5.8,6,Stressed,48.50000000000001,High
28,Female,6.9,3.5,57,1.5,6.9,4,Neutral,78.7,Low
24,Male,5.0,6.5,67,4.2,4.9,7,Sad,53.2,Medium
27,Female,7.4,6.0,68,1.9,3.5,3,Sad,80.1,Low
59,Male,4.9,1.4,97,2.7,11.0,2,Stressed,93.10000000000001,Low
51,Male,6.8,10.2,79,1.1,2.4,4,Happy,57.7,Medium
20,Male,7.2,5.2,39,1.4,6.0,4,Sad,72.39999999999999,Medium
25,Female,8.5,1.8,46,4.6,9.3,4,Happy,100.0,Low
48,Female,6.3,6.0,42,4.3,5.1,3,Sad,79.10000000000001,Low
28,Female,7.9,2.8,60,4.4,6.5,7,Happy,92.4,Low
24,Male,4.8,8.7,41,2.6,7.6,5,Happy,47.0,High
19,Female,4.8,7.3,61,1.6,12.0,4,Happy,61.6,Medium
23,Female,6.6,4.0,66,1.4,9.6,5,Neutral,77.4,Low
58,Female,7.0,11.5,54,3.4,11.7,7,Neutral,70.19999999999999,Medium
49,Female,7.2,4.2,106,4.3,8.9,4,Happy,100.0,Low
37,Male,7.7,7.1,48,4.6,4.7,10,Stressed,64.8,Medium
51,Male,5.5,9.8,105,2.2,4.9,5,Neutral,57.2,Medium
33,Female,7.1,6.7,48,2.3,10.2,6,Sad,75.1,Low
42,Male,4.9,11.6,77,1.4,6.3,6,Neutral,36.800000000000004,High
29,Male,5.1,10.3,118,4.1,5.7,7,Neutral,57.9,Medium
24,Male,4.3,11.1,32,2.1,11.5,10,Sad,20.700000000000003,High
56,Male,7.7,5.1,27,2.9,2.1,3,Sad,78.9,Low
34,Male,6.5,7.0,56,4.7,7.2,8,Happy,68.10000000000001,Medium
28,Female,5.2,10.2,40,4.0,9.8,5,Neutral,59.2,Medium
23,Male,6.8,10.9,119,1.2,9.4,1,Stressed,90.8,Low
40,Female,5.8,11.4,119,1.0,5.7,4,Sad,59.4,Medium
44,Female,8.2,10.7,78,4.1,7.4,4,Sad,95.49999999999999,Low
23,Female,6.6,9.0,3,3.2,2.1,8,Neutral,36.8,High
55,Male,4.1,1.3,19,3.9,7.3,10,Stressed,36.3,High
19,Male,8.9,4.5,116,1.6,7.9,9,Neutral,91.0,Low
39,Male,4.4,2.4,88,4.5,10.7,3,Happy,88.69999999999999,Low
37,Male,7.5,2.7,34,4.1,4.1,10,Stressed,65.1,Medium
42,Female,6.2,4.2,115,4.6,10.3,1,Neutral,100.0,Low
32,Female,5.2,1.8,52,2.4,9.2,8,Sad,57.20000000000001,Medium
46,Female,7.4,3.7,38,2.1,8.7,9,Neutral,66.1,Medium
25,Male,4.6,11.5,52,1.6,5.9,4,Happy,37.2,High
54,Female,8.3,4.4,120,4.7,5.7,5,Stressed,100.0,Low
50,Female,5.3,2.8,85,1.7,9.0,4,Stressed,74.9,Medium
39,Female,5.8,8.9,98,1.5,11.9,4,Neutral,75.1,Low
22,Male,7.2,10.1,117,1.8,6.1,3,Neutral,84.4,Low
56,Female,4.0,4.5,117,4.1,11.2,10,Stressed,57.300000000000004,Medium
35,Female,6.4,4.1,110,4.6,7.9,4,Neutral,100.0,Low
55,Male,8.5,3.7,91,4.2,10.7,9,Sad,100.0,Low
54,Female,7.4,5.3,9,3.3,4.2,7,Sad,62.1,Medium
47,Male,5.9,2.0,79,5.0,9.6,6,Stressed,91.0,Low
48,Female,7.3,8.4,112,1.3,10.3,9,Sad,69.70000000000002,Medium
27,Male,8.7,10.0,86,4.5,10.3,2,Stressed,100.0,Low
32,Male,4.9,8.3,82,2.7,9.8,4,Sad,65.9,Medium
59,Male,6.7,5.6,64,2.8,5.0,9,Happy,56.599999999999994,Medium
35,Female,5.2,4.2,0,1.5,7.2,8,Sad,33.5,High
40,Female,8.3,5.5,52,1.1,5.0,1,Sad,93.9,Low
50,Male,7.6,5.7,45,2.3,5.4,9,Happy,59.89999999999999,Medium
33,Male,8.0,8.3,25,1.7,5.0,10,Sad,46.900000000000006,High
55,Male,8.7,11.2,97,2.9,4.8,2,Sad,100.0,Low
52,Male,5.2,1.8,1,1.6,8.9,1,Sad,70.4,Medium
51,Male,4.2,11.5,27,1.6,8.5,2,Neutral,41.4,High
45,Male,5.5,11.0,83,4.5,4.0,10,Happy,40.099999999999994,High
19,Male,6.0,2.3,105,4.7,8.9,6,Sad,93.7,Low
47,Male,7.1,3.0,110,4.9,4.9,2,Stressed,100.0,Low
30,Male,8.0,4.4,26,3.7,4.0,1,Stressed,98.9,Low
58,Male,5.7,7.2,27,4.1,9.5,5,Stressed,67.5,Medium
33,Male,6.4,2.5,30,4.3,5.6,2,Happy,89.7,Low
22,Male,7.9,3.2,46,3.6,7.7,4,Stressed,99.2,Low
45,Female,5.1,10.9,6,2.3,4.0,8,Sad,17.900000000000006,High
56,Male,5.1,2.2,71,1.6,8.1,10,Neutral,45.0,High
37,Female,6.9,5.4,95,1.9,4.1,6,Sad,70.9,Medium
41,Female,6.2,9.4,74,4.4,3.7,8,Sad,55.4,Medium
44,Female,8.7,10.8,47,3.8,5.9,5,Stressed,85.60000000000001,Low
47,Male,5.8,4.7,25,2.8,9.9,2,Stressed,79.39999999999999,Low
44,Female,7.8,2.8,54,1.1,3.8,1,Neutral,92.3,Low
43,Male,6.9,9.1,88,2.1,3.2,8,Neutral,53.29999999999999,Medium
24,Female,4.3,9.5,6,3.9,2.3,1,Happy,45.300000000000004,High
59,Male,4.4,11.8,83,3.0,6.2,10,Stressed,24.39999999999999,High
55,Male,5.0,2.5,104,2.7,4.8,9,Happy,52.9,Medium
22,Female,4.7,8.8,56,2.3,4.9,4,Stressed,45.900000000000006,High
40,Female,5.6,5.6,114,3.4,11.8,6,Sad,84.19999999999999,Low
45,Male,6.9,11.1,57,4.9,3.9,6,Stressed,66.5,Medium
51,Female,7.0,5.5,93,4.6,6.6,3,Sad,100.0,Low
32,Male,6.9,5.9,119,1.1,11.9,1,Stressed,100.0,Low
49,Male,4.6,2.4,0,2.9,2.3,6,Neutral,36.300000000000004,High
43,Male,7.0,4.5,81,2.3,9.0,10,Stressed,66.7,Medium
48,Female,6.0,5.4,71,3.0,5.7,5,Sad,69.80000000000001,Medium
36,Male,8.5,1.2,28,3.4,11.1,4,Happy,100.0,Low
26,Male,8.6,5.8,103,1.8,11.1,9,Neutral,90.2,Low
46,Male,7.8,4.7,21,4.1,5.9,4,Neutral,89.1,Low
56,Male,7.5,9.8,95,2.9,4.2,1,Neutral,93.30000000000001,Low
21,Female,4.6,2.2,39,5.0,6.3,10,Sad,46.99999999999999,High
20,Female,4.4,9.4,61,1.1,11.7,6,Stressed,42.300000000000004,High
46,Female,8.2,8.9,13,1.8,4.8,7,Stressed,57.4,Medium
28,Female,6.1,3.7,119,3.8,11.8,1,Happy,100.0,Low
50,Male,6.3,1.9,1,3.8,10.2,9,Neutral,62.800000000000004,Medium
55,Male,8.2,10.3,34,3.3,4.7,10,Happy,54.09999999999999,Medium
28,Male,7.1,3.7,70,4.9,9.9,2,Neutral,100.0,Low
44,Male,4.9,2.6,66,2.7,2.5,7,Neutral,47.5,High
50,Male,5.1,4.9,78,2.7,7.5,8,Stressed,53.3,Medium
38,Male,4.0,5.4,106,4.6,5.6,8,Happy,52.60000000000001,Medium
56,Female,7.6,4.6,97,3.2,6.3,1,Stressed,100.0,Low
48,Male,6.4,11.7,21,2.4,6.7,10,Neutral,30.200000000000003,High
55,Male,8.7,10.7,17,3.9,7.0,1,Sad,98.5,Low
19,Male,7.6,10.6,45,3.5,8.6,10,Happy,58.5,Medium
44,Female,4.5,5.4,81,2.2,9.0,4,Happy,63.400000000000006,Medium
53,Male,4.8,11.6,62,2.2,11.8,2,Stressed,63.800000000000004,Medium
28,Male,6.5,8.5,97,2.6,9.6,10,Neutral,59.60000000000001,Medium
35,Male,8.6,10.2,35,1.3,8.9,4,Stressed,80.89999999999999,Low
18,Female,5.2,6.5,45,4.8,5.9,6,Happy,59.8,Medium
52,Male,8.1,2.8,102,1.7,3.2,3,Sad,98.70000000000002,Low
52,Male,5.6,10.8,110,1.8,2.6,10,Neutral,30.600000000000005,High
48,Female,5.3,6.4,101,3.6,6.8,3,Sad,80.0,Low
45,Male,8.5,11.7,36,3.9,8.7,1,Sad,100.0,Low
56,Female,4.2,3.8,115,3.9,8.5,5,Sad,73.9,Medium
18,Male,7.3,11.9,17,2.5,11.5,7,Stressed,60.10000000000001,Medium
42,Female,4.2,3.4,42,4.5,5.8,6,Happy,53.70000000000001,Medium
55,Male,8.0,5.0,103,3.2,8.3,4,Stressed,100.0,Low
37,Male,8.1,7.5,28,2.8,10.9,6,Neutral,83.39999999999999,Low
20,Female,8.5,8.6,75,4.2,6.0,3,Neutral,100.0,Low
19,Male,4.9,8.9,17,2.0,6.8,3,Sad,46.199999999999996,High
35,Male,4.6,6.2,94,4.4,11.2,7,Sad,68.79999999999998,Medium
27,Female,6.5,1.8,14,3.2,7.5,9,Neutral,59.2,Medium
22,Male,5.4,6.5,58,4.6,10.0,1,Neutral,91.6,Low
26,Female,7.0,4.7,103,1.8,11.4,4,Sad,96.99999999999999,Low
19,Male,6.6,8.2,93,4.7,7.7,10,Neutral,67.1,Medium
51,Female,4.7,3.0,99,3.8,3.1,5,Sad,66.0,Medium
55,Male,7.7,5.3,27,3.5,10.2,2,Sad,100.0,Low
48,Male,8.0,11.6,52,2.7,10.2,10,Sad,61.1,Medium
27,Female,8.8,2.0,14,4.8,3.1,3,Sad,100.0,Low
29,Male,6.0,7.6,42,2.8,7.5,5,Happy,62.2,Medium
53,Female,5.7,2.0,32,3.0,6.9,8,Neutral,56.2,Medium
38,Female,5.0,2.7,1,4.1,10.5,3,Neutral,74.3,Medium
23,Female,4.9,7.7,58,2.1,4.7,3,Neutral,53.099999999999994,Medium
20,Male,5.6,5.9,7,2.2,6.3,6,Sad,45.20000000000001,High
27,Male,8.9,7.0,111,4.1,8.0,8,Stressed,100.0,Low
22,Male,4.5,10.7,32,1.5,7.2,1,Stressed,47.9,High
43,Female,5.3,10.0,34,4.3,11.6,7,Happy,56.5,Medium
38,Female,4.4,10.8,17,3.5,11.6,7,Neutral,38.5,High
43,Female,5.4,7.8,89,3.2,2.8,3,Sad,65.8,Medium
55,Male,4.5,6.4,111,1.9,5.0,3,Sad,61.900000000000006,Medium
43,Female,6.5,6.1,20,4.1,2.1,9,Happy,45.5,High
25,Male,6.2,9.1,63,4.2,6.2,10,Happy,49.79999999999999,High
22,Male,4.9,6.7,27,2.9,8.6,1,Sad,68.7,Medium
32,Male,4.9,2.2,83,2.6,6.7,1,Stressed,83.6,Low
33,Male,7.1,2.6,115,2.0,2.7,2,Neutral,96.2,Low
18,Male,5.9,4.9,44,4.0,4.0,6,Sad,62.0,Medium
33,Male,4.3,1.7,19,3.6,3.7,8,Happy,36.8,High
54,Male,8.6,3.6,3,1.8,7.1,10,Sad,62.599999999999994,Medium
20,Male,6.0,8.2,35,4.2,8.8,1,Stressed,85.19999999999999,Low
48,Female,7.0,1.1,117,4.5,5.2,1,Sad,100.0,Low
30,Male,8.4,7.6,97,1.2,3.3,2,Happy,92.8,Low
33,Male,6.0,9.5,108,4.1,10.0,7,Happy,75.1,Low
38,Female,8.1,2.9,76,4.4,10.6,4,Sad,100.0,Low
19,Female,8.6,3.0,94,5.0,4.8,1,Happy,100.0,Low
44,Female,4.9,1.3,51,2.0,6.2,8,Stressed,47.00000000000001,High
55,Female,8.5,6.6,38,2.5,2.8,4,Neutral,81.49999999999999,Low
43,Male,4.6,8.2,70,4.9,4.3,7,Neutral,48.699999999999996,High
55,Female,5.4,6.0,80,1.4,9.7,8,Neutral,52.4,Medium
42,Female,8.0,5.3,105,3.1,5.7,1,Happy,100.0,Low
28,Female,8.5,6.0,11,3.0,8.0,2,Stressed,98.2,Low
25,Female,7.4,9.6,120,3.4,11.5,2,Stressed,100.0,Low
25,Male,4.5,1.4,54,2.3,9.2,5,Sad,62.9,Medium
50,Female,6.6,9.6,117,4.7,6.5,5,Sad,86.7,Low
24,Female,6.9,8.3,93,2.1,5.7,6,Sad,68.9,Medium
55,Female,5.4,3.7,47,3.6,3.9,2,Stressed,73.8,Medium
38,Female,9.0,6.8,97,3.0,9.6,8,Stressed,98.00000000000001,Low
25,Male,5.7,1.5,85,2.1,3.1,1,Sad,83.7,Low
38,Female,5.1,5.2,84,1.8,2.6,9,Stressed,35.599999999999994,High
37,Female,4.6,2.9,8,4.8,3.0,5,Neutral,51.8,Medium
25,Female,5.9,1.2,11,3.2,4.4,10,Sad,43.599999999999994,High
48,Male,7.5,4.9,80,3.4,8.3,8,Sad,82.80000000000001,Low
46,Female,5.2,9.0,79,4.1,10.6,8,Happy,59.5,Medium
26,Female,7.8,11.1,68,1.3,11.9,2,Happy,91.69999999999999,Low
32,Male,4.7,8.3,82,3.9,9.3,9,Sad,48.90000000000001,High
47,Female,6.2,5.4,56,1.7,3.5,6,Neutral,53.900000000000006,Medium
43,Male,7.5,12.0,27,4.0,4.8,3,Stressed,74.0,Medium
27,Male,4.7,4.1,16,1.6,3.3,1,Neutral,52.6,Medium
46,Female,7.0,3.1,21,4.3,3.2,9,Neutral,59.9,Medium
33,Female,8.0,6.1,34,3.7,7.7,3,Stressed,96.5,Low
53,Male,7.0,6.6,112,2.5,11.1,1,Happy,100.0,Low
37,Male,6.6,4.9,58,2.4,8.8,5,Stressed,77.4,Low
54,Female,8.2,8.7,78,1.6,10.0,8,Neutral,76.19999999999999,Low
39,Male,8.9,3.0,18,4.6,7.1,7,Stressed,95.8,Low
24,Male,4.9,6.6,110,1.5,6.8,5,Happy,58.9,Medium
40,Female,7.5,6.5,49,2.9,11.4,2,Stressed,100.0,Low
58,Male,4.4,10.1,25,1.9,9.2,2,Stressed,48.699999999999996,High
57,Male,4.2,11.2,107,5.0,6.6,3,Stressed,67.2,Medium
46,Male,5.4,8.3,59,3.3,5.3,6,Neutral,52.29999999999999,Medium
33,Male,8.9,4.4,43,1.6,2.9,4,Stressed,86.6,Low
55,Male,6.8,8.6,55,3.7,10.2,9,Stressed,64.69999999999999,Medium
45,Male,5.3,3.8,98,5.0,3.7,3,Happy,85.4,Low
55,Female,4.7,11.6,42,3.4,7.2,6,Happy,39.6,High
48,Male,8.6,10.0,22,2.8,8.4,4,Happy,85.2,Low
31,Female,5.8,5.7,73,2.2,9.4,1,Stressed,86.99999999999999,Low
50,Female,5.5,9.6,21,1.4,2.8,1,Sad,48.6,High
26,Female,8.3,5.5,46,1.9,2.1,8,Happy,62.900000000000006,Medium
44,Female,7.0,1.8,54,3.2,9.1,3,Stressed,99.4,Low
41,Female,4.8,8.8,10,4.0,6.5,2,Happy,57.4,Medium
30,Female,6.1,5.5,54,4.5,3.8,1,Happy,86.89999999999999,Low
43,Female,8.6,11.2,25,4.2,11.8,8,Stressed,81.19999999999999,Low
46,Female,8.5,4.4,0,1.5,9.9,9,Neutral,67.5,Medium
45,Male,4.4,10.3,115,4.1,7.8,1,Happy,78.5,Low
45,Female,5.3,8.5,99,3.3,9.0,8,Sad,58.3,Medium
25,Female,4.8,10.4,116,2.9,3.6,1,Neutral,68.10000000000001,Medium
40,Female,6.7,4.2,61,3.3,11.6,10,Neutral,70.5,Medium
46,Male,7.7,6.1,20,1.0,12.0,2,Sad,89.8,Low
22,Female,5.5,10.1,7,1.3,8.5,1,Happy,55.7,Medium
59,Male,7.8,8.1,19,3.1,8.7,2,Stressed,90.5,Low
24,Female,7.3,5.0,44,1.7,9.0,2,Happy,90.3,Low
59,Female,7.6,6.6,80,3.2,8.7,5,Neutral,92.19999999999999,Low
53,Male,8.7,12.0,78,2.4,6.4,10,Sad,63.39999999999999,Medium
58,Female,6.1,9.2,84,4.6,7.4,3,Stressed,85.2,Low
44,Male,5.7,7.8,64,4.8,4.8,1,Neutral,83.8,Low
19,Male,7.4,10.1,59,4.9,6.5,10,Neutral,63.099999999999994,Medium
42,Female,8.0,5.9,66,4.6,6.4,2,Happy,100.0,Low
26,Female,5.0,11.5,94,4.9,4.9,4,Happy,64.1,Medium
44,Male,8.2,7.1,55,3.8,9.9,7,Sad,89.6,Low
18,Male,4.3,4.6,30,4.8,6.1,1,Neutral,72.0,Medium
40,Female,4.0,1.9,84,3.6,7.5,5,Sad,66.0,Medium
27,Female,4.8,5.1,86,4.2,3.6,2,Neutral,75.2,Low
59,Female,8.9,7.3,80,1.5,6.7,8,Sad,79.30000000000001,Low
42,Male,6.6,8.7,21,3.7,9.6,2,Sad,82.50000000000001,Low
20,Female,4.2,10.6,61,4.7,6.4,4,Sad,53.3,Medium
23,Male,9.0,11.4,55,3.2,7.6,6,Sad,85.4,Low
23,Female,7.7,2.1,85,1.7,9.0,9,Stressed,80.3,Low
19,Male,8.2,7.6,99,3.1,5.9,10,Stressed,73.89999999999999,Medium
35,Male,5.1,8.3,71,3.8,5.5,4,Neutral,62.599999999999994,Medium
40,Female,4.5,2.9,110,4.1,2.9,4,Sad,71.5,Medium
19,Male,6.6,7.0,7,3.1,7.8,7,Neutral,56.50000000000001,Medium
29,Male,7.9,4.7,61,1.9,9.1,1,Sad,100.0,Low
39,Male,7.2,1.9,77,4.7,7.8,5,Happy,100.0,Low
54,Male,7.2,1.7,101,4.1,4.8,5,Neutral,98.89999999999999,Low
37,Male,7.8,9.4,23,2.1,4.6,1,Neutral,79.5,Low
56,Female,5.1,7.8,21,4.2,3.6,6,Neutral,43.800000000000004,High
41,Female,7.3,8.9,14,2.4,2.5,9,Stressed,39.0,High
37,Male,6.0,8.5,83,2.2,6.3,7,Sad,55.199999999999996,Medium
18,Female,4.3,2.5,90,4.5,3.6,2,Neutral,77.7,Low
18,Male,5.0,2.7,27,4.5,8.9,4,Sad,74.3,Medium
34,Male,8.0,3.8,21,2.6,11.6,8,Sad,80.80000000000001,Low
18,Female,8.5,5.4,30,1.0,2.7,1,Happy,86.60000000000001,Low
47,Male,5.4,11.3,72,1.7,10.9,6,Happy,52.10000000000001,Medium
58,Male,5.0,8.4,119,4.6,8.6,3,Happy,85.2,Low
20,Male,4.1,3.8,61,4.6,10.6,3,Stressed,77.80000000000001,Low
28,Female,8.7,1.6,86,2.8,3.5,1,Sad,100.0,Low
41,Female,7.4,8.5,68,2.2,11.1,8,Neutral,71.8,Medium
39,Male,8.8,7.9,108,2.2,11.6,5,Neutral,100.0,Low
43,Male,8.3,8.4,38,4.6,11.1,1,Happy,100.0,Low
30,Male,5.7,3.9,80,2.3,9.9,5,Neutral,76.5,Low
18,Male,4.6,6.7,39,3.0,2.9,5,Stressed,41.199999999999996,High
41,Male,6.5,5.0,68,3.9,4.2,9,Happy,60.49999999999999,Medium
27,Female,4.1,10.0,54,1.8,11.1,10,Stressed,22.999999999999996,High
52,Female,4.7,1.8,70,2.0,4.3,3,Happy,64.0,Medium
41,Female,5.2,4.0,63,2.4,5.5,9,Stressed,43.599999999999994,High
45,Female,7.3,7.6,7,3.6,2.5,8,Neutral,50.2,Medium
53,Male,6.5,3.3,70,4.3,8.3,10,Neutral,70.5,Medium
33,Male,5.5,8.4,85,3.2,7.6,2,Stressed,78.4,Low
57,Female,6.8,2.5,43,1.5,11.6,9,Sad,66.3,Medium
33,Female,4.6,1.3,37,2.8,10.9,5,Neutral,66.60000000000001,Medium
34,Male,7.8,10.5,116,1.5,7.1,8,Neutral,69.9,Medium
32,Female,7.6,4.7,20,1.4,8.1,8,Happy,61.8,Medium
33,Male,5.1,2.7,3,3.4,6.1,4,Sad,59.39999999999999,Medium
32,Male,7.0,2.9,31,4.8,3.3,1,Neutral,97.0,Low
51,Male,6.5,10.7,54,4.4,10.7,9,Stressed,61.800000000000004,Medium
28,Female,4.3,8.2,92,4.1,7.5,6,Sad,56.5,Medium
18,Female,5.4,11.5,59,3.9,6.3,2,Sad,66.89999999999999,Medium
32,Female,9.0,9.8,58,4.6,2.7,4,Happy,94.4,Low
43,Female,4.5,9.4,93,4.0,8.7,10,Happy,42.199999999999996,High
21,Female,6.5,6.5,66,3.5,6.0,5,Neutral,74.7,Medium
22,Male,8.2,10.0,4,2.5,4.5,6,Happy,60.3,Medium
52,Female,5.5,5.5,82,1.4,10.8,5,Sad,69.0,Medium
30,Male,5.3,10.1,71,2.8,3.8,9,Stressed,32.6,High
27,Male,8.5,9.3,36,4.7,7.2,10,Happy,71.5,Medium
28,Male,5.5,8.5,94,3.3,10.0,2,Happy,85.3,Low
35,Female,7.3,4.6,26,1.7,10.5,3,Stressed,86.5,Low
51,Female,7.7,7.9,12,3.6,10.2,10,Sad,62.00000000000001,Medium
56,Female,7.9,6.6,105,2.9,11.0,3,Sad,100.0,Low
58,Female,9.0,6.1,5,4.7,3.4,3,Happy,97.1,Low
59,Female,8.0,11.9,64,1.6,11.4,6,Happy,75.8,Low
40,Female,7.3,6.5,29,3.8,2.1,8,Stressed,57.0,Medium
24,Female,8.5,1.4,74,3.7,4.6,5,Happy,100.0,Low
56,Female,8.5,7.9,51,4.9,2.8,6,Sad,85.5,Low
20,Male,8.9,9.0,40,3.3,11.5,1,Sad,100.0,Low
29,Female,7.9,10.7,94,4.5,6.2,10,Stressed,71.30000000000001,Medium
24,Male,5.0,8.0,79,1.1,5.2,3,Stressed,53.699999999999996,Medium
43,Male,7.5,1.2,14,1.5,3.7,4,Happy,74.3,Medium
50,Male,4.4,2.3,4,2.4,3.6,7,Neutral,31.399999999999995,High
54,Male,5.6,2.8,14,3.5,8.1,5,Stressed,66.9,Medium
32,Female,4.6,3.3,0,2.8,2.5,1,Sad,54.4,Medium
19,Female,8.7,9.8,14,1.8,7.9,3,Happy,82.99999999999999,Low
58,Male,5.7,4.4,99,3.4,9.7,2,Stressed,96.4,Low
24,Male,7.6,4.4,59,3.3,8.0,6,Sad,87.5,Low
49,Male,6.9,9.3,47,3.1,10.3,5,Happy,75.9,Low
21,Female,4.5,5.5,53,1.4,4.7,3,Stressed,49.0,High
37,Male,6.8,1.7,102,4.7,2.8,2,Happy,100.0,Low
53,Male,7.3,7.4,54,3.4,9.2,1,Happy,100.0,Low
49,Female,8.4,2.4,71,2.1,10.3,2,Neutral,100.0,Low
45,Male,4.4,7.3,116,3.7,7.0,5,Stressed,65.10000000000001,Medium
30,Female,5.5,9.6,85,2.3,10.2,5,Stressed,64.69999999999999,Medium
18,Female,7.5,11.2,26,3.0,6.6,9,Stressed,50.000000000000014,Medium
52,Male,4.2,1.7,97,2.4,4.0,6,Neutral,54.0,Medium
47,Male,5.0,4.3,29,4.5,6.7,3,Sad,71.10000000000001,Medium
53,Male,5.1,8.2,75,5.0,4.2,10,Stressed,42.99999999999999,High
42,Female,7.3,4.5,59,1.6,6.7,3,Stressed,85.2,Low
33,Female,5.4,6.0,65,1.1,3.5,3,Sad,55.5,Medium
36,Female,7.0,1.2,45,1.9,3.9,8,Stressed,61.89999999999999,Medium
18,Male,8.8,8.6,114,3.4,10.8,9,Neutral,96.19999999999999,Low
22,Male,8.0,10.7,51,1.7,3.2,3,Stressed,71.70000000000002,Medium
39,Male,5.7,11.7,101,4.2,4.2,1,Happy,79.20000000000002,Low
41,Male,6.4,10.1,85,2.6,12.0,8,Neutral,65.8,Medium
54,Male,5.0,1.3,114,3.4,7.8,10,Neutral,62.800000000000004,Medium
53,Male,4.1,8.2,80,2.8,7.9,2,Happy,62.400000000000006,Medium
53,Female,5.4,6.5,34,4.6,10.4,7,Sad,63.599999999999994,Medium
21,Female,5.8,11.3,115,1.1,7.2,7,Neutral,50.3,Medium
53,Female,6.8,10.9,120,3.9,4.2,9,Stressed,62.1,Medium
35,Male,8.7,11.9,41,3.6,6.2,8,Sad,69.80000000000001,Medium
33,Female,8.7,10.5,55,3.6,9.6,9,Neutral,78.2,Low
58,Female,4.4,7.0,44,2.7,10.7,1,Stressed,69.69999999999999,Medium
35,Female,7.1,8.9,51,1.1,4.7,3,Stressed,66.30000000000001,Medium
39,Male,4.2,11.6,22,3.8,4.6,4,Neutral,35.400000000000006,High
19,Male,7.2,7.4,28,4.3,5.3,3,Sad,82.89999999999999,Low
38,Female,4.6,10.2,28,1.3,8.0,8,Sad,21.700000000000003,High
53,Male,8.7,11.4,56,2.8,4.8,7,Happy,71.0,Medium
56,Male,8.3,7.3,113,1.7,10.9,5,Happy,100.0,Low
56,Male,4.1,2.8,18,3.4,11.8,5,Neutral,59.6,Medium
46,Male,7.9,2.7,80,4.1,8.8,4,Stressed,100.0,Low
43,Female,7.2,2.3,7,3.7,11.7,5,Neutral,90.70000000000002,Low
38,Male,6.5,6.2,49,2.3,4.9,5,Happy,63.69999999999999,Medium
34,Female,7.0,6.3,6,1.6,10.2,4,Happy,71.0,Medium
33,Female,7.4,7.8,118,4.2,8.8,5,Neutral,100.0,Low
48,Male,8.4,6.3,10,2.3,4.6,7,Happy,66.10000000000001,Medium
26,Male,7.8,11.7,66,1.1,5.2,9,Sad,47.70000000000001,High
48,Male,6.9,4.2,65,3.3,6.9,7,Neutral,75.89999999999999,Low
31,Female,8.1,10.6,82,2.0,9.9,1,Neutral,100.0,Low
54,Female,8.9,2.1,27,4.4,10.7,9,Neutral,97.6,Low
19,Female,5.5,7.6,55,1.6,8.3,3,Neutral,63.4,Medium
31,Female,4.6,8.1,27,2.7,9.2,2,Sad,59.1,Medium
50,Female,7.7,9.5,88,2.0,4.6,10,Happy,54.8,Medium
52,Female,8.9,6.5,74,3.8,9.4,9,Neutral,92.6,Low
56,Female,4.6,3.2,39,3.2,8.0,2,Neutral,71.4,Medium
37,Male,6.2,5.1,106,4.2,4.2,10,Stressed,62.4,Medium
19,Female,4.3,4.0,1,2.8,11.5,9,Neutral,36.2,High
58,Female,7.9,5.6,75,1.0,7.1,5,Neutral,82.0,Low
36,Female,8.7,6.8,60,1.9,9.9,6,Stressed,90.7,Low
54,Female,6.5,7.9,104,5.0,7.3,7,Sad,81.6,Low
35,Male,6.0,10.3,101,2.6,11.3,7,Happy,67.19999999999999,Medium
33,Female,8.5,11.0,75,3.5,3.4,4,Sad,86.3,Low
21,Female,4.7,6.1,113,4.6,7.5,4,Neutral,79.39999999999999,Low
29,Male,8.5,2.0,24,1.1,2.3,5,Neutral,75.89999999999999,Low
46,Male,6.0,9.8,100,3.6,4.0,9,Sad,50.400000000000006,Medium
24,Female,6.8,6.2,94,2.2,4.8,10,Neutral,54.99999999999999,Medium
31,Female,6.6,7.0,53,2.1,6.7,1,Sad,82.5,Low
29,Female,7.1,7.6,16,1.9,10.2,8,Sad,56.9,Medium
52,Female,8.7,8.3,47,4.3,6.7,8,Happy,82.70000000000002,Low
22,Female,8.8,10.8,11,2.5,7.6,7,Happy,68.3,Medium
34,Female,8.2,11.5,60,1.3,11.2,6,Happy,75.9,Low
59,Male,5.0,11.3,93,1.4,9.6,3,Happy,60.19999999999999,Medium
49,Male,5.7,9.9,1,1.6,2.5,8,Sad,18.400000000000006,High
27,Female,6.4,10.8,79,4.6,3.8,7,Neutral,60.79999999999999,Medium
34,Female,8.5,1.5,64,2.7,2.4,8,Sad,81.1,Low
22,Female,6.6,10.3,51,4.7,2.7,2,Neutral,76.5,Low
59,Male,8.9,1.8,33,4.3,5.4,8,Happy,92.3,Low
26,Female,8.9,9.2,44,4.4,9.3,7,Stressed,92.0,Low
50,Male,7.0,2.9,111,2.1,4.4,6,Neutral,81.7,Low
53,Male,8.4,5.0,0,2.1,5.9,9,Neutral,60.3,Medium
53,Female,9.0,3.0,114,3.2,5.9,8,Stressed,100.0,Low
35,Male,8.2,5.9,99,2.7,7.9,5,Sad,99.3,Low
26,Female,7.3,5.5,51,3.0,10.9,5,Happy,89.0,Low
46,Male,8.2,1.5,66,1.2,11.8,9,Sad,85.80000000000001,Low
31,Female,4.4,10.1,97,4.9,8.0,8,Neutral,51.7,Medium
42,Female,7.2,10.4,75,1.2,7.1,4,Neutral,70.4,Medium
32,Male,5.1,9.7,55,1.7,8.8,9,Neutral,32.7,High
23,Male,4.6,10.3,57,3.7,8.7,6,Sad,48.7,High
59,Male,8.5,9.3,108,1.6,7.2,5,Sad,90.4,Low
46,Female,7.2,11.3,90,1.4,9.4,10,Stressed,53.2,Medium
32,Male,5.2,7.3,49,1.6,6.9,7,Sad,41.0,High
46,Male,5.9,7.4,100,1.2,12.0,9,Happy,58.2,Medium
21,Female,8.9,10.5,118,2.0,2.5,1,Neutral,100.0,Low
35,Female,8.3,4.8,24,2.1,6.4,9,Sad,65.5,Medium
56,Male,4.1,1.6,11,3.0,6.0,10,Sad,27.0,High
33,Male,8.9,9.2,114,2.8,9.7,5,Sad,100.0,Low
28,Male,5.8,3.8,96,2.9,3.9,9,Sad,55.900000000000006,Medium
31,Female,7.5,6.2,72,3.5,6.3,5,Sad,87.1,Low
20,Female,7.6,3.6,64,1.9,9.0,7,Sad,81.1,Low
59,Male,8.6,10.1,55,1.5,8.0,7,Sad,72.3,Medium
55,Female,8.4,11.5,49,4.5,7.5,9,Happy,72.3,Medium
59,Male,5.4,1.6,86,3.5,6.3,5,Sad,78.1,Low
35,Male,7.2,3.6,27,1.2,9.5,7,Stressed,67.2,Medium
37,Female,6.0,3.1,2,4.8,8.5,5,Happy,75.2,Low
42,Male,6.6,8.4,37,3.8,10.7,4,Happy,81.0,Low
55,Male,6.8,5.7,63,1.6,9.3,1,Stressed,91.79999999999998,Low
30,Female,6.0,6.0,53,4.9,3.4,5,Neutral,69.89999999999999,Medium
21,Male,6.3,2.7,35,2.5,8.2,4,Neutral,77.5,Low
31,Male,5.0,5.6,119,4.9,2.4,1,Happy,87.89999999999999,Low
50,Female,7.0,4.3,43,1.4,5.9,10,Happy,48.8,High
45,Male,7.8,7.7,43,1.6,6.1,1,Sad,87.39999999999999,Low
54,Male,6.1,3.4,68,3.6,10.5,5,Happy,86.8,Low
25,Female,8.9,7.8,118,1.1,3.8,9,Sad,74.1,Medium
51,Female,4.3,5.2,92,1.1,8.4,1,Sad,69.30000000000001,Medium
22,Female,6.9,4.8,52,4.2,3.9,8,Neutral,66.60000000000001,Medium
22,Male,6.9,4.4,12,1.7,11.5,9,Happy,58.10000000000001,Medium
48,Female,4.2,8.4,43,4.7,7.3,10,Sad,31.9,High
26,Male,5.1,7.2,3,2.7,9.1,4,Happy,52.89999999999999,Medium
59,Female,8.5,10.4,69,4.5,8.5,8,Sad,85.5,Low
49,Male,6.7,3.7,50,2.7,5.0,1,Neutral,89.1,Low
50,Male,6.2,1.4,101,3.1,11.0,4,Sad,100.0,Low
20,Female,6.1,3.0,69,2.3,8.3,10,Neutral,56.9,Medium
47,Male,8.4,4.8,10,3.6,7.1,2,Stressed,100.0,Low
29,Male,5.8,3.0,90,2.3,7.3,10,Neutral,56.1,Medium
46,Female,8.3,1.9,53,1.9,10.9,4,Neutral,100.0,Low
20,Male,5.5,5.9,109,1.3,2.6,2,Neutral,68.7,Medium
43,Male,6.7,8.4,61,1.2,5.9,3,Stressed,68.2,Medium
47,Male,4.7,9.3,58,2.2,10.4,1,Neutral,67.8,Medium
26,Female,8.1,5.4,98,3.9,2.4,10,Happy,74.1,Medium
43,Female,7.7,6.3,60,1.8,8.4,3,Happy,90.2,Low
19,Female,6.7,9.3,39,2.2,6.0,7,Stressed,51.19999999999999,Medium
20,Female,4.1,4.9,3,4.6,4.0,8,Stressed,30.799999999999997,High
21,Female,6.4,9.6,26,3.6,8.1,6,Stressed,60.2,Medium
42,Female,5.1,11.6,15,4.7,10.3,1,Sad,70.9,Medium
30,Female,6.1,10.7,81,4.6,6.7,7,Neutral,64.20000000000002,Medium
56,Female,8.3,6.0,6,1.3,3.5,3,Neutral,73.7,Medium
52,Male,7.8,7.4,10,4.8,5.1,9,Stressed,63.400000000000006,Medium
40,Male,5.2,8.9,71,1.2,11.8,2,Stressed,70.0,Medium
26,Male,8.9,4.8,63,4.7,3.1,9,Happy,85.7,Low
19,Male,8.5,9.8,51,3.2,3.6,10,Happy,58.8,Medium
58,Female,6.6,5.8,5,3.1,11.9,2,Neutral,86.7,Low
48,Male,6.7,10.3,119,3.9,10.8,2,Happy,100.0,Low
19,Male,8.5,3.8,47,4.5,9.1,4,Happy,100.0,Low
49,Male,7.2,1.1,68,3.5,3.5,2,Neutral,99.89999999999999,Low
35,Male,6.7,8.0,120,2.7,4.4,7,Stressed,69.3,Medium
30,Male,7.7,6.0,5,1.4,3.8,3,Stressed,68.6,Medium
22,Female,5.2,1.7,101,4.2,8.3,4,Neutral,90.4,Low
59,Female,8.4,6.4,60,1.5,6.0,1,Stressed,98.7,Low
27,Male,6.7,2.9,65,3.9,2.5,10,Stressed,58.7,Medium
42,Male,7.0,7.9,94,3.1,4.9,4,Neutral,82.3,Low
51,Male,4.4,5.9,102,2.5,10.6,4,Sad,70.30000000000001,Medium
54,Male,5.5,2.9,95,3.5,10.0,4,Stressed,89.7,Low
47,Female,6.1,5.5,72,4.1,8.4,9,Neutral,65.7,Medium
24,Male,6.1,3.6,78,4.8,2.9,3,Sad,87.19999999999999,Low
23,Female,7.9,8.2,84,2.1,10.8,7,Happy,83.5,Low
20,Male,5.4,4.2,109,4.8,7.3,4,Stressed,89.99999999999999,Low
30,Female,4.9,10.0,52,4.8,6.9,1,Neutral,73.2,Medium
20,Female,6.9,1.2,27,4.3,11.3,10,Happy,76.1,Low
43,Female,7.1,5.4,108,4.5,2.1,3,Happy,96.5,Low
41,Male,4.6,7.8,90,3.8,7.6,9,Sad,46.60000000000001,High
23,Male,4.0,1.2,4,1.2,9.9,10,Neutral,24.2,High
59,Female,8.6,3.4,80,3.3,2.6,6,Sad,92.9,Low
29,Male,4.4,4.6,100,4.0,5.6,8,Happy,54.0,Medium
53,Male,8.5,1.2,57,4.8,11.8,9,Stressed,100.0,Low
19,Female,6.0,7.0,23,3.3,4.1,8,Sad,43.3,High
28,Male,7.3,7.9,30,4.2,7.3,5,Neutral,78.8,Low
56,Female,4.9,3.5,98,3.8,9.5,6,Neutral,75.6,Low
51,Male,8.1,7.0,40,2.1,5.9,10,Happy,57.3,Medium
43,Male,4.9,12.0,104,1.6,6.1,2,Neutral,58.0,Medium
35,Female,5.9,10.8,117,4.0,2.6,9,Sad,50.000000000000014,Medium
38,Female,5.2,1.6,67,1.9,3.9,6,Sad,55.5,Medium
53,Female,8.2,2.4,83,2.0,10.8,8,Stressed,93.4,Low
57,Female,8.3,6.4,106,3.6,10.2,7,Happy,100.0,Low
39,Male,5.9,3.7,80,4.2,5.0,10,Happy,58.599999999999994,Medium
47,Male,5.5,1.9,45,3.3,5.8,2,Sad,80.3,Low
47,Male,7.9,3.8,9,4.5,6.4,2,Happy,100.0,Low
25,Female,8.4,1.7,36,1.8,5.5,5,Sad,87.8,Low
51,Male,7.1,6.8,20,2.0,8.5,3,Sad,76.4,Low
26,Male,8.6,6.4,20,3.5,2.1,1,Stressed,94.9,Low
37,Male,5.9,1.1,112,4.3,10.8,10,Sad,82.30000000000001,Low
57,Female,4.8,6.3,79,3.2,5.0,3,Sad,65.2,Medium
42,Female,4.9,6.7,96,1.0,10.7,7,Stressed,53.2,Medium
36,Male,7.3,7.7,9,3.7,6.5,10,Happy,50.89999999999999,Medium
22,Male,6.0,11.7,107,4.3,9.8,9,Sad,63.1,Medium
28,Female,4.8,11.8,81,2.1,10.3,4,Neutral,55.7,Medium
32,Female,5.5,6.8,96,1.2,5.0,8,Stressed,44.60000000000001,High
25,Female,6.7,10.3,92,3.1,8.4,6,Happy,73.10000000000001,Medium
36,Female,4.6,1.9,94,1.2,8.1,4,Stressed,67.2,Medium
40,Male,4.0,6.8,23,2.7,6.8,3,Sad,46.1,High
44,Female,8.6,8.5,11,1.1,6.7,5,Happy,70.10000000000001,Medium
57,Male,5.5,7.2,19,1.9,5.1,3,Neutral,52.099999999999994,Medium
49,Female,5.1,3.5,69,2.6,5.1,8,Stressed,49.0,High
43,Male,7.5,1.7,7,1.4,7.5,6,Neutral,71.0,Medium
44,Male,8.3,5.3,77,1.5,2.3,6,Stressed,75.9,Low
36,Female,7.2,8.1,4,4.3,11.3,7,Sad,72.69999999999999,Medium
59,Male,5.3,11.9,53,1.2,8.5,7,Stressed,34.8,High
46,Male,8.3,3.6,35,3.8,6.4,8,Neutral,82.6,Low
56,Male,6.6,11.1,117,4.3,2.6,5,Stressed,73.9,Medium
58,Female,5.9,1.8,111,1.5,8.3,5,Sad,81.70000000000002,Low
50,Female,7.0,11.2,37,1.8,2.2,6,Sad,44.4,High
36,Female,7.5,10.2,2,3.6,8.8,4,Stressed,74.6,Medium
54,Male,7.0,1.2,35,2.3,2.7,2,Happy,83.5,Low
36,Male,8.6,4.3,21,2.9,8.6,2,Sad,100.0,Low
50,Male,7.1,1.6,7,4.3,6.1,2,Stressed,94.9,Low
33,Male,8.4,12.0,60,1.6,8.6,2,Sad,89.2,Low
40,Female,6.9,5.7,77,3.5,3.4,5,Sad,77.3,Low
24,Male,5.6,8.3,6,4.8,3.2,2,Sad,62.99999999999999,Medium
43,Male,6.7,3.6,67,1.2,4.5,7,Sad,60.2,Medium
49,Male,4.4,11.3,61,1.2,6.1,4,Sad,35.8,High
29,Female,5.2,4.0,18,3.2,4.5,10,Sad,32.599999999999994,High
25,Male,7.8,3.9,106,4.8,2.8,5,Happy,100.0,Low
22,Female,7.3,4.5,46,1.9,5.3,2,Happy,85.3,Low
59,Female,4.8,6.1,23,2.3,9.1,1,Sad,66.1,Medium
45,Male,6.2,1.2,79,1.4,7.8,9,Happy,61.99999999999999,Medium
22,Male,4.7,7.6,5,2.4,11.6,6,Sad,44.0,High
43,Male,8.3,1.3,107,1.2,6.4,5,Sad,100.0,Low
22,Male,4.5,6.9,7,2.6,5.3,5,Stressed,36.199999999999996,High
39,Female,7.3,6.0,24,3.2,8.9,2,Neutral,91.6,Low
32,Female,7.0,3.7,95,4.9,6.1,8,Happy,86.3,Low
30,Female,6.4,4.6,88,4.3,8.2,4,Neutral,94.29999999999998,Low
45,Female,5.4,8.8,73,4.3,11.5,4,Sad,79.5,Low
50,Female,6.0,1.1,106,1.9,7.0,8,Stressed,70.5,Medium
40,Female,8.0,4.5,40,1.3,7.0,4,Sad,83.5,Low
50,Female,7.8,8.5,57,3.4,9.8,1,Sad,100.0,Low
35,Female,7.7,2.7,80,3.1,9.6,4,Stressed,100.0,Low
47,Female,7.7,7.2,59,3.1,7.2,10,Stressed,64.3,Medium
43,Female,4.7,2.9,109,1.4,2.6,1,Happy,71.2,Medium
33,Male,4.5,2.7,2,3.0,11.8,6,Stressed,54.6,Medium
30,Male,8.3,9.5,8,1.6,5.8,2,Happy,77.19999999999999,Low
56,Male,8.2,3.9,51,2.7,5.2,9,Happy,72.30000000000001,Medium
50,Female,7.4,5.1,57,1.2,11.8,10,Happy,64.80000000000001,Medium
43,Male,7.0,9.0,59,4.4,10.7,4,Neutral,91.19999999999999,Low
18,Female,5.8,3.0,81,1.1,5.3,8,Neutral,52.300000000000004,Medium
55,Female,5.1,6.8,48,4.8,5.1,2,Happy,73.2,Medium
19,Male,7.3,11.1,93,4.5,9.2,5,Happy,90.29999999999998,Low
23,Female,8.6,7.1,4,4.0,5.3,8,Neutral,71.19999999999999,Medium
55,Male,6.2,1.5,61,4.9,4.5,1,Happy,100.0,Low
59,Female,5.5,7.5,115,1.2,11.8,6,Sad,68.6,Medium
41,Female,5.4,2.0,31,3.6,7.7,2,Sad,81.60000000000001,Low
35,Male,4.1,4.1,116,4.4,9.6,5,Stressed,77.2,Low
44,Male,6.6,10.3,26,1.5,9.1,1,Happy,72.3,Medium
58,Male,8.9,1.1,84,3.3,9.6,4,Happy,100.0,Low
25,Male,8.1,1.8,23,2.6,11.0,3,Sad,100.0,Low
45,Male,8.5,5.0,37,2.7,7.0,10,Happy,69.9,Medium
27,Male,7.1,12.0,66,4.7,9.5,5,Sad,82.7,Low
34,Female,6.4,4.2,15,3.2,10.0,8,Sad,62.599999999999994,Medium
46,Female,9.0,2.7,14,1.4,11.5,9,Happy,81.39999999999999,Low
23,Female,6.2,7.0,24,4.7,9.1,5,Happy,74.5,Medium
31,Female,8.6,6.7,71,1.7,10.9,9,Sad,81.1,Low
39,Male,7.8,5.9,104,4.6,3.0,10,Happy,76.0,Low
23,Female,5.7,11.4,3,4.9,3.3,4,Happy,49.9,High
43,Female,6.5,4.1,31,4.5,3.6,5,Neutral,72.7,Medium
56,Male,5.9,4.2,44,3.7,3.4,9,Neutral,48.69999999999999,High
29,Female,4.7,2.5,55,4.0,2.9,9,Sad,42.8,High
52,Male,5.8,8.7,34,3.8,3.2,2,Sad,64.80000000000001,Medium
31,Male,8.4,4.5,52,2.8,12.0,5,Stressed,100.0,Low
39,Male,7.8,9.8,29,2.1,4.7,8,Stressed,52.09999999999999,Medium
40,Female,5.4,11.7,102,2.1,6.8,1,Sad,71.10000000000001,Medium
24,Male,5.8,1.5,111,3.9,10.2,4,Neutral,100.0,Low
57,Female,7.1,11.9,48,3.5,3.2,8,Sad,48.699999999999996,High
42,Female,6.1,3.8,93,3.3,5.2,10,Sad,58.9,Medium
30,Female,6.5,5.6,80,3.6,3.6,2,Neutral,87.0,Low
38,Male,7.5,9.6,82,4.1,2.6,1,Stressed,93.9,Low
58,Male,6.3,8.3,51,4.0,11.6,6,Sad,75.8,Low
27,Male,5.0,9.6,94,1.4,10.6,6,Stressed,53.8,Medium
26,Female,6.6,6.1,80,2.5,10.8,1,Happy,99.9,Low
32,Female,5.8,11.1,119,2.1,10.7,3,Neutral,79.5,Low
19,Male,5.5,9.7,1,3.2,3.5,10,Sad,18.800000000000004,High
42,Female,5.6,4.4,58,1.2,9.8,8,Sad,52.4,Medium
30,Male,6.2,11.4,36,4.0,9.3,9,Stressed,49.00000000000001,High
51,Male,8.4,11.6,111,1.4,11.3,8,Happy,80.6,Low
51,Female,7.7,5.6,28,2.1,4.2,1,Neutral,86.3,Low
52,Female,7.3,8.2,29,4.1,6.1,4,Happy,79.10000000000001,Low
55,Male,6.4,10.0,117,1.2,4.9,9,Happy,47.2,High
20,Female,4.0,10.0,106,3.6,4.6,1,Sad,64.4,Medium
59,Male,5.7,1.2,21,4.7,8.5,4,Stressed,83.3,Low
23,Male,8.1,7.9,101,3.5,3.6,10,Stressed,70.10000000000001,Medium
36,Female,5.9,11.7,74,3.9,6.6,7,Sad,55.10000000000001,Medium
20,Male,6.8,3.5,96,4.2,8.5,7,Sad,90.2,Low
35,Female,5.0,9.8,18,1.9,3.3,7,Happy,22.1,High
56,Male,8.6,6.9,66,3.3,4.6,10,Stressed,71.10000000000001,Medium
26,Female,8.6,3.4,103,2.2,11.7,4,Neutral,100.0,Low
29,Female,4.7,1.6,85,2.0,10.0,8,Sad,58.8,Medium
22,Male,7.6,9.4,17,1.8,8.8,3,Happy,75.20000000000002,Low
20,Female,4.4,4.5,108,3.3,10.6,9,Stressed,58.3,Medium
28,Female,7.0,5.1,93,4.2,2.1,6,Sad,79.6,Low
47,Male,4.9,6.3,64,4.5,2.1,7,Happy,47.900000000000006,High
21,Female,4.7,6.6,83,2.7,3.5,9,Stressed,34.89999999999999,High
22,Male,4.0,3.3,112,2.5,7.0,4,Neutral,66.30000000000001,Medium
18,Female,8.7,8.4,4,3.7,7.7,5,Happy,84.9,Low
44,Male,8.1,8.6,75,4.1,3.1,1,Neutral,100.0,Low
45,Male,4.4,2.6,10,2.0,2.7,10,Happy,16.199999999999996,High
46,Male,7.0,6.9,87,2.2,10.3,8,Neutral,73.20000000000002,Medium
35,Male,5.2,7.7,57,3.1,6.6,2,Stressed,68.7,Medium
29,Female,5.3,3.0,17,2.8,11.9,5,Neutral,68.2,Medium
30,Male,8.4,10.8,71,3.8,4.3,5,Neutral,84.19999999999999,Low
58,Female,4.6,6.3,92,3.0,8.5,10,Neutral,43.80000000000001,High
19,Male,7.0,2.3,55,1.4,10.0,4,Stressed,87.4,Low
54,Female,6.0,4.7,21,1.7,10.7,4,Sad,68.7,Medium
33,Male,5.0,6.2,55,4.6,5.1,2,Sad,73.8,Medium
41,Female,6.3,1.1,108,1.9,3.9,3,Happy,87.69999999999999,Low
52,Female,8.7,1.4,65,1.2,4.3,10,Sad,71.8,Medium
39,Male,7.9,1.6,22,3.9,8.7,2,Neutral,100.0,Low
53,Male,4.7,6.9,15,3.7,7.2,1,Stressed,65.10000000000001,Medium
28,Male,8.2,4.7,43,3.4,8.0,4,Sad,98.19999999999999,Low
46,Female,8.7,10.8,71,3.0,2.2,9,Stressed,62.99999999999999,Medium
52,Female,5.4,7.2,67,4.9,5.9,6,Neutral,65.3,Medium
32,Female,5.7,9.4,13,1.5,5.1,8,Sad,26.499999999999996,High
48,Female,4.6,8.6,8,3.0,10.6,2,Happy,58.60000000000001,Medium
59,Male,5.7,6.7,74,3.3,9.8,2,Happy,86.5,Low
58,Male,7.4,9.2,111,1.1,6.3,2,Neutral,87.9,Low
33,Male,5.4,7.0,101,2.6,8.3,8,Stressed,57.800000000000004,Medium
27,Male,4.0,5.2,107,4.1,2.5,1,Neutral,72.5,Medium
49,Female,5.7,5.8,114,2.9,8.4,5,Sad,79.5,Low
19,Female,6.3,10.2,15,4.5,3.0,4,Stressed,58.099999999999994,Medium
41,Male,6.8,7.2,12,3.6,9.1,1,Stressed,88.2,Low
40,Female,7.4,5.2,35,4.1,7.7,10,Stressed,66.5,Medium
19,Male,4.3,3.0,43,4.2,5.0,7,Stressed,48.599999999999994,High
55,Female,6.3,6.4,99,3.8,5.7,1,Sad,96.4,Low
48,Female,5.3,3.8,80,4.0,2.9,6,Stressed,63.2,Medium
57,Female,8.7,11.5,13,3.8,5.2,1,Stressed,92.0,Low
43,Female,5.8,6.4,92,3.2,11.7,9,Neutral,67.0,Medium
46,Female,4.5,1.1,16,3.3,6.9,3,Happy,64.3,Medium
20,Female,4.2,2.0,64,1.8,6.7,2,Stressed,65.2,Medium
31,Male,5.3,4.1,83,4.3,8.3,7,Happy,71.5,Medium
42,Female,4.9,2.0,96,2.2,6.8,1,Stressed,84.8,Low
18,Male,7.2,10.8,53,3.1,5.6,7,Stressed,59.7,Medium
20,Male,8.2,10.4,1,2.0,3.4,9,Neutral,42.2,High
43,Male,5.6,11.7,16,3.8,8.3,4,Happy,55.400000000000006,Medium
35,Male,6.9,8.8,22,4.9,9.5,10,Neutral,59.30000000000001,Medium
26,Male,7.7,8.1,85,4.2,11.2,2,Sad,100.0,Low
55,Male,6.0,11.2,0,3.5,2.0,4,Happy,43.1,High
40,Female,4.3,11.4,11,3.3,2.7,9,Happy,8.300000000000006,High
38,Female,5.1,10.7,12,3.0,11.0,8,Neutral,37.00000000000001,High
18,Female,8.4,10.5,77,1.8,8.3,5,Stressed,84.0,Low
38,Male,8.1,8.4,73,2.4,11.6,8,Stressed,82.0,Low
44,Male,4.4,1.0,11,2.6,6.3,7,Sad,41.800000000000004,High
59,Male,5.1,5.7,56,4.8,6.2,4,Stressed,71.2,Medium
23,Female,7.8,8.0,85,2.7,5.4,3,Happy,91.3,Low
53,Female,6.4,7.0,17,3.3,3.4,1,Happy,72.7,Medium
45,Female,7.8,10.0,102,4.7,5.8,3,Sad,100.0,Low
34,Male,5.1,10.0,82,3.1,2.1,8,Sad,35.10000000000001,High
57,Male,8.8,7.6,93,2.0,7.1,9,Neutral,79.6,Low
20,Male,7.9,1.2,14,2.5,10.5,9,Happy,76.89999999999999,Low
29,Female,5.0,5.1,38,2.5,5.2,5,Happy,50.29999999999999,Medium
56,Male,6.8,3.5,77,3.9,2.9,4,Sad,85.7,Low
29,Male,4.6,4.7,72,2.2,11.7,6,Sad,61.400000000000006,Medium
19,Male,5.8,7.8,68,3.9,3.3,7,Happy,54.1,Medium
39,Male,7.3,1.7,32,4.6,7.3,6,Sad,89.6,Low
40,Female,5.7,1.2,47,2.3,10.1,5,Stressed,75.7,Low
47,Female,7.3,5.8,4,1.5,4.5,2,Neutral,70.7,Medium
22,Male,5.2,9.7,87,3.6,10.4,3,Stressed,76.8,Low
26,Male,7.6,1.3,7,2.4,7.6,9,Neutral,66.00000000000001,Medium
38,Female,5.8,10.3,18,3.1,5.3,7,Sad,39.099999999999994,High
28,Female,8.0,5.2,51,3.5,10.7,10,Happy,78.69999999999999,Low
22,Male,4.7,2.3,11,2.6,8.2,2,Stressed,66.0,Medium
52,Female,5.8,7.2,71,4.7,8.2,1,Stressed,93.69999999999999,Low
44,Female,6.3,11.5,7,2.6,7.0,1,Sad,64.4,Medium
19,Male,6.1,7.0,54,2.2,4.7,1,Stressed,74.2,Medium
41,Female,6.2,8.6,101,4.5,5.0,6,Happy,73.5,Medium
48,Female,6.2,10.0,83,1.5,2.9,5,Neutral,51.89999999999999,Medium
50,Female,8.9,9.8,92,1.5,4.4,7,Stressed,76.10000000000001,Low
56,Female,5.0,1.8,104,4.7,4.8,5,Neutral,80.3,Low
47,Male,7.8,9.2,33,1.8,2.6,9,Neutral,44.39999999999999,High
54,Female,6.8,11.4,81,1.6,3.1,1,Happy,71.60000000000001,Medium
45,Female,6.1,8.7,64,3.1,4.7,9,Sad,45.300000000000004,High
48,Male,7.2,10.2,74,1.2,8.8,4,Happy,74.0,Medium
28,Female,8.3,6.3,46,3.5,3.8,10,Happy,64.7,Medium
40,Male,6.3,4.5,107,2.8,7.2,7,Neutral,75.80000000000001,Low
19,Male,8.3,8.4,34,3.6,7.1,2,Sad,97.2,Low
57,Female,4.5,6.4,114,2.1,10.3,3,Happy,74.1,Medium
58,Female,7.3,10.8,115,4.6,8.1,4,Sad,97.60000000000001,Low
44,Female,5.7,11.7,31,2.1,11.2,5,Happy,52.7,Medium
52,Female,5.9,10.0,50,3.6,8.3,2,Happy,75.6,Low
19,Female,6.9,11.9,105,4.8,2.3,7,Neutral,66.8,Medium
56,Male,6.4,4.8,79,2.6,5.8,6,Neutral,70.8,Medium
54,Female,5.9,10.9,5,1.6,9.0,9,Neutral,28.200000000000003,High
38,Male,5.5,4.6,8,1.3,6.8,7,Sad,39.50000000000001,High
22,Female,7.1,2.3,39,4.9,6.2,10,Happy,71.10000000000001,Medium
38,Male,6.5,7.8,85,4.1,8.7,10,Stressed,64.30000000000001,Medium
46,Female,5.6,6.0,47,4.7,4.9,2,Neutral,78.7,Low
37,Female,5.0,11.1,71,3.8,11.1,3,Sad,71.2,Medium
55,Female,7.9,6.4,119,2.4,6.1,3,Sad,100.0,Low
37,Female,8.0,11.2,95,1.5,8.3,8,Happy,68.69999999999999,Medium
42,Female,5.1,1.9,25,4.7,11.8,8,Stressed,67.30000000000001,Medium
19,Male,5.3,10.1,117,3.0,9.9,3,Stressed,79.0,Low
49,Female,5.2,9.4,81,2.6,7.3,8,Stressed,45.00000000000001,High
43,Female,8.4,8.9,36,3.3,10.6,5,Stressed,91.10000000000001,Low
23,Female,7.9,4.9,51,1.4,7.6,4,Neutral,85.60000000000001,Low
58,Male,4.4,9.6,11,2.2,6.4,4,Stressed,34.8,High
20,Female,8.2,6.3,37,3.6,10.7,4,Neutral,100.0,Low
50,Male,4.2,8.9,97,1.4,2.3,1,Stressed,51.20000000000001,Medium
18,Female,5.3,7.1,67,1.5,6.1,7,Neutral,43.900000000000006,High
22,Male,8.6,2.7,15,3.0,5.4,10,Neutral,69.39999999999999,Medium
30,Female,8.3,1.7,60,3.5,9.1,10,Stressed,87.3,Low
36,Female,7.9,5.0,23,1.7,2.1,4,Sad,70.3,Medium
29,Male,6.3,11.3,77,1.1,8.6,2,Stressed,70.5,Medium
42,Female,5.6,6.8,16,4.8,5.5,1,Neutral,76.60000000000001,Low
52,Male,8.4,9.8,114,1.1,3.0,3,Neutral,86.69999999999999,Low
29,Female,7.3,7.3,94,1.0,11.8,1,Sad,100.0,Low
47,Female,5.5,11.5,3,2.3,4.1,5,Happy,32.3,High
22,Male,6.3,5.1,49,1.9,5.5,6,Happy,59.099999999999994,Medium
51,Female,8.4,1.6,107,3.3,4.1,6,Sad,100.0,Low
39,Male,8.5,9.6,97,4.6,8.6,6,Sad,100.0,Low
56,Male,7.3,8.8,101,2.9,9.8,7,Stressed,81.69999999999999,Low
30,Female,7.7,6.8,101,4.1,10.6,1,Neutral,100.0,Low
20,Female,4.2,4.6,2,4.6,5.1,4,Happy,50.400000000000006,Medium
37,Female,7.0,3.1,7,1.8,7.2,10,Stressed,48.6,High
48,Male,7.4,6.3,11,3.0,8.6,10,Happy,55.80000000000001,Medium
22,Male,4.1,8.3,34,3.6,8.3,9,Stressed,29.799999999999997,High
41,Female,8.2,7.4,65,2.3,9.2,10,Neutral,70.1,Medium
57,Male,8.6,5.8,52,4.0,9.7,2,Stressed,100.0,Low
50,Male,5.2,6.9,92,3.8,3.0,8,Neutral,49.60000000000001,High
25,Male,8.2,2.2,86,2.7,3.7,7,Stressed,87.7,Low
41,Male,7.3,8.7,32,1.4,9.3,7,Neutral,59.6,Medium
37,Female,6.9,9.1,113,1.0,6.8,3,Stressed,79.99999999999999,Low
33,Female,8.2,1.1,17,2.5,6.3,2,Stressed,100.0,Low
29,Female,5.4,4.0,103,1.3,6.6,2,Neutral,78.3,Low
30,Male,8.0,2.0,57,4.1,5.7,3,Sad,100.0,Low
59,Male,5.6,12.0,85,2.3,7.9,3,Sad,64.3,Medium
56,Male,7.9,7.5,77,3.7,5.2,10,Stressed,68.30000000000001,Medium
42,Male,6.3,6.1,92,2.4,8.4,2,Neutral,90.0,Low
49,Female,4.6,6.1,44,4.2,4.0,7,Happy,43.599999999999994,High
41,Male,5.9,11.6,14,4.6,9.6,2,Happy,72.8,Medium
26,Male,5.2,8.3,14,4.4,9.8,6,Happy,55.8,Medium
57,Female,4.5,2.9,44,2.9,7.8,5,Happy,58.1,Medium
40,Female,4.6,5.9,67,1.3,5.7,7,Happy,37.50000000000001,High
30,Female,7.9,9.5,99,2.5,2.1,7,Neutral,68.5,Medium
49,Male,8.4,5.7,68,2.7,3.2,8,Stressed,74.1,Medium
32,Male,8.6,4.4,66,4.8,2.8,4,Happy,100.0,Low
53,Male,8.3,11.9,75,3.3,2.1,10,Sad,54.900000000000006,Medium
22,Male,8.2,11.3,61,3.6,9.2,5,Sad,88.0,Low
39,Male,4.3,11.4,83,4.1,11.6,10,Happy,40.5,High
33,Male,8.0,2.4,43,3.3,2.1,4,Sad,88.5,Low
58,Female,7.9,3.6,19,3.4,3.1,7,Neutral,70.8,Medium
27,Male,4.7,5.9,38,2.0,10.6,3,Happy,62.0,Medium
41,Female,7.3,10.2,38,1.2,8.9,10,Stressed,43.999999999999986,High
35,Female,6.3,9.1,0,3.9,6.0,2,Neutral,68.3,Medium
35,Female,8.5,10.3,107,4.4,11.9,4,Sad,100.0,Low
24,Male,7.5,11.1,66,2.6,7.7,5,Happy,74.4,Medium
21,Male,8.8,9.6,46,3.2,8.7,1,Neutral,100.0,Low
43,Female,4.5,3.9,72,2.2,8.5,3,Neutral,67.60000000000001,Medium
22,Male,4.2,4.1,117,2.8,4.2,8,Neutral,47.6,High
33,Male,8.9,4.9,53,1.8,6.9,5,Neutral,92.6,Low
52,Female,4.4,4.3,19,4.0,4.2,1,Neutral,63.599999999999994,Medium
43,Male,5.9,3.7,8,3.0,7.1,4,Sad,66.39999999999999,Medium
35,Male,7.2,9.3,94,3.2,2.3,8,Happy,60.79999999999999,Medium
46,Male,8.4,1.4,109,1.1,5.8,8,Neutral,88.1,Low
40,Male,5.3,9.0,27,3.5,5.7,2,Neutral,61.300000000000004,Medium
31,Female,4.1,10.1,63,1.8,4.9,9,Sad,16.200000000000006,High
32,Female,6.6,1.7,34,2.5,2.8,10,Stressed,47.49999999999999,High
50,Male,6.4,1.7,39,2.7,9.7,1,Happy,97.29999999999998,Low
42,Male,5.5,4.1,101,2.8,6.2,10,Happy,53.4,Medium
38,Male,8.4,3.3,107,1.9,10.1,8,Stressed,96.50000000000001,Low
34,Female,7.7,7.4,1,4.4,10.4,8,Happy,73.2,Medium
40,Male,8.3,8.4,2,2.7,4.1,6,Happy,64.30000000000001,Medium
34,Male,4.8,8.0,13,3.4,6.2,1,Stressed,59.99999999999999,Medium
31,Female,7.5,4.9,80,3.5,9.2,9,Happy,81.1,Low
46,Male,8.9,6.5,98,3.4,7.0,10,Sad,86.6,Low
37,Female,7.1,8.0,67,3.2,10.6,3,Neutral,93.60000000000001,Low
47,Male,4.9,2.3,46,4.3,7.7,1,Happy,86.50000000000001,Low
36,Female,9.0,3.5,93,4.3,8.3,7,Happy,100.0,Low
56,Male,6.6,10.8,53,2.7,9.9,10,Neutral,48.3,High
30,Male,8.2,4.8,57,3.5,3.2,5,Neutral,87.70000000000002,Low
35,Female,4.7,9.8,61,1.4,7.8,2,Happy,54.2,Medium
40,Female,7.3,3.8,102,1.4,2.9,1,Sad,94.60000000000001,Low
50,Female,8.6,1.5,50,2.9,4.6,6,Neutral,92.7,Low
56,Female,6.7,6.5,77,4.6,4.1,1,Neutral,96.60000000000001,Low
57,Female,5.4,10.8,47,3.6,7.7,6,Stressed,51.2,Medium
35,Male,4.6,10.0,26,3.7,10.4,1,Sad,66.5,Medium
26,Female,5.5,3.8,76,1.6,3.3,7,Neutral,49.20000000000001,High
50,Female,5.8,11.0,54,2.8,9.7,7,Neutral,52.199999999999996,Medium
49,Female,7.5,6.3,83,2.6,3.4,10,Happy,58.8,Medium
34,Female,4.9,1.5,112,4.1,3.9,4,Neutral,80.7,Low
36,Male,4.5,1.3,48,1.6,11.2,7,Neutral,54.4,Medium
44,Male,5.9,6.3,23,3.2,2.1,8,Stressed,39.2,High
23,Male,6.3,7.0,9,4.6,4.0,8,Sad,49.8,High
52,Male,7.1,1.9,6,4.6,4.2,3,Neutral,87.80000000000001,Low
54,Male,7.5,11.1,115,4.4,4.8,8,Sad,75.39999999999999,Low
51,Female,8.4,8.9,16,2.5,5.6,3,Sad,81.10000000000001,Low
37,Male,5.4,9.8,21,4.8,3.0,5,Sad,48.6,High
42,Male,6.6,7.4,58,4.2,6.7,1,Stressed,93.2,Low
21,Female,5.8,8.3,43,4.4,6.0,7,Neutral,56.0,Medium
27,Female,4.0,5.3,10,4.7,8.2,10,Stressed,31.299999999999997,High
27,Male,6.9,8.5,41,4.7,10.7,8,Sad,73.1,Medium
41,Male,8.1,11.8,22,2.0,5.0,4,Happy,65.80000000000001,Medium
38,Female,4.2,8.1,117,1.5,7.5,7,Neutral,43.7,High
28,Male,4.0,4.8,59,3.8,5.7,7,Neutral,44.599999999999994,High
44,Female,7.6,4.1,85,3.3,2.4,6,Sad,82.1,Low
33,Female,7.4,11.6,103,2.3,10.2,5,Sad,83.29999999999998,Low
43,Male,6.0,3.0,61,3.7,8.3,10,Sad,61.300000000000004,Medium
47,Male,7.3,9.9,110,1.2,2.0,4,Sad,69.2,Medium
33,Male,8.8,6.1,53,1.2,4.5,5,Happy,81.39999999999999,Low
24,Female,5.2,5.9,81,2.4,5.1,7,Stressed,50.60000000000001,Medium
33,Female,5.2,9.2,118,1.8,10.1,8,Neutral,54.39999999999999,Medium
52,Male,4.9,2.6,108,3.9,9.6,4,Sad,88.1,Low
33,Male,7.6,6.1,89,4.8,6.0,5,Stressed,97.6,Low
57,Male,5.8,1.4,111,3.6,3.6,6,Happy,78.60000000000001,Low
29,Female,8.9,8.4,93,3.6,5.9,9,Stressed,84.6,Low
52,Female,7.6,1.6,12,1.0,10.1,10,Sad,60.400000000000006,Medium
38,Female,5.8,2.0,67,3.0,6.5,6,Stressed,71.4,Medium
53,Male,4.7,10.3,106,4.3,3.2,7,Stressed,47.49999999999999,High
34,Female,7.0,5.9,26,3.6,2.4,8,Happy,54.2,Medium
49,Female,5.5,3.2,114,1.9,5.3,3,Neutral,79.49999999999999,Low
58,Male,8.5,7.5,39,4.4,3.5,5,Happy,86.8,Low
23,Female,6.2,6.7,73,4.9,9.5,4,Sad,90.69999999999999,Low
41,Male,5.5,5.5,107,2.1,4.8,1,Neutral,81.5,Low
44,Female,6.9,11.0,91,1.8,10.8,4,Stressed,79.80000000000001,Low
37,Male,4.7,9.2,84,2.4,8.2,2,Sad,65.8,Medium
42,Male,6.8,2.7,115,1.3,5.9,4,Stressed,87.89999999999999,Low
19,Female,4.3,7.3,74,4.5,8.1,2,Stressed,73.9,Medium
26,Male,7.0,2.0,83,4.7,5.0,4,Stressed,100.0,Low
45,Female,6.7,3.7,116,3.5,3.4,4,Stressed,91.1,Low
55,Male,6.6,11.0,99,4.1,11.6,3,Stressed,95.5,Low
20,Male,7.4,6.1,82,3.7,7.6,5,Neutral,91.9,Low
37,Male,4.2,10.8,115,2.5,2.1,9,Sad,24.099999999999998,High
23,Female,6.3,2.8,9,3.5,5.1,1,Happy,82.9,Low
56,Male,6.2,3.3,14,4.3,3.6,7,Stressed,58.900000000000006,Medium
50,Male,6.3,4.9,108,4.2,4.6,10,Neutral,65.0,Medium
18,Female,8.9,5.0,44,1.3,2.6,1,Happy,95.5,Low
54,Male,4.7,9.2,52,2.9,4.5,10,Happy,22.500000000000007,High
23,Male,7.5,7.6,81,2.6,8.8,1,Stressed,100.0,Low
51,Male,6.0,7.1,6,4.0,10.2,2,Sad,79.4,Low
32,Male,6.6,7.6,29,3.0,5.5,10,Stressed,42.599999999999994,High
43,Female,7.8,9.1,77,2.4,7.2,6,Stressed,77.60000000000001,Low
31,Male,4.8,10.8,100,3.8,2.4,9,Neutral,34.2,High
24,Male,7.8,5.6,104,2.9,2.9,3,Happy,95.89999999999999,Low
48,Female,4.4,9.8,29,2.0,7.5,5,Sad,35.199999999999996,High
41,Male,6.4,6.4,117,4.6,10.4,8,Sad,86.4,Low
48,Male,7.7,8.9,26,1.5,2.9,10,Happy,37.7,High
46,Female,5.0,10.6,48,1.1,6.2,6,Stressed,32.29999999999999,High
59,Female,7.9,1.4,56,1.6,11.7,3,Happy,100.0,Low
49,Female,4.8,7.0,63,1.7,9.4,2,Stressed,65.89999999999999,Medium
34,Female,8.0,11.9,100,3.2,4.0,3,Stressed,88.2,Low
31,Male,6.3,6.5,62,3.5,4.9,6,Stressed,65.7,Medium
57,Female,7.4,10.5,47,2.8,11.5,5,Happy,79.4,Low
53,Male,8.6,3.0,40,1.8,4.2,8,Sad,73.4,Medium
41,Female,6.0,7.6,80,1.5,6.4,10,Stressed,41.099999999999994,High
44,Male,5.2,10.6,29,3.0,5.6,2,Neutral,54.8,Medium
42,Female,8.3,5.7,81,3.3,6.9,2,Sad,100.0,Low
49,Female,4.8,6.4,2,2.2,4.4,4,Happy,39.39999999999999,High
35,Male,7.2,1.9,91,1.9,8.7,9,Sad,77.30000000000001,Low
35,Female,8.6,1.5,36,1.3,4.3,5,Neutral,85.3,Low
54,Female,7.4,6.2,29,1.1,8.0,7,Sad,60.89999999999999,Medium
43,Female,5.0,10.3,53,1.4,5.6,7,Sad,30.199999999999992,High
26,Male,4.8,11.2,84,4.0,4.5,6,Sad,47.4,High
52,Female,5.3,8.2,112,2.4,9.0,6,Sad,65.0,Medium
25,Female,6.0,10.1,83,1.1,11.7,9,Sad,49.29999999999999,High
37,Male,4.8,9.1,85,3.0,10.7,4,Happy,67.19999999999999,Medium
59,Male,8.0,8.7,99,3.1,2.9,2,Neutral,95.7,Low
39,Female,5.8,9.5,99,2.7,6.5,7,Happy,57.3,Medium
36,Male,8.7,6.6,84,1.4,8.9,6,Sad,91.39999999999999,Low
47,Male,8.2,6.0,87,4.0,7.6,4,Stressed,100.0,Low
45,Male,8.5,2.8,84,3.8,9.3,1,Sad,100.0,Low
52,Female,5.5,10.3,6,2.6,11.8,4,Sad,56.2,Medium
28,Female,6.9,1.5,7,2.5,5.4,6,Neutral,66.7,Medium
48,Male,5.6,3.9,85,1.6,9.7,3,Happy,80.6,Low
56,Female,5.3,6.7,85,4.0,2.9,1,Happy,78.39999999999999,Low
53,Male,7.0,11.7,62,3.4,10.7,2,Stressed,89.4,Low
47,Female,8.1,9.6,62,1.3,9.8,6,Stressed,76.30000000000001,Low
40,Male,4.5,5.1,63,2.5,7.2,1,Stressed,70.3,Medium
36,Female,5.4,8.9,29,4.6,10.2,6,Sad,61.4,Medium
29,Male,5.0,11.2,97,2.8,8.7,1,Happy,74.4,Medium
32,Female,8.0,6.9,92,2.3,7.5,1,Stressed,100.0,Low
48,Female,8.7,6.1,9,3.6,11.5,6,Neutral,93.6,Low
54,Male,4.4,7.1,68,1.8,3.3,1,Happy,54.99999999999999,Medium
54,Female,5.9,4.4,48,3.1,11.9,9,Sad,63.099999999999994,Medium
32,Female,8.6,11.0,120,3.7,3.5,2,Happy,100.0,Low
46,Female,5.7,9.8,38,4.4,6.8,9,Happy,44.6,High
43,Female,7.6,8.8,33,3.8,4.3,5,Happy,72.6,Medium
19,Female,4.5,7.5,101,2.5,4.7,5,Happy,52.1,Medium
37,Female,6.2,11.7,9,4.1,8.3,10,Stressed,37.5,High
32,Female,6.5,4.3,8,4.6,2.3,8,Neutral,53.6,Medium
21,Female,7.8,4.1,59,2.9,11.4,1,Sad,100.0,Low
39,Male,5.4,3.7,95,1.0,4.8,9,Happy,44.199999999999996,High
55,Female,5.3,9.2,4,4.5,4.7,1,Happy,63.3,Medium
40,Male,5.5,9.8,34,1.7,10.6,5,Stressed,51.89999999999999,Medium
43,Female,6.8,7.6,10,1.5,9.6,8,Stressed,49.5,High
28,Male,8.4,8.2,41,2.2,8.7,1,Happy,100.0,Low
45,Female,8.2,4.8,79,2.5,3.5,5,Neutral,87.7,Low
19,Male,4.3,1.4,90,4.2,9.7,3,Sad,86.6,Low
25,Male,8.4,3.8,19,2.6,5.6,8,Stressed,72.4,Medium
46,Female,4.5,7.4,50,1.2,11.9,3,Stressed,58.0,Medium
28,Male,6.1,9.9,0,3.5,8.7,8,Neutral,44.1,High
54,Female,7.8,9.5,89,3.7,10.4,2,Stressed,100.0,Low
35,Female,4.4,3.0,10,4.3,9.3,10,Sad,40.1,High
31,Male,4.2,1.6,60,2.6,7.9,3,Happy,67.6,Medium
27,Female,5.6,10.4,78,1.3,9.2,1,Sad,71.69999999999999,Medium
52,Male,7.6,1.8,38,3.2,8.0,1,Sad,100.0,Low
26,Male,6.6,5.3,103,1.5,2.5,4,Sad,72.5,Medium
52,Female,6.1,2.0,47,1.1,5.5,5,Happy,62.900000000000006,Medium
28,Female,8.1,7.2,81,4.1,5.2,3,Neutral,100.0,Low
29,Female,7.8,5.0,87,2.6,9.1,2,Happy,100.0,Low
20,Female,7.9,3.2,27,3.1,7.8,1,Stressed,100.0,Low
56,Female,6.3,7.5,88,3.7,8.1,3,Neutral,88.3,Low
31,Male,4.1,5.0,86,2.6,10.5,1,Neutral,78.2,Low
45,Male,4.9,2.8,74,1.2,7.3,10,Stressed,38.800000000000004,High
28,Female,7.7,8.7,96,2.0,4.2,10,Stressed,57.20000000000001,Medium
56,Female,7.8,10.2,79,1.8,2.1,6,Neutral,62.60000000000001,Medium
42,Female,8.9,4.0,35,4.9,3.6,3,Stressed,100.0,Low
38,Male,5.0,3.1,86,4.0,2.3,4,Neutral,69.6,Medium
27,Male,4.6,1.8,69,2.8,4.4,8,Stressed,47.0,High
32,Male,4.7,6.8,106,1.3,8.3,10,Neutral,37.7,High
36,Female,4.9,10.1,61,1.5,3.5,5,Happy,35.5,High
39,Female,6.6,3.8,87,4.3,2.8,5,Happy,82.9,Low
38,Male,8.9,6.1,101,4.8,11.7,8,Stressed,100.0,Low
49,Female,6.9,2.8,105,1.1,12.0,10,Stressed,73.9,Medium
40,Female,6.6,5.4,69,4.6,8.4,10,Neutral,68.8,Medium
30,Male,7.4,1.2,9,2.5,3.1,10,Sad,52.099999999999994,Medium
22,Male,4.4,11.0,85,1.9,10.2,4,Stressed,52.9,Medium
21,Female,8.1,8.4,86,1.4,7.4,8,Happy,71.2,Medium
45,Male,7.2,4.7,4,4.1,3.8,10,Stressed,51.49999999999999,Medium
31,Female,4.9,10.7,27,2.9,7.8,5,Neutral,43.10000000000001,High
25,Male,7.2,3.0,58,4.3,2.4,6,Neutral,79.89999999999999,Low
26,Male,7.0,1.9,8,1.9,11.7,1,Stressed,96.69999999999999,Low
52,Female,4.3,11.4,38,3.7,10.3,9,Stressed,30.9,High
54,Female,5.3,4.4,112,1.5,4.6,4,Sad,67.30000000000001,Medium
38,Male,6.0,11.3,107,1.4,6.2,1,Sad,74.20000000000002,Medium
35,Female,5.2,8.0,91,1.5,6.0,7,Neutral,45.7,High
50,Male,5.2,11.8,61,4.2,10.6,10,Sad,42.8,High
25,Female,6.9,9.3,88,3.6,5.5,4,Happy,81.0,Low
34,Male,6.4,2.2,106,1.7,2.5,5,Stressed,74.3,Medium
48,Male,7.3,10.4,37,2.5,4.1,7,Stressed,52.30000000000001,Medium
51,Male,8.8,2.6,90,4.1,4.2,7,Neutral,100.0,Low
23,Female,7.3,8.6,23,2.1,11.5,9,Stressed,57.89999999999999,Medium
39,Male,6.9,6.5,63,4.7,11.2,9,Happy,78.5,Low
31,Male,8.2,8.8,120,4.7,5.0,7,Neutral,93.9,Low
20,Male,7.2,9.4,106,3.2,2.0,10,Stressed,54.400000000000006,Medium
29,Male,4.8,9.8,42,3.5,7.2,9,Happy,32.7,High
53,Female,5.6,10.2,109,3.6,10.0,5,Neutral,75.4,Low
29,Female,7.7,10.3,15,2.0,4.7,2,Happy,70.80000000000001,Medium
19,Male,7.7,5.5,65,2.5,6.4,9,Stressed,68.3,Medium
19,Male,8.9,10.8,65,1.5,3.7,6,Sad,71.30000000000001,Medium
32,Female,7.1,8.9,68,4.7,5.3,6,Neutral,76.89999999999999,Low
40,Male,8.5,10.2,45,3.9,9.6,9,Stressed,76.3,Low
46,Female,4.3,11.9,20,1.2,6.3,1,Neutral,37.8,High
34,Male,6.8,2.3,59,3.2,6.5,2,Neutral,96.2,Low
49,Female,8.6,5.1,9,2.4,9.9,3,Neutral,97.39999999999999,Low
24,Male,5.4,9.9,105,4.3,9.6,1,Happy,91.9,Low
47,Female,4.8,1.9,17,2.4,3.9,4,Neutral,51.4,Medium
45,Female,5.8,6.9,89,3.6,6.2,2,Sad,84.4,Low
31,Female,8.0,10.4,83,1.7,10.5,3,Stressed,93.3,Low
47,Male,4.4,1.2,40,3.2,6.6,8,Happy,46.8,High
34,Female,7.0,11.3,35,2.2,8.6,4,Neutral,66.60000000000001,Medium
49,Female,4.7,11.8,112,1.7,5.1,9,Neutral,28.500000000000004,High
23,Male,6.2,4.5,84,3.5,2.6,6,Stressed,68.5,Medium
41,Male,8.8,9.4,65,3.6,3.6,1,Happy,100.0,Low
23,Male,5.0,2.4,45,4.9,6.0,6,Happy,66.7,Medium
44,Male,4.2,9.5,117,3.7,5.5,7,Neutral,47.900000000000006,High
35,Female,6.1,6.3,96,3.1,11.0,4,Happy,89.10000000000001,Low
41,Male,6.9,10.5,22,4.7,7.5,8,Sad,58.900000000000006,Medium
54,Male,5.5,3.3,38,4.3,8.3,10,Neutral,54.1,Medium
41,Male,6.7,8.4,94,3.2,8.9,3,Neutral,90.8,Low
55,Male,8.8,9.6,3,3.0,7.3,7,Happy,70.99999999999999,Medium
51,Male,5.6,3.2,40,4.8,9.7,7,Sad,73.0,Medium
57,Male,5.5,10.0,2,3.5,9.8,4,Sad,56.50000000000001,Medium
32,Male,6.4,11.5,100,3.9,5.5,1,Neutral,87.5,Low
28,Female,6.6,7.8,52,1.3,2.8,10,Sad,32.90000000000001,High
39,Female,4.0,9.6,119,3.9,11.9,10,Sad,47.89999999999999,High
41,Female,7.1,6.9,73,2.1,8.4,6,Sad,75.1,Low
18,Female,9.0,7.6,105,1.5,9.1,10,Neutral,81.5,Low
35,Female,5.5,1.1,95,4.4,9.6,7,Stressed,85.0,Low
29,Male,7.2,6.8,35,3.8,8.1,3,Neutral,88.60000000000001,Low
45,Male,4.0,7.3,48,2.6,6.7,5,Stressed,41.4,High
57,Male,7.0,8.4,26,2.7,11.8,8,Sad,63.50000000000001,Medium
24,Male,6.2,2.9,52,1.8,9.3,7,Sad,66.20000000000002,Medium
40,Female,6.7,3.7,48,1.0,10.5,2,Neutral,87.19999999999999,Low
38,Female,6.7,9.3,82,2.4,6.4,4,Neutral,73.60000000000001,Medium
51,Male,4.9,2.8,101,1.6,11.0,7,Happy,65.60000000000001,Medium
28,Male,7.8,5.6,0,2.7,9.3,9,Happy,62.9,Medium
39,Female,6.8,3.8,89,4.3,9.5,7,Sad,90.7,Low
59,Female,5.4,7.0,45,1.5,2.9,8,Neutral,30.3,High
52,Female,8.7,11.9,61,1.4,8.2,10,Neutral,58.800000000000004,Medium
46,Male,4.1,10.4,76,4.6,5.4,9,Neutral,33.2,High
59,Male,7.6,4.0,98,4.0,8.7,1,Sad,100.0,Low
45,Female,5.9,5.1,118,1.2,7.7,3,Happy,81.8,Low
35,Female,6.6,11.1,65,1.3,3.1,6,Neutral,45.5,High
31,Male,5.5,10.9,21,3.7,7.3,8,Neutral,38.50000000000001,High
35,Male,5.6,2.8,38,2.5,6.5,7,Stressed,55.5,Medium
45,Male,4.1,10.1,91,3.9,9.8,6,Happy,54.1,Medium
41,Male,7.6,4.3,43,2.6,7.0,4,Neutral,87.0,Low
25,Female,7.6,7.0,1,4.9,6.8,8,Neutral,68.3,Medium
59,Female,7.3,1.1,74,3.8,9.2,10,Stressed,83.0,Low
25,Female,8.4,12.0,111,1.2,8.7,4,Happy,89.6,Low
21,Male,8.5,9.4,58,2.3,11.9,6,Happy,89.1,Low
44,Male,6.8,3.7,100,3.3,5.5,3,Neutral,96.1,Low
53,Male,7.4,8.5,89,1.6,8.9,7,Neutral,72.6,Medium
22,Female,4.1,4.2,27,1.0,3.7,6,Neutral,26.4,High
50,Female,8.2,2.0,89,1.3,10.0,7,Stressed,94.3,Low
51,Female,8.1,5.7,80,3.1,9.9,5,Stressed,100.0,Low
47,Male,4.1,7.8,66,3.5,9.3,5,Stressed,54.7,Medium
25,Male,6.7,2.0,13,1.4,3.2,2,Stressed,71.0,Medium
56,Female,8.5,6.7,15,3.7,11.9,6,Stressed,92.89999999999999,Low
43,Male,4.9,6.7,112,3.5,11.4,1,Happy,94.3,Low
54,Female,5.8,7.9,50,4.8,5.7,7,Neutral,59.6,Medium
51,Female,5.7,3.7,99,4.4,7.8,3,Happy,94.99999999999999,Low
24,Female,5.8,1.2,27,4.8,10.9,2,Stressed,98.8,Low
57,Female,4.2,4.6,91,4.9,6.9,7,Neutral,61.3,Medium
45,Male,5.4,5.4,52,2.8,8.0,9,Sad,47.60000000000001,High
56,Male,5.5,8.0,51,3.0,8.0,1,Neutral,76.2,Low
56,Male,8.3,11.2,115,2.1,8.5,6,Neutral,87.1,Low
45,Male,5.8,3.2,24,3.0,7.8,8,Neutral,54.99999999999999,Medium
31,Male,6.2,8.6,56,1.6,6.1,2,Sad,68.2,Medium
55,Male,5.9,2.1,8,3.7,7.4,5,Happy,69.69999999999999,Medium
21,Female,4.6,3.1,10,1.1,10.7,4,Neutral,52.699999999999996,Medium
59,Male,9.0,6.6,100,1.9,10.6,10,Happy,87.5,Low
35,Male,8.1,8.8,106,1.8,9.7,3,Happy,100.0,Low
42,Male,6.7,10.4,44,4.8,6.1,10,Sad,51.2,Medium
24,Female,6.4,9.2,84,1.6,9.9,8,Sad,58.2,Medium
55,Male,7.2,1.2,1,4.6,5.9,2,Neutral,96.6,Low
45,Female,5.6,8.5,53,1.5,8.6,1,Stressed,70.3,Medium
22,Male,4.3,10.1,33,3.6,7.7,1,Stressed,58.79999999999999,Medium
20,Male,6.0,6.8,41,2.3,5.0,10,Stressed,36.10000000000001,High
48,Male,8.9,11.6,76,2.3,6.5,5,Neutral,85.5,Low
59,Female,4.9,1.0,68,5.0,10.3,9,Stressed,70.19999999999999,Medium
37,Female,6.6,10.0,10,1.9,11.1,4,Stressed,63.7,Medium
36,Male,4.0,4.7,28,1.8,4.1,7,Sad,25.400000000000002,High
28,Male,4.6,8.2,110,3.4,6.6,2,Sad,73.8,Medium
57,Male,6.9,8.6,91,4.0,6.3,3,Neutral,90.6,Low
20,Female,5.5,4.4,91,4.9,6.9,10,Stressed,62.7,Medium
40,Female,8.5,11.9,4,3.8,11.8,9,Neutral,68.6,Medium
24,Male,6.0,2.1,19,3.2,7.2,5,Stressed,70.0,Medium
40,Female,5.0,2.7,100,2.6,10.3,6,Happy,74.19999999999999,Medium
24,Female,6.7,10.8,38,3.4,8.6,3,Neutral,75.2,Low
51,Female,8.0,2.3,73,3.4,3.1,6,Sad,89.2,Low
59,Female,4.1,5.2,31,1.9,9.0,10,Stressed,24.300000000000004,High
36,Male,6.5,9.1,28,3.7,8.5,8,Stressed,55.89999999999999,Medium
26,Male,7.9,9.7,65,1.8,9.6,10,Happy,60.8,Medium
35,Female,4.5,11.5,0,3.0,2.7,1,Happy,38.4,High
58,Female,8.5,9.7,83,2.0,4.4,10,Happy,60.999999999999986,Medium
59,Female,5.3,10.3,118,2.3,9.7,8,Happy,54.9,Medium
42,Male,4.9,11.4,0,3.5,5.7,8,Happy,23.1,High
31,Male,6.9,7.1,3,1.3,11.1,7,Happy,56.099999999999994,Medium
42,Female,4.9,4.8,14,1.0,7.2,4,Stressed,45.599999999999994,High
36,Female,7.4,9.4,46,1.5,2.0,1,Sad,71.9,Medium
56,Female,6.5,2.8,29,1.7,9.0,10,Sad,51.7,Medium
32,Female,4.5,1.8,5,1.8,7.1,2,Neutral,57.599999999999994,Medium
33,Male,8.6,9.6,101,4.1,5.2,10,Stressed,77.9,Low
44,Male,7.4,11.5,0,2.8,2.2,3,Stressed,57.4,Medium
57,Male,6.7,5.9,70,2.9,4.0,5,Sad,71.7,Medium
27,Male,5.9,2.8,61,3.6,3.6,3,Sad,78.80000000000001,Low
21,Male,4.7,6.5,63,3.9,7.8,8,Neutral,49.699999999999996,High
36,Male,7.5,5.3,4,1.0,9.7,6,Happy,65.6,Medium
45,Female,8.1,5.1,53,4.4,4.3,3,Stressed,99.99999999999999,Low
38,Female,4.6,7.9,48,5.0,9.0,2,Sad,74.8,Medium
31,Male,6.5,2.9,6,1.5,11.0,3,Stressed,77.9,Low
50,Male,6.4,5.2,99,3.6,8.2,2,Sad,99.79999999999998,Low
27,Male,5.7,10.6,2,1.0,9.8,3,Happy,48.800000000000004,High
36,Female,7.9,9.0,75,1.2,4.0,9,Happy,54.0,Medium
47,Female,4.5,1.6,60,2.1,2.7,1,Stressed,65.7,Medium
39,Female,5.0,6.7,78,4.4,5.7,3,Sad,73.6,Medium
20,Female,4.0,2.0,83,3.6,9.1,7,Stressed,60.8,Medium
54,Male,5.9,11.5,40,2.8,8.9,2,Happy,67.8,Medium
58,Female,5.5,3.7,20,2.8,11.6,3,Stressed,76.8,Low
35,Male,8.3,11.3,31,2.9,8.3,6,Sad,73.69999999999999,Medium
28,Female,7.7,10.2,11,2.2,6.1,2,Happy,74.00000000000001,Medium
19,Female,4.4,7.1,100,4.5,10.0,1,Stressed,88.3,Low
29,Female,7.7,4.7,103,3.3,3.5,10,Neutral,71.69999999999999,Medium
23,Female,7.4,10.4,110,2.9,10.1,2,Stressed,100.0,Low
57,Male,5.4,2.7,6,2.9,5.7,4,Stressed,59.699999999999996,Medium
46,Male,4.1,3.0,50,4.7,3.5,5,Sad,55.5,Medium
47,Male,4.6,3.5,44,3.9,3.6,1,Happy,70.5,Medium
19,Male,5.2,7.6,94,1.6,11.8,4,Happy,71.19999999999999,Medium
26,Male,8.1,4.5,64,2.7,8.2,5,Neutral,94.69999999999999,Low
19,Male,6.3,11.9,59,2.2,3.7,4,Stressed,53.4,Medium
46,Male,8.6,3.1,74,4.9,4.7,2,Stressed,100.0,Low
50,Female,7.9,9.9,44,2.7,5.7,1,Stressed,88.9,Low
27,Male,5.4,2.1,33,1.3,2.6,4,Happy,52.099999999999994,Medium
51,Female,8.2,4.9,82,2.6,3.1,2,Happy,99.80000000000001,Low
25,Male,4.6,3.7,10,2.3,9.6,10,Stressed,31.3,High
54,Female,4.2,11.7,96,3.4,9.9,9,Stressed,38.60000000000001,High
50,Male,7.0,1.3,32,1.9,11.9,4,Happy,91.10000000000001,Low
23,Female,5.7,8.9,7,1.1,2.7,3,Sad,39.49999999999999,High
57,Male,5.6,3.7,44,1.4,10.9,7,Neutral,58.19999999999999,Medium
36,Male,7.4,9.9,71,2.1,5.2,3,Neutral,77.30000000000001,Low
49,Male,8.3,4.4,97,2.4,5.3,10,Neutral,76.2,Low
44,Male,5.6,3.1,103,4.3,3.3,8,Sad,66.49999999999999,Medium
18,Female,5.6,8.6,90,2.1,11.9,5,Stressed,71.1,Medium
50,Male,6.7,3.8,92,1.1,11.8,4,Happy,90.9,Low
57,Male,7.3,6.3,77,4.1,10.6,1,Sad,100.0,Low
49,Female,5.0,2.4,33,4.5,2.9,5,Neutral,60.099999999999994,Medium
22,Male,8.6,9.0,44,3.0,10.4,9,Stressed,76.6,Low
34,Female,7.3,5.5,100,2.1,8.3,8,Neutral,77.1,Low
25,Female,7.1,2.5,64,4.1,3.3,4,Neutral,89.89999999999999,Low
59,Male,8.5,9.2,72,1.0,4.6,9,Sad,59.2,Medium
51,Male,8.5,2.1,51,4.7,8.9,7,Stressed,100.0,Low
26,Female,4.7,7.3,9,4.5,10.0,2,Sad,68.69999999999999,Medium
40,Male,4.7,7.7,93,3.2,10.5,7,Happy,59.19999999999999,Medium
52,Female,7.8,11.2,42,2.1,7.4,4,Sad,73.3,Medium
24,Male,8.8,2.7,81,1.1,7.3,5,Happy,98.89999999999999,Low
32,Male,7.3,8.2,80,5.0,8.8,1,Happy,100.0,Low
37,Female,6.1,5.2,69,4.0,9.8,4,Happy,88.0,Low
42,Male,7.4,5.4,10,2.4,3.7,2,Stressed,76.60000000000001,Low
20,Male,5.1,6.5,87,1.1,9.4,9,Stressed,43.7,High
41,Male,9.0,3.6,35,3.6,5.4,8,Neutral,86.6,Low
51,Female,6.2,6.1,96,4.9,5.8,3,Happy,93.1,Low
39,Male,8.7,8.6,96,3.8,2.8,7,Stressed,85.6,Low
28,Female,6.2,6.0,117,1.3,7.9,7,Sad,67.7,Medium
25,Male,8.6,1.5,17,2.6,2.9,6,Sad,81.2,Low
56,Female,5.7,3.8,62,1.4,11.1,3,Stressed,79.00000000000001,Low
52,Male,7.8,4.9,4,4.6,8.2,9,Stressed,72.4,Medium
55,Male,8.8,4.9,30,2.3,11.9,9,Neutral,83.5,Low
25,Female,7.2,1.9,15,3.9,4.5,6,Neutral,75.7,Low
54,Male,7.4,5.9,65,1.3,8.8,3,Neutral,87.30000000000001,Low
44,Female,4.5,8.6,8,1.5,11.6,4,Sad,44.10000000000001,High
45,Male,6.4,1.5,1,3.7,5.0,5,Sad,69.7,Medium
57,Female,8.4,9.3,36,4.4,3.0,9,Happy,64.6,Medium
51,Male,5.2,11.5,83,1.8,8.3,3,Sad,59.199999999999996,Medium
49,Female,7.9,1.1,58,2.7,5.7,9,Stressed,77.3,Low
32,Male,7.4,3.1,80,3.5,4.7,5,Neutral,90.7,Low
34,Female,5.1,7.0,57,4.2,11.9,6,Happy,69.2,Medium
50,Female,5.4,3.4,88,3.5,9.5,2,Happy,93.3,Low
33,Male,6.1,9.4,82,1.4,6.9,2,Stressed,71.4,Medium
46,Female,4.6,4.4,105,3.2,2.5,2,Neutral,71.2,Medium
26,Female,8.6,4.2,7,4.5,3.9,7,Happy,81.3,Low
50,Male,7.7,1.0,51,4.5,5.0,6,Neutral,93.7,Low
46,Male,5.8,4.0,74,3.3,6.9,7,Neutral,67.1,Medium
30,Male,5.5,3.4,76,5.0,7.0,3,Neutral,90.4,Low
38,Male,7.4,4.8,76,1.4,2.2,4,Sad,75.00000000000001,Low
38,Male,6.1,2.6,72,2.9,11.4,6,Neutral,83.5,Low
22,Male,5.1,7.5,68,4.1,7.4,3,Neutral,72.89999999999999,Medium
27,Female,6.2,3.6,81,1.6,2.2,1,Stressed,79.4,Low
23,Female,8.4,10.1,103,4.9,9.0,6,Stressed,100.0,Low
30,Female,4.3,4.1,51,2.4,2.7,10,Happy,22.4,High
18,Male,5.8,3.3,77,2.4,9.2,10,Happy,57.20000000000001,Medium
37,Male,8.8,1.6,33,1.9,9.0,2,Neutral,100.0,Low
25,Female,4.1,9.1,85,2.2,11.8,7,Stressed,46.4,High
27,Female,8.5,6.6,47,3.3,5.4,5,Happy,88.5,Low
26,Male,5.9,2.3,96,2.7,3.4,1,Sad,89.9,Low
58,Female,4.9,3.4,23,1.8,2.9,9,Stressed,25.600000000000005,High
20,Male,4.1,12.0,120,4.2,2.7,2,Stressed,59.4,Medium
28,Male,4.4,9.9,118,1.2,10.1,2,Stressed,66.0,Medium
29,Female,4.9,4.8,92,4.3,9.2,10,Sad,57.70000000000001,Medium
27,Male,4.1,7.0,12,2.1,11.8,10,Happy,23.5,High
42,Male,5.7,5.6,120,3.0,5.1,4,Happy,79.0,Low
42,Male,4.2,1.4,49,2.5,10.0,2,Happy,73.5,Medium
28,Male,7.5,9.6,90,3.3,2.9,10,Happy,56.099999999999994,Medium
53,Female,8.1,8.9,64,4.2,11.0,6,Happy,95.0,Low
56,Male,8.4,5.5,70,5.0,2.5,5,Stressed,97.0,Low
43,Male,6.7,10.3,3,2.2,9.9,10,Sad,37.8,High
31,Female,8.7,6.9,63,3.2,5.1,10,Neutral,72.0,Medium
56,Male,4.0,1.7,73,2.9,3.8,3,Happy,61.29999999999999,Medium
57,Male,4.7,3.9,103,5.0,9.0,2,Neutral,94.8,Low
18,Female,5.5,6.1,98,4.2,11.0,6,Happy,81.39999999999999,Low
21,Female,7.9,2.1,118,2.6,9.6,2,Stressed,100.0,Low
47,Male,8.4,7.3,38,2.9,5.1,4,Stressed,85.7,Low
29,Male,7.1,2.3,62,2.0,5.5,5,Neutral,79.80000000000001,Low
52,Female,5.9,3.2,57,4.0,3.9,8,Happy,59.8,Medium
30,Male,7.3,10.8,120,4.4,10.2,1,Happy,100.0,Low
48,Male,4.9,12.0,15,4.9,3.1,7,Sad,30.7,High
55,Male,6.3,7.1,90,3.3,11.0,6,Sad,81.3,Low
40,Female,6.5,7.8,83,3.7,8.0,3,Stressed,88.5,Low
21,Male,4.5,9.8,61,2.8,7.9,10,Sad,27.400000000000002,High
33,Female,4.2,8.7,9,3.4,10.4,10,Sad,24.2,High
24,Female,7.8,3.0,108,2.4,8.7,10,Stressed,83.0,Low
39,Female,6.7,5.5,61,4.0,5.0,1,Happy,94.2,Low
46,Female,5.7,6.9,32,1.1,5.5,2,Sad,58.10000000000001,Medium
28,Male,6.2,5.0,70,1.1,3.7,1,Neutral,74.9,Medium
50,Female,8.8,2.9,41,3.9,6.6,3,Sad,100.0,Low
46,Male,5.9,9.1,43,4.7,3.1,1,Stressed,75.1,Low
56,Female,4.5,3.2,45,3.5,8.5,10,Neutral,42.099999999999994,High
29,Female,6.3,3.9,85,3.9,3.7,5,Stressed,79.10000000000001,Low
24,Male,7.2,4.2,106,4.3,10.6,10,Neutral,87.5,Low
56,Female,4.1,2.8,80,2.4,9.0,6,Happy,57.4,Medium
59,Female,5.7,10.3,72,1.4,10.9,1,Sad,75.60000000000001,Low
43,Male,6.0,7.7,103,4.7,2.9,1,Sad,90.49999999999999,Low
57,Female,6.3,10.2,73,4.8,10.0,4,Neutral,85.19999999999999,Low
26,Female,5.5,6.4,99,2.8,10.8,4,Stressed,81.6,Low
58,Female,7.3,6.7,94,1.9,2.4,8,Stressed,60.69999999999999,Medium
51,Male,8.7,7.8,30,4.6,12.0,10,Neutral,84.4,Low
30,Female,8.6,5.1,4,3.8,5.0,7,Sad,77.6,Low
53,Male,7.3,6.5,119,1.0,4.1,7,Neutral,69.0,Medium
42,Male,6.5,7.0,17,1.4,6.1,9,Happy,37.60000000000001,High
41,Male,8.1,11.5,5,4.9,2.1,8,Sad,55.7,Medium
34,Female,8.2,10.7,105,1.2,10.9,3,Stressed,97.39999999999999,Low
19,Female,8.1,2.4,49,2.1,4.7,4,Happy,89.9,Low
30,Female,4.8,1.5,27,3.2,7.2,8,Happy,48.800000000000004,High
48,Female,4.1,8.5,106,1.7,8.2,5,Sad,50.1,Medium
46,Male,8.9,1.5,23,1.9,9.9,5,Stressed,99.89999999999999,Low
45,Male,8.8,1.7,68,2.4,4.5,8,Sad,87.19999999999999,Low
44,Female,6.8,2.8,27,2.1,9.2,8,Neutral,64.70000000000002,Medium
32,Female,9.0,4.9,57,4.2,3.2,6,Happy,95.00000000000001,Low
48,Male,7.9,5.8,66,3.0,9.0,9,Sad,77.60000000000001,Low
57,Female,6.6,6.7,17,2.1,11.2,4,Sad,72.9,Medium
32,Female,5.9,11.9,3,2.3,2.9,10,Happy,13.099999999999998,High
50,Female,7.0,5.2,103,1.2,3.2,1,Neutral,88.6,Low
37,Female,6.6,3.7,48,1.2,7.6,10,Stressed,49.39999999999999,High
59,Female,9.0,7.3,105,3.9,2.5,2,Sad,100.0,Low
29,Female,6.5,3.4,31,1.5,3.9,1,Happy,75.7,Low
54,Male,8.2,11.3,95,2.9,3.9,4,Happy,84.7,Low
26,Male,8.1,3.9,82,4.4,6.8,9,Neutral,89.2,Low
40,Male,4.4,11.9,92,2.5,4.5,6,Sad,36.10000000000001,High
25,Male,4.4,5.6,96,2.4,6.8,6,Happy,53.6,Medium
49,Female,7.3,9.9,65,4.5,7.2,6,Neutral,79.10000000000001,Low
31,Female,5.3,8.1,57,4.5,9.3,1,Sad,85.30000000000001,Low
44,Male,7.3,11.3,10,4.5,11.5,1,Stressed,93.9,Low
42,Male,4.7,7.9,110,3.3,7.0,3,Stressed,71.7,Medium
30,Male,6.0,7.4,118,4.8,5.6,5,Sad,84.0,Low
38,Male,4.5,8.2,96,4.3,4.6,2,Sad,70.50000000000001,Medium
48,Male,5.4,9.7,104,2.7,8.3,1,Sad,81.5,Low
54,Female,4.4,10.9,103,3.5,11.4,9,Sad,47.099999999999994,High
22,Female,8.9,3.9,64,1.5,9.6,1,Neutral,100.0,Low
30,Male,6.0,3.2,105,3.2,4.1,4,Happy,82.8,Low
45,Male,8.5,1.4,16,2.1,10.9,9,Neutral,81.7,Low
42,Female,8.9,5.1,113,2.1,9.4,10,Happy,90.69999999999999,Low
52,Female,8.5,10.3,79,1.5,3.3,2,Neutral,86.29999999999998,Low
56,Female,6.3,1.8,65,2.4,9.1,10,Sad,62.60000000000001,Medium
24,Male,7.9,6.9,117,2.9,4.9,3,Neutral,100.0,Low
55,Female,4.8,8.6,112,3.4,6.9,4,Happy,68.0,Medium
49,Male,4.5,10.2,3,2.2,5.0,2,Stressed,38.2,High
20,Male,8.4,7.4,31,4.2,2.8,2,Sad,94.0,Low
56,Female,4.2,3.0,70,3.1,9.7,6,Stressed,60.9,Medium
54,Female,8.9,11.6,28,3.6,10.3,10,Happy,70.0,Medium
39,Female,7.4,2.0,60,2.1,4.3,5,Sad,81.1,Low
25,Male,6.1,9.5,59,4.3,4.4,5,Sad,64.1,Medium
34,Female,4.7,2.0,72,3.5,6.3,9,Sad,51.50000000000001,Medium
44,Female,7.6,2.6,57,4.4,10.1,7,Stressed,96.4,Low
50,Male,6.8,10.9,98,1.6,2.8,9,Stressed,43.4,High
34,Female,7.6,9.3,115,2.5,10.1,1,Happy,100.0,Low
59,Female,6.1,5.0,52,1.5,11.2,2,Happy,83.30000000000001,Low
29,Male,4.3,8.0,4,1.9,7.6,5,Neutral,32.5,High
44,Male,5.6,6.0,113,2.6,2.6,10,Happy,44.8,High
25,Male,5.6,1.7,60,4.6,4.7,7,Neutral,69.0,Medium
40,Male,4.0,8.9,20,3.2,3.1,8,Stressed,16.400000000000002,High
59,Male,4.0,9.4,57,2.3,4.6,7,Happy,25.299999999999994,High
46,Female,5.7,10.7,80,4.0,10.1,9,Sad,55.8,Medium
37,Female,7.6,6.9,102,1.1,2.6,3,Neutral,81.30000000000001,Low
33,Male,7.1,8.4,13,2.5,4.8,5,Neutral,58.9,Medium
34,Female,5.2,5.8,95,3.4,7.2,6,Neutral,66.80000000000001,Medium
33,Female,7.0,4.5,78,3.3,10.7,10,Stressed,74.5,Medium
36,Male,7.2,5.5,84,3.4,4.5,7,Neutral,75.8,Low
25,Male,6.6,11.0,53,1.8,9.8,7,Happy,55.199999999999996,Medium
55,Male,6.6,2.8,77,2.3,7.8,4,Neutral,86.9,Low
55,Female,5.8,3.7,40,4.7,8.8,1,Sad,95.69999999999999,Low
46,Male,4.6,7.7,15,4.9,10.6,8,Stressed,47.3,High
58,Female,5.9,2.3,50,2.2,2.3,10,Stressed,40.00000000000001,High
53,Female,5.7,10.8,0,3.6,7.3,1,Happy,64.0,Medium
43,Female,7.0,1.5,39,2.0,9.5,1,Sad,99.8,Low
48,Female,8.3,9.3,17,2.5,10.8,9,Stressed,65.9,Medium
29,Male,5.9,5.1,33,4.2,3.3,10,Stressed,42.99999999999999,High
34,Female,7.5,1.6,89,3.0,5.4,10,Stressed,75.39999999999999,Low
32,Male,8.1,10.3,60,4.4,2.8,3,Happy,88.0,Low
26,Female,5.1,8.0,99,3.5,10.3,9,Happy,56.9,Medium
56,Male,8.5,1.1,20,3.5,10.6,10,Stressed,85.5,Low
59,Male,4.4,3.9,0,1.1,6.8,10,Neutral,15.300000000000002,High
29,Male,8.5,4.9,26,4.0,2.2,1,Stressed,100.0,Low
49,Female,4.8,4.5,50,4.9,3.0,7,Sad,51.5,Medium
42,Female,5.7,6.5,10,2.9,8.2,5,Sad,56.9,Medium
56,Female,7.0,6.8,119,1.6,11.8,4,Stressed,95.80000000000001,Low
35,Male,8.5,5.4,101,4.9,10.4,5,Stressed,100.0,Low
32,Female,5.3,4.6,114,2.2,10.0,1,Stressed,93.6,Low
49,Female,7.8,6.5,13,2.6,6.2,10,Sad,52.99999999999999,Medium
23,Female,7.6,1.4,91,1.3,11.9,7,Happy,93.7,Low
52,Male,4.8,8.1,54,1.4,10.2,2,Neutral,61.99999999999999,Medium
51,Female,6.4,7.7,26,1.9,5.4,9,Happy,38.10000000000001,High
55,Female,6.4,4.1,21,3.2,9.5,5,Neutral,75.0,Low
22,Male,5.5,3.0,20,3.2,6.3,5,Sad,61.6,Medium
35,Male,7.9,1.8,119,3.4,8.6,3,Sad,100.0,Low
33,Male,8.6,7.5,23,3.3,11.7,10,Sad,75.5,Low
25,Male,7.6,7.3,18,3.0,4.5,2,Sad,81.0,Low
42,Male,8.9,6.9,23,4.2,10.0,8,Happy,88.8,Low
49,Male,4.3,11.8,25,4.7,7.9,9,Neutral,27.7,High
43,Female,4.2,6.8,24,2.1,11.5,3,Sad,54.699999999999996,Medium
39,Female,8.5,8.9,44,1.5,3.3,8,Neutral,58.1,Medium
48,Male,8.5,2.2,107,2.7,9.2,6,Neutral,100.0,Low
27,Female,4.5,4.3,28,1.1,2.4,9,Stressed,16.3,High
29,Male,5.8,4.0,73,4.5,4.5,10,Happy,56.099999999999994,Medium
45,Female,8.2,7.3,114,2.0,5.2,4,Happy,94.60000000000001,Low
23,Male,4.6,4.6,10,3.2,6.3,3,Happy,55.4,Medium
37,Male,5.3,8.1,23,1.5,11.7,7,Happy,44.29999999999999,High
22,Female,7.4,8.6,23,3.2,2.7,1,Neutral,78.8,Low
40,Female,8.9,1.4,11,1.2,3.7,3,Sad,89.80000000000001,Low
26,Female,8.0,8.0,6,4.1,4.0,7,Sad,65.7,Medium
46,Female,7.9,2.3,39,4.8,6.2,7,Neutral,90.60000000000001,Low
33,Female,5.7,6.1,80,2.2,2.6,9,Sad,41.0,High
39,Female,7.3,9.0,98,2.0,11.7,10,Stressed,68.0,Medium
25,Female,4.6,8.7,69,2.8,7.6,9,Neutral,35.599999999999994,High
37,Female,9.0,4.3,75,3.5,10.1,7,Neutral,100.0,Low
31,Male,6.4,4.0,78,1.8,9.7,3,Stressed,88.0,Low
56,Female,7.2,5.8,95,4.2,8.6,3,Stressed,100.0,Low
54,Female,8.4,3.1,22,1.8,11.0,5,Sad,93.2,Low
51,Male,4.0,11.7,70,1.0,11.0,9,Happy,21.6,High
28,Male,8.9,4.8,37,3.1,3.3,1,Happy,100.0,Low
57,Male,5.8,11.2,30,1.5,11.0,1,Stressed,67.1,Medium
50,Male,5.7,11.0,28,3.8,7.2,9,Sad,37.99999999999999,High
48,Female,4.7,5.0,43,1.7,4.7,7,Happy,35.49999999999999,High
51,Female,8.3,3.8,27,4.3,8.1,4,Stressed,100.0,Low
24,Male,8.4,9.5,75,2.9,4.8,1,Sad,100.0,Low
40,Male,4.1,3.5,90,3.3,6.8,6,Sad,58.1,Medium
24,Female,4.3,6.7,67,1.7,10.2,9,Sad,35.900000000000006,High
42,Female,8.6,2.2,20,1.6,2.3,6,Happy,74.19999999999999,Medium
20,Female,4.6,5.2,8,3.5,3.8,5,Neutral,42.3,High
55,Female,7.1,1.9,48,2.0,11.6,1,Stressed,100.0,Low
37,Male,7.1,4.1,97,2.5,6.5,9,Stressed,71.7,Medium
51,Female,8.3,8.3,36,2.9,5.0,9,Neutral,62.099999999999994,Medium
47,Male,6.9,11.9,20,1.9,11.2,1,Happy,77.1,Low
34,Male,6.2,3.8,59,4.2,11.1,4,Happy,93.4,Low
27,Male,8.9,6.2,22,4.8,2.4,1,Stressed,100.0,Low
52,Female,5.1,5.9,87,2.7,5.6,10,Neutral,41.30000000000001,High
37,Male,5.3,3.0,9,4.7,11.1,4,Neutral,78.5,Low
35,Female,4.4,7.7,101,4.5,3.8,7,Neutral,50.9,Medium
44,Male,8.9,9.0,69,1.7,7.8,8,Neutral,76.89999999999999,Low
53,Female,7.5,2.6,20,1.7,5.2,3,Sad,80.7,Low
40,Male,4.1,9.3,100,2.9,9.4,3,Sad,63.7,Medium
49,Male,7.5,8.7,28,3.1,3.6,10,Stressed,45.89999999999999,High
27,Female,6.0,3.2,58,2.4,8.0,5,Neutral,73.19999999999999,Medium
28,Female,8.8,8.1,39,2.3,2.0,6,Sad,71.1,Medium
55,Male,5.4,5.3,20,2.7,4.5,3,Neutral,57.9,Medium
23,Male,7.6,8.5,85,3.8,3.6,6,Happy,78.2,Low
58,Female,7.1,6.5,98,1.3,4.1,10,Stressed,52.3,Medium
51,Male,4.1,1.5,62,3.8,10.6,7,Sad,62.60000000000001,Medium
53,Female,8.4,9.7,45,4.7,11.1,6,Sad,95.3,Low
54,Female,4.7,7.1,4,4.1,9.6,6,Happy,49.3,High
34,Male,7.3,9.0,14,1.8,7.9,2,Stressed,74.6,Medium
57,Female,7.9,2.4,104,1.3,4.3,4,Neutral,94.1,Low
57,Male,7.2,8.9,110,3.0,4.7,1,Sad,96.60000000000001,Low
29,Female,4.5,5.6,82,4.8,5.1,10,Sad,44.400000000000006,High
38,Female,8.9,9.8,79,4.3,9.8,5,Sad,100.0,Low
57,Male,5.2,7.6,39,3.3,4.5,10,Neutral,30.099999999999994,High
36,Female,7.1,4.9,110,1.6,11.7,3,Sad,100.0,Low
20,Male,8.0,3.2,106,3.9,10.0,3,Happy,100.0,Low
35,Female,8.7,10.0,86,4.3,12.0,4,Stressed,100.0,Low
36,Female,7.0,7.2,3,4.7,6.6,9,Sad,56.89999999999999,Medium
23,Female,5.3,11.9,84,3.4,7.9,6,Stressed,54.8,Medium
33,Female,8.2,5.1,23,3.1,4.8,10,Happy,61.49999999999999,Medium
25,Male,4.8,8.5,41,3.5,8.0,8,Stressed,40.7,High
35,Female,4.1,7.9,118,4.8,11.7,5,Happy,76.19999999999999,Low
56,Female,8.5,8.0,25,3.5,2.3,6,Stressed,72.1,Medium
29,Female,6.9,9.1,105,2.0,4.9,3,Neutral,79.6,Low
27,Male,4.3,2.5,65,3.5,4.8,7,Neutral,50.1,Medium
24,Male,6.9,7.0,103,4.5,11.8,9,Stressed,85.69999999999999,Low
18,Male,4.7,6.6,7,3.3,3.3,9,Sad,22.300000000000004,High
53,Male,4.2,4.8,72,3.0,10.1,7,Stressed,54.0,Medium
38,Female,4.6,5.8,65,3.9,4.7,3,Happy,64.30000000000001,Medium
54,Female,7.9,6.7,77,3.6,10.6,5,Stressed,100.0,Low
41,Female,7.8,4.5,19,1.2,6.9,10,Happy,52.599999999999994,Medium
42,Male,7.0,4.2,65,3.9,4.4,9,Neutral,66.89999999999999,Medium
24,Male,5.0,9.1,67,2.6,9.1,9,Sad,40.400000000000006,High
59,Female,7.7,1.7,98,4.8,10.4,3,Sad,100.0,Low
34,Female,6.0,4.4,54,4.9,6.7,5,Happy,79.9,Low
46,Female,6.6,8.2,77,2.8,9.1,1,Sad,93.2,Low
47,Male,8.5,3.3,84,4.9,3.8,7,Stressed,99.3,Low
24,Female,6.3,7.3,111,2.2,11.4,2,Sad,96.4,Low
50,Female,7.1,4.3,78,3.7,3.0,10,Stressed,62.5,Medium
24,Male,8.8,10.3,38,1.3,4.2,10,Happy,49.9,High
41,Male,6.3,4.8,49,1.6,4.9,6,Stressed,57.0,Medium
28,Female,6.8,3.5,19,4.5,3.5,10,Neutral,54.3,Medium
26,Male,6.9,6.8,69,4.6,6.1,6,Stressed,80.4,Low
29,Female,5.2,2.5,27,3.1,6.6,7,Sad,53.10000000000001,Medium
52,Female,7.7,9.8,116,2.4,7.2,3,Neutral,95.0,Low
21,Female,7.6,8.5,111,2.8,2.4,8,Sad,68.0,Medium
53,Female,5.1,9.5,42,4.5,4.2,5,Neutral,51.300000000000004,Medium
45,Male,4.1,5.4,65,1.8,10.1,10,Sad,32.400000000000006,High
30,Male,9.0,10.2,27,2.2,10.1,4,Sad,90.2,Low
40,Male,6.9,6.4,118,4.1,5.3,9,Sad,74.89999999999999,Medium
36,Female,4.9,2.0,97,4.7,6.6,9,Sad,65.10000000000001,Medium
59,Female,5.4,3.5,77,1.4,3.8,2,Stressed,69.0,Medium
54,Female,7.1,8.8,72,4.2,10.2,1,Stressed,100.0,Low
56,Male,4.7,10.9,22,3.6,11.6,3,Sad,58.80000000000001,Medium
41,Male,4.2,2.0,107,1.9,4.9,10,Happy,38.7,High
33,Female,8.0,10.5,34,4.0,9.8,8,Sad,73.4,Medium
50,Male,7.6,9.8,21,3.9,5.5,4,Happy,75.1,Low
29,Male,5.5,4.9,4,1.6,2.0,5,Sad,38.0,High
51,Male,4.3,8.6,59,3.0,8.0,5,Neutral,48.599999999999994,High
24,Male,6.4,3.1,40,4.0,6.1,2,Stressed,90.0,Low
28,Female,5.4,9.9,28,1.8,9.6,1,Neutral,64.0,Medium
48,Male,6.0,8.2,34,2.9,9.5,8,Neutral,51.900000000000006,Medium
46,Female,5.4,5.8,113,1.5,11.5,10,Stressed,55.5,Medium
30,Male,4.9,10.5,97,2.2,6.4,5,Stressed,51.2,Medium
48,Female,5.9,2.5,67,1.9,6.8,2,Happy,82.5,Low
19,Female,8.8,10.3,44,3.0,6.0,7,Happy,75.19999999999999,Low
56,Male,5.3,1.3,112,1.6,5.0,2,Neutral,82.80000000000001,Low
32,Female,5.7,9.3,8,2.5,8.4,6,Happy,45.3,High
28,Female,5.6,7.3,50,2.1,10.3,9,Neutral,46.5,High
51,Male,6.4,8.7,13,4.0,3.6,4,Sad,60.39999999999999,Medium
56,Female,8.2,5.5,108,3.8,11.8,5,Sad,100.0,Low
21,Male,6.0,10.5,68,1.4,8.8,1,Sad,73.19999999999999,Medium
28,Female,8.0,4.4,113,4.8,9.8,1,Stressed,100.0,Low
46,Male,4.6,4.0,55,4.0,12.0,9,Sad,57.0,Medium
19,Male,8.5,4.3,110,3.5,7.0,5,Happy,100.0,Low
33,Male,4.9,9.5,90,2.9,2.7,3,Neutral,55.9,Medium
56,Male,4.2,6.4,10,1.7,9.9,2,Happy,51.5,Medium
30,Male,4.8,6.9,29,4.8,10.7,10,Neutral,45.4,High
54,Female,5.0,10.1,114,1.0,3.6,7,Sad,36.8,High
34,Female,6.5,10.2,100,3.8,2.2,4,Stressed,72.0,Medium
38,Male,6.2,2.8,38,3.0,3.4,3,Neutral,73.8,Medium
36,Female,7.6,7.0,97,4.6,5.2,2,Happy,100.0,Low
24,Female,4.3,2.4,114,2.5,11.2,10,Neutral,55.9,Medium
55,Female,6.5,10.6,23,3.1,2.0,10,Sad,27.89999999999999,High
25,Male,5.7,10.2,79,4.0,10.0,4,Stressed,76.4,Low
30,Male,7.2,10.3,57,1.2,10.5,9,Happy,53.80000000000001,Medium
54,Female,4.2,8.8,29,1.2,10.1,10,Happy,16.399999999999995,High
19,Male,4.2,6.1,23,1.8,2.8,7,Neutral,21.000000000000007,High
58,Male,6.1,5.5,66,1.6,8.8,1,Sad,84.80000000000001,Low
28,Female,8.1,5.3,28,1.0,11.5,3,Neutral,92.0,Low
41,Male,7.4,1.7,41,3.5,3.2,5,Happy,82.7,Low
23,Male,4.1,11.4,75,4.2,2.3,7,Neutral,30.800000000000004,High
43,Male,4.9,6.0,118,4.8,10.7,5,Neutral,86.0,Low
24,Male,5.1,11.2,61,2.8,8.4,9,Sad,35.60000000000001,High
56,Male,6.1,10.7,26,2.1,8.5,7,Neutral,44.300000000000004,High
36,Female,6.9,10.1,28,4.5,11.6,1,Stressed,96.1,Low
23,Male,5.1,7.5,65,4.4,9.7,6,Sad,66.4,Medium
46,Male,5.9,2.1,56,3.5,6.0,2,Neutral,87.5,Low
56,Female,6.9,4.6,60,2.1,6.4,6,Sad,71.1,Medium
19,Female,5.9,7.6,28,4.6,3.4,3,Happy,67.19999999999999,Medium
36,Male,4.7,1.1,103,1.7,5.0,2,Sad,75.89999999999999,Low
21,Female,6.5,1.5,56,1.2,6.5,3,Sad,80.2,Low
23,Male,5.6,8.5,72,4.2,4.6,10,Stressed,43.60000000000001,High
54,Female,8.3,10.8,54,3.3,11.2,4,Stressed,95.1,Low
45,Male,7.9,10.4,115,2.0,2.1,1,Neutral,91.4,Low
47,Female,5.0,2.8,43,3.7,7.9,4,Stressed,71.3,Medium
24,Male,4.8,11.0,27,4.1,9.7,6,Neutral,47.300000000000004,High
26,Female,5.7,8.7,36,4.4,9.3,5,Happy,67.4,Medium
42,Male,6.1,8.9,22,2.1,8.4,5,Stressed,54.900000000000006,Medium
50,Male,8.7,4.3,76,1.1,6.1,9,Sad,75.30000000000001,Low
18,Male,5.5,8.9,68,3.0,11.2,9,Happy,52.199999999999996,Medium
23,Female,8.3,8.8,95,4.4,5.3,9,Neutral,81.0,Low
35,Female,6.5,7.5,91,1.8,9.5,7,Sad,68.2,Medium
27,Male,8.4,4.9,57,2.7,11.3,10,Stressed,81.70000000000002,Low
45,Male,7.5,9.9,78,2.0,3.3,9,Happy,51.4,Medium
28,Male,7.5,11.3,87,1.1,11.5,8,Neutral,66.30000000000001,Medium
50,Male,6.6,10.6,31,4.6,9.8,8,Neutral,61.6,Medium
18,Female,8.2,3.7,84,1.5,8.2,5,Stressed,95.29999999999998,Low
30,Female,5.3,5.9,68,4.1,5.7,9,Stressed,50.699999999999996,Medium
54,Female,8.5,4.8,100,2.4,11.0,8,Happy,97.4,Low
37,Male,7.2,8.8,35,2.1,2.4,7,Sad,48.7,High
18,Male,6.2,10.1,91,4.8,6.3,8,Happy,64.6,Medium
20,Female,8.9,3.4,31,3.6,9.6,9,Neutral,89.60000000000001,Low
35,Female,8.3,11.4,58,3.7,10.1,7,Sad,82.5,Low
58,Female,7.9,8.5,59,4.0,4.0,9,Sad,65.8,Medium
31,Female,5.4,3.4,86,2.4,2.5,8,Happy,49.400000000000006,High
48,Male,8.9,5.1,79,3.3,10.0,2,Neutral,100.0,Low
44,Male,7.7,2.2,113,2.1,6.2,3,Happy,100.0,Low
34,Male,7.0,7.6,73,4.3,3.4,6,Happy,73.69999999999999,Medium
46,Female,8.6,2.9,92,3.4,2.9,6,Neutral,97.4,Low
53,Male,4.8,8.6,115,2.0,8.4,7,Sad,52.599999999999994,Medium
54,Female,4.7,9.1,26,4.6,7.8,2,Stressed,64.6,Medium
43,Female,6.8,6.3,98,3.3,10.5,1,Sad,100.0,Low
34,Female,4.3,2.0,105,3.0,2.3,5,Happy,59.6,Medium
39,Female,7.3,7.7,108,1.1,10.7,2,Sad,98.1,Low
42,Female,5.2,5.1,23,4.6,10.9,9,Stressed,55.19999999999999,Medium
19,Male,4.6,11.4,86,4.8,6.5,3,Neutral,65.4,Medium
39,Male,6.0,6.6,66,3.3,2.8,2,Sad,74.1,Medium
22,Male,6.3,1.8,35,2.8,11.5,7,Stressed,75.4,Low
21,Female,4.9,8.0,108,2.4,2.7,6,Neutral,47.99999999999999,High
53,Male,4.2,9.6,13,2.1,7.9,8,Stressed,19.700000000000006,High
23,Female,6.1,2.8,67,3.3,6.9,9,Stressed,63.10000000000001,Medium
38,Male,7.8,5.9,43,1.5,10.4,3,Stressed,91.1,Low
30,Female,8.4,9.2,47,4.7,7.0,8,Sad,80.5,Low
54,Female,4.5,1.2,105,1.7,6.7,4,Happy,69.5,Medium
42,Male,6.6,1.3,118,4.0,10.8,2,Stressed,100.0,Low
43,Female,5.3,8.4,31,2.2,11.6,4,Neutral,60.60000000000001,Medium
56,Male,5.9,9.0,119,1.9,7.5,4,Neutral,73.3,Medium
37,Male,8.7,10.3,83,3.2,6.5,8,Neutral,80.0,Low
50,Male,5.8,5.4,119,4.1,10.3,10,Sad,72.1,Medium
31,Female,5.8,5.3,16,3.9,10.3,8,Happy,58.70000000000001,Medium
53,Female,5.0,7.1,92,1.9,5.2,7,Sad,46.1,High
34,Female,8.8,9.3,56,2.3,7.8,4,Stressed,91.69999999999999,Low
38,Female,6.3,8.1,38,4.5,3.5,2,Happy,75.89999999999999,Low
33,Male,6.9,4.6,31,3.9,8.4,1,Neutral,98.3,Low
33,Female,6.3,4.8,67,3.9,10.3,2,Sad,98.9,Low
37,Male,5.3,9.4,87,2.1,3.9,2,Neutral,61.900000000000006,Medium
46,Male,8.1,6.9,107,4.2,5.2,3,Sad,100.0,Low
45,Female,4.1,2.1,105,2.4,6.5,10,Stressed,42.8,High
25,Female,7.5,2.7,1,2.6,10.5,5,Happy,83.8,Low
41,Male,7.0,10.4,77,2.2,9.3,1,Happy,90.20000000000002,Low
20,Female,4.7,12.0,103,1.5,5.2,5,Neutral,41.49999999999999,High
42,Male,4.8,4.7,41,2.7,4.4,7,Happy,41.10000000000001,High
36,Female,7.3,5.3,37,1.1,9.0,1,Stressed,89.30000000000001,Low
50,Female,5.6,2.7,54,2.8,6.8,4,Sad,72.99999999999999,Medium
19,Male,5.3,3.6,54,3.9,7.9,2,Sad,83.89999999999999,Low
32,Male,4.3,5.7,33,4.8,8.5,8,Neutral,47.199999999999996,High
39,Male,7.8,4.1,45,1.3,7.6,2,Stressed,92.5,Low
27,Female,8.4,8.7,42,2.1,8.1,1,Neutral,97.7,Low
35,Female,8.1,6.9,1,3.0,10.9,2,Neutral,96.2,Low
39,Female,6.3,10.0,35,1.7,10.7,10,Stressed,39.9,High
44,Male,6.7,9.0,69,1.5,3.5,4,Neutral,61.3,Medium
30,Male,5.2,2.4,35,2.8,7.9,5,Sad,64.0,Medium
50,Female,4.9,2.4,21,3.3,6.4,2,Neutral,69.7,Medium
22,Male,8.1,10.9,68,4.3,4.9,4,Happy,88.1,Low
43,Female,8.0,10.0,37,5.0,8.3,7,Happy,81.0,Low
30,Male,7.9,6.1,104,4.1,7.1,5,Happy,100.0,Low
44,Female,6.3,2.4,53,1.9,9.7,8,Stressed,65.69999999999999,Medium
31,Female,8.3,10.9,21,4.0,2.9,10,Happy,51.2,Medium
41,Female,8.6,3.5,111,3.1,5.0,9,Stressed,90.7,Low
20,Male,5.6,1.4,74,2.8,2.3,1,Neutral,82.6,Low
47,Male,5.1,11.2,106,4.7,9.5,1,Sad,88.30000000000001,Low
52,Female,6.3,9.9,119,3.8,11.1,3,Happy,96.2,Low
31,Female,4.9,8.6,30,3.7,7.9,8,Stressed,40.099999999999994,High
29,Female,8.4,1.4,52,1.0,8.2,1,Happy,100.0,Low
45,Female,5.7,6.8,116,4.5,2.5,10,Stressed,54.10000000000001,Medium
46,Female,6.9,8.2,105,4.2,7.0,2,Happy,100.0,Low
34,Female,7.0,9.4,92,2.2,7.3,1,Happy,91.2,Low
57,Male,6.6,6.2,58,2.2,2.4,1,Neutral,76.99999999999999,Low
38,Male,4.8,11.5,96,1.2,9.8,9,Happy,33.800000000000004,High
40,Male,9.0,3.7,85,1.2,4.8,10,Stressed,75.19999999999999,Low
37,Male,4.9,1.8,48,3.7,9.2,1,Happy,87.9,Low
28,Female,7.8,4.7,26,1.7,6.0,4,Happy,78.3,Low
51,Female,8.0,8.3,71,4.7,12.0,7,Sad,97.1,Low
27,Female,4.7,9.1,111,4.4,4.1,5,Stressed,61.2,Medium
27,Male,8.7,9.1,56,2.4,2.6,10,Sad,57.2,Medium
23,Male,6.4,2.2,5,2.5,11.8,5,Happy,76.69999999999999,Low
53,Female,7.1,10.7,45,2.3,4.4,7,Sad,50.89999999999999,Medium
41,Male,7.2,4.1,24,1.4,8.4,6,Happy,68.39999999999999,Medium
29,Male,6.5,3.3,97,1.1,5.7,6,Happy,70.70000000000002,Medium
40,Female,4.7,7.8,8,2.8,8.4,8,Happy,31.8,High
44,Female,7.8,3.3,63,4.8,8.0,10,Stressed,84.0,Low
54,Female,6.9,6.6,99,4.7,9.1,9,Stressed,81.3,Low
23,Male,4.6,5.5,30,4.2,2.2,2,Happy,58.4,Medium
18,Female,7.5,3.6,18,3.5,10.4,10,Neutral,69.69999999999999,Medium
23,Female,7.5,4.2,112,4.4,6.8,4,Happy,100.0,Low
39,Female,6.7,5.7,64,3.1,7.2,10,Sad,58.29999999999999,Medium
58,Male,4.5,4.8,87,1.7,6.1,9,Neutral,37.5,High
41,Male,5.8,5.2,97,3.7,11.9,10,Sad,69.3,Medium
42,Female,4.3,9.1,16,4.7,10.0,1,Neutral,67.5,Medium
32,Female,6.4,2.9,33,1.1,5.1,10,Happy,40.5,High
43,Male,8.5,7.9,98,2.0,9.8,8,Stressed,86.4,Low
25,Male,4.0,8.5,35,2.1,6.4,1,Stressed,49.3,High
41,Female,5.3,9.8,12,1.4,10.7,4,Happy,48.199999999999996,High
55,Male,8.0,10.3,58,1.9,2.3,9,Stressed,49.1,High
23,Female,4.0,2.7,88,2.5,5.6,4,Happy,59.89999999999999,Medium
52,Female,4.1,2.5,118,4.8,6.3,5,Happy,76.19999999999999,Low
59,Male,7.1,7.8,75,4.4,9.4,9,Neutral,75.2,Low
18,Female,7.9,9.3,20,4.8,3.8,8,Sad,64.0,Medium
53,Female,7.9,4.0,100,1.5,4.9,1,Happy,100.0,Low
29,Male,7.9,6.8,109,1.1,9.2,3,Happy,99.1,Low
55,Female,5.8,9.5,101,1.4,2.8,4,Happy,55.800000000000004,Medium
28,Male,8.4,9.4,64,4.7,4.0,3,Stressed,97.5,Low
29,Female,4.1,8.2,111,1.6,9.5,9,Happy,37.800000000000004,High
59,Female,5.6,1.9,5,3.3,10.8,6,Sad,67.30000000000001,Medium
56,Male,5.7,1.6,108,1.9,9.3,3,Neutral,91.5,Low
24,Male,4.8,5.3,108,1.1,7.3,8,Stressed,47.1,High
28,Male,5.7,1.3,10,1.3,3.0,9,Stressed,32.9,High
53,Male,6.9,10.9,79,3.8,10.3,10,Stressed,62.6,Medium
48,Male,6.6,1.2,21,1.7,3.2,4,Happy,66.7,Medium
50,Male,5.6,1.3,109,1.9,5.9,5,Happy,76.5,Low
30,Female,7.7,2.8,10,2.5,2.5,3,Sad,78.9,Low
35,Male,7.6,7.9,36,3.6,9.1,5,Sad,83.60000000000001,Low
58,Female,5.4,7.0,25,2.9,7.0,2,Sad,65.5,Medium
41,Male,5.6,8.3,56,4.8,11.1,2,Neutral,88.8,Low
26,Female,5.4,10.8,25,2.7,3.4,5,Stressed,37.699999999999996,High
48,Female,4.6,6.0,105,1.8,10.2,7,Happy,56.4,Medium
58,Male,7.8,1.5,20,3.1,7.1,1,Sad,100.0,Low
27,Female,4.2,9.4,56,2.8,5.7,3,Neutral,47.800000000000004,High
19,Female,4.8,9.9,25,4.1,8.4,1,Neutral,66.5,Medium
55,Female,4.5,1.5,14,4.7,9.9,8,Sad,56.099999999999994,Medium
32,Male,8.1,3.7,102,4.3,6.4,2,Happy,100.0,Low
20,Male,4.2,9.5,62,2.6,4.3,6,Sad,33.00000000000001,High
48,Female,7.3,5.1,34,1.9,11.2,6,Sad,77.5,Low
23,Male,4.2,6.2,10,4.7,5.1,9,Sad,29.3,High
20,Male,7.9,10.1,72,2.5,12.0,6,Neutral,85.7,Low
28,Female,8.6,2.0,105,4.1,9.7,10,Neutral,100.0,Low
32,Female,6.4,8.5,86,5.0,8.9,6,Neutral,83.0,Low
45,Male,8.0,3.4,67,3.3,2.1,1,Neutral,100.0,Low
27,Male,7.5,1.7,93,2.9,6.5,7,Sad,89.69999999999999,Low
55,Male,8.0,8.3,91,3.8,7.0,6,Happy,90.6,Low
24,Female,7.8,2.3,88,1.8,5.8,8,Neutral,79.6,Low
32,Male,5.0,9.2,85,3.0,3.5,1,Sad,66.6,Medium
35,Male,6.5,3.2,88,2.2,5.7,8,Stressed,66.6,Medium
35,Male,8.8,1.5,115,1.7,2.7,8,Stressed,89.9,Low
58,Female,5.7,2.1,89,3.4,4.9,1,Neutral,93.39999999999999,Low
41,Female,8.9,10.3,49,3.3,2.8,7,Stressed,72.29999999999998,Medium
19,Female,6.9,5.1,28,4.0,9.5,7,Happy,75.39999999999999,Low
57,Male,6.3,4.3,109,4.5,8.7,7,Sad,88.1,Low
37,Male,7.3,6.4,63,1.9,11.4,3,Stressed,93.1,Low
51,Female,8.1,8.0,40,4.1,5.8,3,Happy,93.1,Low
43,Male,6.0,1.4,95,2.5,9.9,8,Sad,76.5,Low
24,Male,4.2,10.9,25,3.5,7.9,8,Stressed,26.500000000000004,High
55,Male,7.5,11.5,27,4.4,8.5,8,Neutral,64.4,Medium
47,Female,8.8,5.6,83,2.0,7.5,3,Neutral,100.0,Low
59,Male,7.1,5.5,47,3.4,9.8,4,Stressed,90.0,Low
22,Male,4.9,10.7,65,2.9,2.4,2,Neutral,51.9,Medium
28,Female,5.2,5.7,22,4.2,2.8,3,Neutral,59.6,Medium
18,Male,8.5,10.4,38,3.8,3.0,5,Happy,76.8,Low
51,Female,4.1,1.3,68,4.1,4.9,3,Sad,70.3,Medium
18,Male,6.7,6.4,20,2.2,7.9,4,Neutral,69.0,Medium
36,Female,4.8,11.5,119,3.8,8.5,7,Stressed,56.8,Medium
19,Female,5.4,3.8,85,3.4,9.1,3,Neutral,86.60000000000001,Low
38,Male,5.5,3.9,48,2.8,4.8,1,Happy,76.39999999999999,Low
37,Male,5.1,7.9,74,2.5,8.5,1,Happy,75.5,Low
40,Female,8.0,11.2,93,2.3,3.2,4,Neutral,78.1,Low
38,Male,5.7,3.2,91,1.0,2.1,1,Stressed,74.0,Medium
41,Female,5.7,11.1,35,1.7,8.9,6,Stressed,44.099999999999994,High
21,Male,6.3,8.3,80,1.2,9.2,4,Happy,70.80000000000001,Medium
29,Male,8.5,11.9,84,4.4,8.2,5,Stressed,96.4,Low
39,Male,7.4,9.1,36,4.4,4.6,6,Happy,70.2,Medium
37,Male,4.3,8.3,99,4.4,11.3,2,Stressed,82.79999999999998,Low
35,Female,4.2,10.0,88,4.3,10.8,1,Neutral,78.69999999999999,Low
18,Female,6.8,2.9,87,1.9,7.2,10,Neutral,63.50000000000001,Medium
47,Male,8.4,11.4,93,3.0,11.9,2,Neutral,100.0,Low
50,Male,5.6,2.8,41,4.6,5.0,6,Neutral,67.60000000000001,Medium
41,Male,5.2,1.3,61,4.0,6.9,10,Sad,55.400000000000006,Medium
31,Male,7.7,8.7,98,1.0,11.3,9,Stressed,70.79999999999998,Medium
53,Male,7.0,3.0,84,2.8,6.6,8,Sad,76.0,Low
22,Female,6.8,9.3,5,1.0,6.7,10,Stressed,28.799999999999997,High
28,Female,4.7,9.7,84,2.1,2.8,1,Sad,56.5,Medium
41,Male,4.9,3.6,7,2.7,4.1,5,Happy,44.89999999999999,High
48,Female,5.4,2.0,68,4.6,3.6,7,Happy,65.8,Medium
30,Female,5.0,6.5,39,3.6,7.7,8,Stressed,46.199999999999996,High
33,Male,8.9,10.8,9,2.4,5.2,7,Happy,63.59999999999999,Medium
41,Female,4.1,10.3,30,3.0,2.8,1,Stressed,43.0,High
30,Female,7.1,2.3,29,4.3,7.1,4,Stressed,91.9,Low
41,Female,6.6,11.6,50,2.2,8.7,4,Sad,65.19999999999999,Medium
43,Female,5.6,3.9,84,3.5,9.4,9,Stressed,65.3,Medium
19,Male,8.4,4.8,35,2.0,10.4,6,Happy,88.2,Low
33,Female,7.4,2.6,60,2.9,6.8,6,Sad,84.89999999999999,Low
55,Female,9.0,5.2,26,1.1,5.9,5,Sad,82.1,Low
18,Female,4.8,8.0,101,4.4,8.8,5,Sad,71.80000000000001,Medium
28,Male,4.4,6.6,34,1.2,2.1,9,Sad,11.799999999999994,High
52,Female,4.7,10.1,59,1.9,8.3,2,Happy,56.699999999999996,Medium
46,Female,5.3,8.1,31,2.3,6.1,10,Neutral,26.7,High
54,Female,6.1,3.9,89,3.5,6.5,5,Happy,81.5,Low
34,Male,8.3,7.1,3,3.9,5.0,1,Stressed,94.89999999999999,Low
56,Male,5.4,1.7,90,1.3,3.3,5,Happy,61.699999999999996,Medium
59,Male,8.6,7.4,99,1.2,6.0,4,Stressed,93.0,Low
45,Male,6.3,5.3,100,4.2,5.1,4,Neutral,87.60000000000001,Low
46,Male,7.2,2.1,26,3.8,11.6,4,Sad,99.2,Low
20,Female,5.3,4.4,46,4.3,11.4,3,Happy,85.7,Low
27,Male,4.8,10.9,111,3.7,8.4,6,Sad,59.7,Medium
59,Female,8.3,7.4,5,4.0,11.0,3,Sad,99.2,Low
31,Male,4.5,10.9,81,2.5,9.5,6,Sad,46.900000000000006,High
29,Male,7.9,5.5,25,3.4,5.5,6,Happy,77.0,Low
59,Male,6.9,11.8,107,4.2,8.0,10,Neutral,63.80000000000001,Medium
47,Female,8.3,5.0,23,1.7,4.2,2,Happy,86.5,Low
49,Female,7.6,9.3,115,2.7,8.9,9,Neutral,75.7,Low
49,Female,5.4,4.4,70,4.0,2.4,10,Neutral,44.0,High
59,Male,6.9,2.2,118,3.1,10.3,8,Stressed,92.29999999999998,Low
49,Male,4.1,10.2,43,3.7,7.8,7,Neutral,35.3,High
43,Male,6.4,9.4,13,2.2,2.6,9,Stressed,27.999999999999996,High
18,Male,4.4,10.0,12,1.1,10.7,8,Happy,21.299999999999997,High
59,Male,6.1,4.3,25,1.1,10.8,9,Sad,48.5,High
19,Male,4.5,8.7,42,4.8,10.5,8,Neutral,49.00000000000001,High
34,Female,8.8,3.4,42,4.8,9.7,3,Sad,100.0,Low
47,Female,6.6,1.1,65,1.8,8.8,10,Neutral,63.4,Medium
56,Male,8.6,10.5,109,1.6,6.0,1,Stressed,100.0,Low
24,Female,4.1,6.8,110,1.1,3.4,6,Happy,37.699999999999996,High
44,Female,7.2,11.8,86,1.9,4.9,3,Stressed,72.89999999999999,Medium
26,Female,5.5,5.2,27,2.3,5.5,3,Stressed,60.50000000000001,Medium
39,Male,6.2,11.5,0,2.0,5.6,6,Stressed,36.2,High
51,Male,8.4,7.8,95,4.2,7.7,10,Happy,83.80000000000001,Low
18,Male,8.9,6.6,11,4.0,4.1,9,Happy,70.2,Medium
26,Male,5.2,4.3,109,1.3,3.9,5,Sad,59.5,Medium
37,Female,8.7,10.1,49,3.8,9.2,1,Happy,100.0,Low
36,Male,7.4,10.1,52,3.1,2.1,10,Stressed,43.900000000000006,High
53,Male,8.8,5.6,119,1.5,3.5,7,Stressed,87.1,Low
57,Male,6.8,9.0,59,4.0,6.3,9,Happy,58.4,Medium
21,Female,8.8,5.9,54,1.3,3.5,10,Sad,60.5,Medium
26,Female,8.5,9.1,34,1.7,11.6,2,Stressed,97.3,Low
58,Female,4.6,11.9,60,1.6,8.7,9,Neutral,23.6,High
39,Female,5.6,3.9,25,4.8,6.3,5,Sad,69.8,Medium
35,Female,5.2,8.0,30,3.8,3.1,1,Stressed,63.2,Medium
29,Male,6.9,5.2,56,2.6,5.9,4,Neutral,78.6,Low
59,Female,8.0,7.0,11,4.3,8.5,8,Stressed,74.7,Medium
56,Female,7.8,10.6,92,1.9,11.7,3,Stressed,96.1,Low
26,Male,7.6,4.8,4,4.7,6.7,5,Happy,84.10000000000001,Low
23,Male,5.9,1.8,98,3.8,8.9,2,Neutral,100.0,Low
36,Male,4.7,9.8,6,3.2,4.0,5,Stressed,32.6,High
24,Female,5.1,7.1,15,4.2,8.2,9,Happy,41.199999999999996,High
33,Male,7.7,5.9,95,3.6,4.4,3,Happy,99.0,Low
22,Female,4.7,3.0,51,4.5,4.0,7,Stressed,53.7,Medium
33,Male,5.1,2.0,80,4.3,7.1,6,Happy,74.7,Medium
18,Female,6.1,4.1,20,1.8,4.1,2,Sad,66.0,Medium
54,Female,4.4,8.9,26,2.0,9.2,7,Sad,31.800000000000004,High
56,Female,5.1,5.5,103,1.3,11.4,10,Sad,49.89999999999999,High
36,Female,4.7,7.3,110,1.9,5.9,4,Stressed,59.7,Medium
54,Male,8.8,1.9,115,2.4,5.2,6,Sad,100.0,Low
34,Male,5.0,2.4,78,1.1,3.8,7,Stressed,45.9,High
43,Female,8.3,1.1,22,2.3,5.9,9,Sad,72.5,Medium
39,Male,4.6,8.4,71,4.1,7.6,7,Happy,51.10000000000001,Medium
25,Female,8.3,3.9,24,4.4,5.7,3,Happy,100.0,Low
50,Male,7.0,11.6,10,1.0,8.2,9,Happy,34.199999999999996,High
19,Male,8.2,4.4,62,1.0,8.6,6,Happy,83.80000000000001,Low
47,Female,8.3,5.0,56,1.6,3.0,4,Stressed,82.2,Low
37,Female,7.0,6.2,84,4.5,9.0,10,Neutral,74.89999999999999,Medium
35,Male,8.6,4.5,53,2.9,11.0,5,Sad,100.0,Low
27,Female,6.9,10.0,118,4.9,2.3,10,Neutral,61.699999999999996,Medium
41,Male,7.6,10.6,9,4.5,7.5,1,Stressed,90.1,Low
21,Male,6.1,1.1,49,4.6,8.0,4,Neutral,91.6,Low
54,Male,8.6,8.2,72,1.5,9.1,3,Neutral,97.7,Low
21,Female,8.1,8.5,111,2.9,5.9,6,Sad,88.5,Low
30,Female,4.8,11.6,0,5.0,10.2,9,Stressed,34.199999999999996,High
42,Male,6.9,5.1,85,1.6,7.4,3,Happy,86.6,Low
30,Female,8.5,3.1,69,3.3,6.1,5,Happy,100.0,Low
35,Female,8.0,6.7,29,2.4,9.2,2,Neutral,94.79999999999998,Low
41,Male,8.8,5.9,54,2.6,11.3,9,Happy,86.6,Low
19,Female,5.2,9.7,97,4.6,10.1,8,Stressed,63.2,Medium
50,Female,5.8,10.9,76,3.4,11.3,10,Sad,51.00000000000001,Medium
36,Male,6.5,2.0,85,4.0,4.7,4,Stressed,91.4,Low
26,Female,5.2,10.3,5,3.7,3.2,8,Happy,25.299999999999997,High
45,Male,6.0,11.0,104,3.1,7.3,10,Happy,48.9,High
52,Female,6.7,11.2,109,4.2,2.4,4,Sad,76.2,Low
56,Female,5.0,9.4,23,4.9,8.7,2,Stressed,69.69999999999999,Medium
27,Male,5.3,9.2,84,4.9,4.4,9,Neutral,48.7,High
18,Male,4.6,1.2,102,4.2,6.5,2,Neutral,90.0,Low
59,Female,7.6,11.1,86,2.9,8.6,1,Stressed,98.7,Low
38,Male,5.8,4.9,4,1.7,6.8,1,Stressed,67.1,Medium
26,Male,5.1,1.5,6,1.2,4.4,3,Stressed,52.0,Medium
32,Female,6.5,5.5,2,1.9,10.8,10,Sad,45.50000000000001,High
52,Male,4.3,9.1,118,2.4,9.6,7,Neutral,51.599999999999994,Medium
22,Female,8.6,5.9,12,1.5,8.0,6,Neutral,76.10000000000001,Low
58,Female,5.5,9.3,53,1.9,9.0,3,Neutral,62.49999999999999,Medium
39,Male,8.4,6.6,62,1.3,6.2,5,Neutral,82.10000000000001,Low
58,Female,6.5,4.3,75,3.1,5.8,10,Sad,58.50000000000001,Medium
40,Male,8.3,3.2,5,1.5,3.6,6,Neutral,68.3,Medium
24,Female,5.2,5.6,97,4.0,10.0,10,Stressed,60.2,Medium
40,Male,4.9,1.4,78,2.3,5.8,2,Neutral,76.89999999999999,Low
42,Male,8.2,5.6,46,3.7,8.9,3,Sad,100.0,Low
44,Female,5.1,1.8,81,4.5,5.0,4,Happy,80.10000000000001,Low
58,Male,7.7,10.6,54,1.3,10.0,8,Sad,61.099999999999994,Medium
23,Male,5.7,7.3,48,5.0,3.1,1,Neutral,79.2,Low
51,Male,7.7,8.1,56,3.6,8.3,9,Sad,70.6,Medium
26,Female,8.5,4.2,2,1.2,10.1,1,Sad,99.2,Low
50,Female,8.9,3.5,21,2.3,8.6,3,Sad,100.0,Low
23,Male,5.8,8.8,34,4.5,9.0,3,Sad,75.69999999999999,Low
54,Male,5.8,8.4,27,3.4,7.3,9,Stressed,42.20000000000001,High
48,Female,8.9,2.3,104,2.1,7.6,3,Happy,100.0,Low
51,Female,8.3,3.6,41,4.8,2.7,3,Sad,100.0,Low
58,Female,4.2,11.4,11,4.1,4.5,2,Neutral,42.900000000000006,High
46,Male,6.9,4.3,118,3.9,9.2,4,Stressed,100.0,Low
31,Female,4.9,1.3,0,4.6,11.5,8,Happy,60.400000000000006,Medium
53,Male,9.0,1.7,99,4.1,7.4,6,Stressed,100.0,Low
53,Female,4.7,9.5,93,2.1,9.3,1,Sad,71.69999999999999,Medium
32,Male,6.8,9.3,116,3.3,8.8,5,Neutral,86.69999999999999,Low
25,Female,7.3,5.2,118,4.4,12.0,10,Neutral,92.19999999999999,Low
43,Male,8.7,2.7,22,1.7,10.0,8,Stressed,82.5,Low
53,Female,8.2,6.5,100,1.7,8.3,1,Neutral,100.0,Low
38,Female,5.2,4.7,27,1.6,3.2,6,Neutral,38.400000000000006,High
45,Male,6.9,5.1,112,1.8,5.6,7,Happy,73.4,Medium
21,Female,8.8,3.9,116,1.4,4.5,5,Neutral,99.4,Low
33,Female,7.7,1.7,68,4.4,10.5,4,Neutral,100.0,Low
39,Female,7.4,9.7,35,4.3,6.5,7,Stressed,68.1,Medium
29,Female,7.8,7.8,53,1.6,7.4,9,Stressed,59.8,Medium
33,Male,5.6,10.2,46,3.8,11.6,4,Stressed,71.0,Medium
57,Male,7.6,6.5,55,3.5,10.4,3,Neutral,100.0,Low
55,Female,5.2,11.8,9,2.1,9.9,10,Stressed,20.499999999999996,High
59,Male,6.1,11.6,4,1.9,3.4,4,Neutral,38.89999999999999,High
54,Male,8.4,4.0,13,2.0,2.2,5,Happy,73.0,Medium
46,Male,4.1,5.3,23,3.9,3.3,9,Sad,25.099999999999994,High
35,Male,6.1,9.3,62,2.3,9.4,1,Sad,81.10000000000001,Low
27,Male,5.3,9.5,27,2.1,6.1,9,Sad,26.100000000000005,High
59,Female,5.0,11.0,20,1.1,3.2,9,Stressed,7.9,High
56,Male,8.2,8.2,108,4.6,9.4,8,Happy,96.99999999999999,Low
35,Female,7.5,6.2,114,4.0,3.9,10,Sad,73.19999999999999,Medium
18,Male,4.6,5.2,103,2.9,7.9,8,Neutral,54.499999999999986,Medium
56,Female,6.5,5.6,75,4.8,9.4,8,Happy,79.6,Low
38,Female,6.3,10.4,19,2.2,8.1,4,Stressed,57.2,Medium
18,Female,4.7,11.8,61,3.7,11.9,7,Sad,49.900000000000006,High
32,Male,8.0,1.6,114,2.2,6.3,2,Sad,100.0,Low
21,Male,5.8,7.4,95,2.3,5.1,3,Sad,71.9,Medium
37,Female,7.8,6.7,50,4.4,4.0,8,Happy,72.6,Medium
27,Female,5.0,5.1,101,4.1,7.0,4,Happy,78.5,Low
40,Male,5.6,10.4,39,2.2,10.5,10,Neutral,35.0,High
58,Male,4.5,7.3,105,1.3,11.5,6,Happy,56.9,Medium
51,Female,4.7,4.4,84,2.4,11.7,8,Happy,58.4,Medium
50,Male,8.4,5.9,80,4.0,7.3,8,Neutral,90.8,Low
51,Male,4.5,4.9,64,1.4,8.1,5,Sad,51.2,Medium
56,Male,4.5,5.7,114,3.7,7.8,7,Sad,62.49999999999999,Medium
27,Male,8.7,1.8,107,4.6,6.7,1,Happy,100.0,Low
37,Male,7.2,2.2,27,1.7,3.5,5,Neutral,68.5,Medium
18,Male,4.5,7.9,53,4.4,2.7,3,Sad,55.199999999999996,Medium
30,Female,8.9,8.5,1,1.2,6.4,4,Stressed,75.0,Low
18,Female,4.7,8.0,80,3.7,3.9,1,Stressed,69.3,Medium
22,Female,7.8,9.4,102,4.2,10.9,1,Neutral,100.0,Low
33,Female,4.2,11.4,13,2.8,9.6,3,Neutral,43.0,High
32,Female,7.1,10.5,13,1.8,8.2,4,Happy,61.99999999999999,Medium
45,Female,6.7,5.6,43,4.7,2.5,3,Stressed,80.89999999999999,Low
48,Male,5.0,3.4,111,1.1,8.2,2,Sad,79.30000000000001,Low
40,Male,7.2,4.4,81,3.2,8.2,7,Neutral,83.80000000000001,Low
34,Female,7.1,7.5,39,2.5,6.4,10,Stressed,49.099999999999994,High
51,Female,8.0,10.4,33,2.8,8.6,9,Sad,61.0,Medium
30,Female,8.4,8.7,106,3.1,10.6,3,Stressed,100.0,Low
31,Male,6.6,7.0,64,3.1,9.6,9,Sad,63.5,Medium
28,Male,6.5,7.6,105,1.8,6.7,8,Stressed,61.199999999999996,Medium
45,Male,7.1,6.8,17,3.7,4.6,5,Sad,68.50000000000001,Medium
59,Male,7.6,11.7,111,1.1,6.8,6,Sad,69.9,Medium
49,Female,5.8,10.0,33,1.1,11.5,1,Neutral,69.1,Medium
52,Female,6.5,9.6,86,2.9,10.2,6,Sad,73.9,Medium
48,Female,6.9,6.7,48,3.2,2.3,9,Neutral,49.79999999999999,High
34,Female,8.9,4.6,79,2.1,9.8,7,Stressed,97.69999999999999,Low
26,Male,6.9,1.2,82,3.2,3.7,9,Happy,70.4,Medium
27,Male,5.1,1.5,100,3.1,7.7,5,Happy,78.9,Low
25,Female,6.9,1.3,54,2.4,10.1,5,Stressed,89.4,Low
38,Male,8.1,11.8,61,3.6,7.6,5,Neutral,82.8,Low
30,Male,8.3,2.3,69,4.8,6.0,6,Happy,100.0,Low
22,Male,8.0,2.6,23,3.0,5.2,4,Happy,88.8,Low
23,Male,8.4,6.3,80,4.1,5.1,10,Sad,78.10000000000001,Low
47,Female,5.7,6.3,47,2.0,10.4,9,Neutral,48.60000000000001,High
48,Male,6.5,11.1,79,4.0,10.3,7,Neutral,71.19999999999999,Medium
34,Female,7.9,1.8,38,3.6,10.2,3,Sad,100.0,Low
28,Male,5.3,11.5,47,3.6,4.8,10,Stressed,27.000000000000007,High
37,Male,5.9,3.4,104,4.6,10.0,7,Happy,88.0,Low
26,Female,8.2,11.7,118,1.9,2.4,3,Sad,84.49999999999999,Low
19,Female,7.9,7.0,69,2.5,4.1,3,Stressed,87.5,Low
54,Male,8.9,8.2,79,1.3,7.1,4,Stressed,93.10000000000001,Low
18,Male,9.0,4.5,8,3.9,6.1,2,Neutral,100.0,Low
21,Female,5.2,7.7,28,4.4,3.1,8,Stressed,38.39999999999999,High
53,Male,8.5,8.8,67,2.6,2.4,1,Sad,94.60000000000001,Low
42,Male,4.5,1.1,59,2.4,8.1,10,Neutral,42.8,High
20,Female,7.5,1.4,25,3.6,5.1,1,Neutral,100.0,Low
26,Male,5.1,11.9,117,1.3,2.2,1,Happy,57.50000000000001,Medium
39,Male,5.5,6.0,37,2.2,6.3,4,Neutral,58.00000000000001,Medium
40,Male,8.7,11.3,61,2.5,5.1,1,Stressed,95.3,Low
29,Male,5.3,9.0,25,3.1,7.8,3,Stressed,59.1,Medium
27,Male,7.4,5.1,13,2.9,11.3,7,Stressed,75.5,Low
51,Female,4.9,2.7,98,1.8,5.1,3,Happy,70.39999999999999,Medium
27,Male,4.5,11.8,118,3.2,12.0,2,Sad,77.0,Low
47,Female,5.7,7.4,48,4.7,2.9,10,Happy,41.099999999999994,High
39,Female,7.1,3.1,42,1.1,2.9,6,Sad,60.5,Medium
23,Male,5.2,8.5,87,3.7,9.1,8,Stressed,57.10000000000001,Medium
19,Female,5.5,2.0,7,3.5,9.5,4,Sad,72.9,Medium
47,Male,7.5,10.5,39,4.7,6.2,4,Stressed,81.7,Low
19,Female,4.5,2.0,24,3.6,4.9,2,Stressed,65.6,Medium
49,Female,6.2,3.6,62,3.5,9.9,5,Stressed,84.5,Low
59,Female,8.7,2.0,3,4.1,11.6,10,Sad,87.3,Low
33,Male,6.0,2.1,14,2.1,11.9,8,Neutral,60.89999999999999,Medium
29,Female,6.2,6.8,15,3.4,8.3,1,Happy,81.0,Low
18,Female,7.7,8.6,53,3.1,9.4,2,Stressed,96.69999999999999,Low
25,Female,7.9,9.7,10,2.8,10.2,1,Sad,92.0,Low
30,Male,7.8,8.6,27,1.3,10.0,4,Sad,76.7,Low
32,Male,9.0,5.0,6,2.2,11.9,7,Happy,88.0,Low
25,Female,4.4,7.1,113,2.1,10.1,3,Sad,71.1,Medium
27,Female,8.9,11.2,37,3.9,8.6,8,Neutral,78.7,Low
22,Female,8.8,5.3,23,4.7,5.8,6,Happy,93.1,Low
36,Female,8.3,3.8,94,1.9,8.0,2,Sad,100.0,Low
55,Male,6.3,6.7,67,1.3,10.8,9,Happy,55.1,Medium
28,Male,8.4,4.3,36,5.0,5.1,9,Neutral,81.80000000000001,Low
37,Male,5.1,3.9,119,3.8,2.3,7,Neutral,62.6,Medium
37,Female,8.0,9.6,34,4.5,5.3,10,Sad,60.699999999999996,Medium
38,Male,4.9,10.8,5,1.6,11.6,8,Happy,27.599999999999998,High
35,Female,8.1,6.5,109,4.2,9.9,10,Neutral,90.6,Low
27,Female,7.1,9.6,32,4.3,3.9,1,Stressed,83.5,Low
51,Female,4.5,3.1,115,1.6,2.1,6,Happy,50.0,Medium
43,Male,8.5,7.0,95,1.6,8.7,9,Stressed,79.4,Low
47,Female,6.9,8.0,109,2.2,7.8,6,Stressed,77.39999999999999,Low
26,Male,7.3,6.4,101,1.9,2.8,3,Happy,83.5,Low
48,Female,5.4,2.3,98,4.9,11.7,2,Sad,100.0,Low
59,Male,8.4,9.1,80,2.5,8.2,8,Neutral,78.69999999999999,Low
21,Female,6.7,10.2,53,4.0,8.5,4,Sad,78.19999999999999,Low
23,Male,6.1,8.0,95,4.2,10.5,1,Happy,100.0,Low
31,Female,6.7,2.9,13,2.5,5.4,8,Stressed,55.099999999999994,Medium
21,Male,7.5,1.8,18,3.7,7.6,1,Stressed,100.0,Low
43,Female,7.5,4.3,87,1.4,7.8,2,Stressed,98.4,Low
56,Female,5.8,1.4,102,2.6,11.7,1,Sad,100.0,Low
34,Female,5.9,10.2,10,4.9,3.3,8,Sad,39.699999999999996,High
36,Male,6.8,8.7,70,1.7,9.6,3,Stressed,80.3,Low
23,Female,8.6,7.2,44,2.5,7.8,9,Neutral,72.49999999999999,Medium
46,Female,7.7,10.8,59,4.2,10.5,7,Happy,81.19999999999999,Low
28,Female,6.0,2.2,87,3.7,10.3,6,Sad,88.1,Low
33,Male,5.7,8.9,118,3.5,2.1,6,Stressed,60.5,Medium
47,Female,6.6,2.6,116,4.4,4.6,10,Stressed,75.2,Low
42,Female,8.3,1.7,57,1.1,3.8,1,Happy,100.0,Low
57,Male,4.0,2.5,87,4.1,6.6,8,Sad,54.10000000000001,Medium
28,Female,7.6,11.5,77,4.5,11.1,10,Neutral,73.10000000000001,Medium
24,Male,5.5,5.8,23,1.1,2.1,3,Sad,45.699999999999996,High
43,Female,5.0,1.5,10,3.2,6.9,3,Neutral,66.8,Medium
39,Male,4.1,7.4,71,2.4,10.8,3,Sad,62.00000000000001,Medium
42,Male,8.5,3.2,43,1.2,11.3,9,Sad,79.79999999999998,Low
36,Male,8.6,1.1,78,2.7,8.6,5,Neutral,100.0,Low
48,Female,4.3,9.3,105,3.6,10.3,2,Sad,76.0,Low
43,Female,6.6,2.7,117,4.7,5.2,4,Stressed,100.0,Low
59,Male,4.8,11.4,65,3.5,4.9,7,Stressed,37.5,High
58,Female,7.8,7.5,87,4.4,2.5,10,Sad,67.4,Medium
53,Female,7.3,2.0,44,1.5,7.0,1,Neutral,95.3,Low
40,Male,5.5,3.4,73,1.8,6.6,2,Sad,77.0,Low
30,Male,4.6,7.7,31,4.9,5.7,8,Stressed,40.7,High
42,Male,8.2,4.7,16,4.5,3.1,8,Stressed,72.5,Medium
19,Male,7.4,6.9,120,1.9,4.3,3,Stressed,90.3,Low
19,Female,4.0,9.8,120,3.5,4.0,5,Happy,49.9,High
33,Female,7.1,9.7,53,2.5,11.4,8,Stressed,65.49999999999999,Medium
26,Female,8.1,8.7,9,2.9,11.7,10,Sad,63.300000000000004,Medium
45,Female,7.0,10.7,85,4.4,2.0,9,Stressed,55.599999999999994,Medium
30,Female,6.1,3.2,5,3.9,3.7,2,Stressed,74.5,Medium
52,Female,6.9,2.9,90,2.0,10.9,10,Neutral,73.0,Medium
58,Male,7.1,9.8,19,2.3,2.4,8,Sad,39.499999999999986,High
30,Female,7.2,4.5,0,2.2,11.4,3,Stressed,84.8,Low
48,Female,8.8,6.6,63,4.1,5.8,9,Happy,83.49999999999999,Low
38,Female,4.9,9.2,80,3.0,7.4,5,Stressed,56.400000000000006,Medium
49,Male,7.1,5.4,0,4.8,9.6,5,Stressed,83.4,Low
51,Male,4.9,2.4,100,4.3,4.4,4,Happy,78.5,Low
25,Female,5.0,8.5,60,1.8,3.0,8,Sad,28.0,High
58,Male,7.3,10.0,78,4.1,10.1,1,Sad,100.0,Low
19,Male,8.6,1.1,118,3.0,11.8,6,Stressed,100.0,Low
55,Female,4.8,7.2,0,2.0,8.6,7,Neutral,32.8,High
49,Female,8.8,6.2,80,2.5,10.3,8,Stressed,92.69999999999999,Low
57,Female,5.6,3.9,45,4.9,11.4,4,Sad,88.5,Low
45,Male,6.0,2.8,108,2.9,4.3,9,Neutral,63.1,Medium
54,Male,4.8,3.1,59,3.9,5.5,3,Happy,72.1,Medium
58,Female,7.1,9.0,42,2.9,4.2,8,Stressed,52.300000000000004,Medium
18,Male,7.0,6.9,43,2.5,2.6,10,Happy,42.5,High
58,Male,6.2,11.8,37,4.2,9.3,10,Happy,45.40000000000001,High
27,Male,6.4,3.7,106,4.4,3.5,5,Stressed,86.8,Low
21,Female,7.1,11.5,1,1.3,2.9,5,Happy,40.5,High
52,Female,6.9,6.7,81,2.1,5.6,7,Stressed,65.5,Medium
27,Female,5.9,2.6,11,3.0,2.6,5,Sad,56.2,Medium
28,Female,8.4,2.6,92,2.3,3.8,7,Sad,88.3,Low
31,Female,7.3,7.7,22,4.1,2.7,9,Neutral,51.9,Medium
55,Male,5.0,10.1,110,1.5,10.8,5,Neutral,60.9,Medium
29,Male,5.6,9.2,8,4.2,9.8,2,Happy,71.8,Medium
34,Male,7.9,8.2,7,3.5,10.6,10,Neutral,62.7,Medium
33,Male,4.5,2.9,49,2.2,10.7,6,Sad,57.4,Medium
52,Male,7.8,2.2,79,2.4,11.4,9,Neutral,88.19999999999999,Low
19,Male,5.8,1.0,61,1.7,3.9,9,Happy,48.5,High
28,Female,6.8,2.1,22,2.0,11.0,5,Neutral,80.2,Low
58,Female,5.4,9.4,116,3.9,7.3,2,Sad,84.5,Low
20,Male,8.9,10.8,92,2.5,3.7,6,Neutral,81.70000000000002,Low
46,Female,8.5,3.6,58,3.7,8.6,4,Happy,100.0,Low
35,Male,8.6,9.7,9,3.1,5.3,4,Sad,78.5,Low
37,Male,4.9,3.2,11,1.6,2.5,3,Stressed,45.800000000000004,High
31,Female,8.2,3.7,61,3.0,2.8,1,Neutral,100.0,Low
51,Female,6.7,3.5,115,4.0,6.2,9,Happy,79.4,Low
48,Male,7.5,1.6,75,2.2,10.3,6,Neutral,94.4,Low
57,Female,5.1,3.1,29,3.6,5.1,10,Stressed,38.8,High
59,Male,7.6,5.1,73,1.8,9.7,3,Stressed,96.79999999999998,Low
35,Male,8.6,5.5,77,1.5,2.6,1,Neutral,99.10000000000001,Low
47,Male,5.3,4.4,67,2.4,5.9,6,Sad,57.400000000000006,Medium
42,Male,5.2,6.7,46,2.6,3.3,4,Sad,51.400000000000006,Medium
36,Male,4.5,5.2,83,4.0,10.6,1,Sad,88.39999999999999,Low
25,Female,5.3,11.7,40,2.8,11.7,10,Stressed,35.0,High
45,Male,6.7,9.9,102,1.3,5.3,4,Stressed,68.7,Medium
25,Female,8.2,11.2,6,3.5,11.9,2,Happy,94.10000000000001,Low
48,Male,5.4,7.1,93,2.9,9.5,3,Neutral,79.89999999999999,Low
20,Female,7.1,8.5,115,2.3,2.0,10,Happy,52.5,Medium
20,Male,6.4,2.8,104,4.2,6.9,10,Sad,74.0,Medium
39,Female,5.4,9.3,87,1.6,10.3,7,Happy,53.400000000000006,Medium
34,Male,6.6,3.6,73,4.7,7.3,7,Happy,83.49999999999999,Low
53,Male,4.8,2.6,51,2.3,7.5,5,Stressed,59.5,Medium
34,Female,7.2,1.5,44,2.8,6.5,10,Sad,64.8,Medium
31,Female,4.6,6.2,37,4.7,6.0,2,Neutral,68.5,Medium
26,Female,7.7,4.2,35,4.0,2.3,9,Happy,64.19999999999999,Medium
47,Female,4.9,11.9,80,1.3,8.2,9,Neutral,28.1,High
38,Female,9.0,3.7,84,3.3,9.7,9,Stressed,99.29999999999998,Low
29,Female,8.1,10.5,57,2.2,9.9,6,Sad,78.2,Low
54,Male,5.7,4.5,45,3.0,8.2,1,Neutral,84.4,Low
49,Male,6.1,9.2,66,4.0,5.4,6,Neutral,62.60000000000001,Medium
28,Male,5.3,8.3,64,3.0,2.2,8,Neutral,36.59999999999999,High
37,Female,7.8,7.2,17,1.3,11.0,4,Neutral,79.5,Low
52,Female,5.9,5.6,1,3.1,6.3,6,Happy,52.1,Medium
28,Female,7.8,8.4,103,1.1,8.0,8,Happy,71.3,Medium
25,Male,4.1,5.5,111,2.4,3.9,6,Sad,48.0,High
21,Female,4.7,7.0,3,2.9,3.4,4,Sad,38.9,High
44,Male,5.8,7.5,95,3.6,2.9,7,Sad,57.8,Medium
57,Female,4.5,3.9,82,3.0,10.0,5,Stressed,68.60000000000001,Medium
55,Female,7.0,4.7,83,1.6,8.5,1,Happy,98.19999999999999,Low
47,Female,4.3,1.2,41,4.7,8.2,3,Stressed,76.69999999999999,Low
44,Male,8.3,10.4,48,3.6,11.2,3,Happy,100.0,Low
38,Female,7.8,9.3,48,2.3,3.6,1,Stressed,83.7,Low
37,Male,5.1,3.0,116,4.9,3.7,4,Happy,84.10000000000001,Low
21,Female,6.4,5.0,6,4.5,3.9,2,Neutral,77.5,Low
28,Female,6.3,5.6,8,1.6,6.2,10,Happy,33.79999999999999,High
30,Female,7.6,4.7,70,3.6,10.7,1,Happy,100.0,Low
26,Female,6.0,9.8,26,3.2,10.8,6,Happy,59.2,Medium
21,Male,4.2,9.0,20,1.8,7.9,7,Sad,24.8,High
29,Female,5.4,9.4,34,1.9,8.6,4,Sad,52.7,Medium
26,Male,6.3,10.9,87,3.3,11.0,5,Stressed,77.10000000000001,Low
30,Female,8.9,7.5,95,2.3,8.2,9,Sad,84.9,Low
43,Female,8.4,7.8,75,4.3,4.3,8,Happy,81.5,Low
55,Female,4.9,8.9,86,1.4,9.0,2,Stressed,65.4,Medium
59,Male,7.6,8.5,35,4.7,9.7,10,Happy,68.9,Medium
30,Female,8.7,10.6,112,4.4,8.4,3,Stressed,100.0,Low
56,Male,4.0,9.5,92,4.0,4.7,9,Stressed,32.800000000000004,High
45,Male,7.6,2.3,66,2.1,6.0,5,Stressed,87.10000000000001,Low
36,Female,6.3,11.2,42,3.9,6.7,1,Sad,77.9,Low
41,Male,7.4,8.5,7,2.8,3.5,9,Neutral,43.400000000000006,High
36,Female,7.0,2.4,97,3.5,6.5,8,Sad,83.10000000000001,Low
30,Male,8.9,9.5,120,2.3,3.6,10,Neutral,72.7,Medium
30,Male,5.4,4.9,77,4.3,7.0,7,Neutral,67.10000000000001,Medium
45,Male,7.9,9.9,35,1.2,2.5,7,Happy,49.2,High
19,Male,5.2,11.5,47,3.8,11.5,8,Stressed,48.400000000000006,High
27,Female,6.2,3.8,45,4.3,4.5,4,Happy,77.9,Low
39,Male,8.9,10.4,31,3.6,6.7,7,Happy,77.80000000000001,Low
30,Female,7.8,9.5,6,1.8,2.3,8,Stressed,41.800000000000004,High
26,Male,5.6,8.4,73,2.1,3.9,10,Neutral,32.099999999999994,High
50,Female,7.1,5.2,11,3.1,8.9,3,Neutral,84.1,Low
31,Female,4.2,2.2,54,2.3,3.1,2,Sad,58.1,Medium
37,Male,5.3,6.3,103,1.0,8.3,2,Sad,74.6,Medium
32,Male,7.6,2.2,22,1.2,2.0,7,Sad,58.0,Medium
49,Female,6.9,6.5,74,4.1,6.7,9,Sad,68.7,Medium
50,Male,6.3,10.0,51,1.3,9.2,8,Neutral,46.1,High
34,Male,7.5,12.0,12,4.7,11.3,10,Stressed,59.50000000000001,Medium
41,Male,6.0,3.2,75,2.8,6.9,10,Happy,56.39999999999999,Medium
47,Male,4.1,3.3,70,4.0,10.4,7,Stressed,61.2,Medium
30,Male,6.2,9.9,52,1.5,10.0,9,Happy,44.10000000000001,High
33,Male,8.5,6.2,62,4.7,5.0,4,Happy,100.0,Low
19,Male,8.3,11.1,107,1.1,10.7,10,Neutral,69.1,Medium
34,Male,6.0,9.5,73,1.2,8.4,7,Happy,50.39999999999999,Medium
49,Male,4.1,9.1,70,1.2,3.0,5,Sad,28.799999999999997,High
25,Female,7.2,2.1,50,1.4,11.4,1,Sad,100.0,Low
20,Male,7.7,1.4,57,2.9,3.8,10,Happy,67.7,Medium
29,Male,5.5,4.5,26,4.2,6.7,4,Stressed,69.60000000000001,Medium
37,Male,6.4,3.4,6,2.1,6.7,1,Happy,78.30000000000001,Low
33,Male,9.0,8.8,118,4.0,8.3,1,Sad,100.0,Low
31,Male,6.9,6.0,49,4.1,8.6,7,Happy,76.5,Low
33,Female,5.8,6.8,23,4.6,4.3,3,Happy,68.6,Medium
50,Female,7.1,10.0,86,1.6,5.5,9,Happy,51.2,Medium
47,Male,4.9,6.3,24,1.5,3.4,7,Neutral,27.499999999999996,High
29,Female,5.0,7.0,43,1.5,3.3,6,Happy,34.699999999999996,High
32,Male,8.6,10.3,35,2.4,10.3,2,Stressed,97.0,Low
35,Male,5.2,5.7,56,3.0,9.5,5,Stressed,65.8,Medium
45,Female,5.6,1.9,96,2.8,6.4,8,Sad,66.2,Medium
40,Female,6.7,6.7,36,2.0,3.0,4,Stressed,60.8,Medium
31,Female,8.5,7.4,105,3.5,6.5,8,Neutral,89.7,Low
47,Female,7.9,6.6,102,2.4,4.9,9,Stressed,72.0,Medium
50,Female,4.2,3.8,51,2.5,9.8,8,Stressed,44.7,High
32,Male,7.5,3.5,62,1.4,3.0,6,Sad,69.4,Medium
24,Male,6.5,5.1,6,3.4,6.5,2,Sad,78.0,Low
32,Male,6.4,2.8,93,3.6,7.9,8,Happy,78.8,Low
59,Female,7.5,8.3,59,4.0,11.9,4,Stressed,97.99999999999999,Low
55,Male,5.0,7.8,94,4.6,2.9,1,Sad,78.0,Low
28,Female,8.9,8.0,120,4.1,3.1,5,Happy,100.0,Low
46,Male,7.2,3.5,108,1.9,11.9,3,Neutral,100.0,Low
48,Female,5.8,3.7,109,1.9,6.1,3,Happy,82.1,Low
42,Female,7.0,9.7,36,4.7,9.4,7,Happy,72.10000000000001,Medium
41,Male,5.1,8.6,20,4.2,9.8,1,Happy,74.4,Medium
36,Male,7.2,10.6,97,4.1,5.1,3,Happy,88.9,Low
19,Male,4.1,5.4,45,3.9,4.1,10,Stressed,26.900000000000002,High
39,Male,5.7,7.0,20,2.1,4.8,6,Happy,43.1,High
37,Female,7.7,9.1,103,4.4,9.6,8,Neutral,88.6,Low
50,Male,8.0,11.7,83,1.6,10.4,6,Happy,77.99999999999999,Low
25,Female,5.3,11.9,97,2.4,9.0,4,Neutral,62.60000000000001,Medium
42,Male,6.7,12.0,71,2.4,6.4,8,Sad,50.0,Medium
26,Male,6.6,10.8,95,3.2,4.6,10,Happy,48.60000000000001,High
51,Male,6.1,8.0,51,2.9,6.3,5,Sad,62.300000000000004,Medium
40,Male,5.1,1.1,93,2.8,11.1,10,Neutral,63.599999999999994,Medium
22,Male,7.5,8.7,28,3.2,10.6,6,Happy,76.39999999999999,Low
42,Female,5.3,3.6,68,2.7,5.2,1,Stressed,79.3,Low
25,Male,8.6,1.6,93,2.0,5.3,4,Happy,100.0,Low
33,Female,6.6,8.7,75,3.7,9.8,4,Stressed,85.69999999999999,Low
32,Male,8.4,9.3,38,4.2,6.3,5,Stressed,86.6,Low
18,Female,5.5,8.3,26,2.9,7.7,1,Sad,69.5,Medium
39,Male,8.0,5.0,116,3.6,6.2,4,Sad,100.0,Low
20,Male,4.6,6.6,76,3.1,4.4,7,Stressed,44.3,High
55,Male,7.8,11.3,110,1.2,3.9,6,Sad,67.2,Medium
31,Female,5.9,9.0,9,2.7,3.4,10,Stressed,23.099999999999998,High
53,Female,6.3,6.6,35,1.0,2.1,5,Neutral,46.0,High
35,Male,4.8,7.5,94,3.6,4.8,1,Neutral,75.39999999999999,Low
58,Male,4.1,11.2,15,3.0,3.7,8,Happy,12.000000000000002,High
35,Male,7.3,5.3,102,1.5,4.6,5,Sad,79.50000000000001,Low
20,Female,6.9,2.1,108,3.2,2.8,8,Neutral,75.99999999999999,Low
27,Male,7.1,4.6,35,4.6,5.4,6,Neutral,78.6,Low
56,Female,5.3,5.6,89,2.4,7.2,7,Neutral,57.99999999999999,Medium
18,Male,5.2,4.0,107,4.9,11.4,10,Stressed,72.7,Medium
44,Female,8.2,6.8,83,4.8,5.5,10,Sad,80.0,Low
44,Female,7.8,4.4,33,4.1,2.3,1,Neutral,96.89999999999999,Low
28,Female,5.7,2.1,36,4.3,5.6,6,Neutral,68.7,Medium
22,Male,7.2,3.1,71,2.6,10.2,3,Sad,100.0,Low
24,Female,8.1,11.1,67,2.6,5.4,3,Stressed,84.0,Low
36,Male,8.4,7.9,58,4.8,4.9,3,Neutral,100.0,Low
46,Female,4.0,4.5,28,2.5,11.2,6,Sad,47.5,High
32,Male,8.1,5.0,30,1.4,5.0,8,Stressed,62.0,Medium
52,Female,5.8,6.4,65,1.6,11.7,3,Sad,77.6,Low
54,Female,7.6,8.4,88,3.8,10.3,3,Neutral,100.0,Low
29,Male,5.9,7.4,101,2.5,8.8,5,Sad,74.5,Medium
47,Male,7.0,11.3,2,1.8,8.0,6,Happy,48.800000000000004,High
37,Female,7.2,7.9,109,4.3,4.2,6,Sad,83.9,Low
54,Female,6.0,11.0,105,3.0,9.3,7,Happy,64.6,Medium
20,Male,6.6,1.1,106,3.3,5.5,7,Stressed,84.5,Low
26,Female,7.6,10.8,68,1.6,6.9,3,Happy,77.8,Low
58,Female,6.4,8.9,21,1.8,3.0,5,Stressed,45.400000000000006,High
56,Male,4.1,2.9,79,1.5,5.0,1,Sad,64.5,Medium
43,Male,4.1,3.9,72,3.1,7.3,1,Happy,73.7,Medium
19,Male,7.3,7.0,52,4.1,6.7,2,Happy,95.30000000000001,Low
40,Female,8.2,2.4,47,3.9,5.4,2,Neutral,100.0,Low
40,Female,7.9,9.6,72,2.0,6.7,7,Sad,69.60000000000001,Medium
38,Female,5.6,9.7,112,4.4,9.4,5,Sad,79.8,Low
33,Male,6.4,4.3,75,1.4,6.6,3,Happy,78.60000000000001,Low
26,Female,5.2,1.8,46,1.5,7.1,7,Sad,51.30000000000001,Medium
30,Male,8.9,11.9,41,4.4,9.0,3,Stressed,100.0,Low
45,Male,5.3,3.8,3,2.0,10.4,3,Sad,64.8,Medium
44,Female,6.1,1.7,112,3.8,7.3,4,Neutral,97.6,Low
34,Male,7.4,4.6,81,1.0,11.5,5,Stressed,89.0,Low
55,Female,8.4,11.7,81,1.4,5.5,8,Neutral,62.80000000000001,Medium
53,Male,4.3,9.7,41,3.4,4.5,9,Sad,21.800000000000004,High
18,Male,5.5,6.3,42,1.7,8.9,5,Stressed,57.10000000000001,Medium
35,Male,6.8,4.4,116,1.1,3.8,8,Neutral,63.50000000000001,Medium
26,Female,7.1,5.7,96,2.9,11.0,3,Sad,100.0,Low
30,Male,4.4,1.2,41,2.3,5.9,7,Neutral,45.10000000000001,High
57,Female,7.3,8.9,2,4.2,9.0,3,Happy,82.60000000000001,Low
32,Male,6.6,2.1,58,4.3,7.7,10,Stressed,70.3,Medium
21,Male,8.1,6.7,101,3.5,2.5,3,Neutral,98.3,Low
50,Male,5.1,7.2,80,2.2,9.1,4,Happy,65.8,Medium
41,Female,5.0,1.0,75,2.8,9.9,2,Stressed,88.8,Low
53,Female,8.0,11.8,10,3.8,11.8,7,Neutral,73.0,Medium
58,Female,7.5,4.3,80,1.3,6.2,6,Stressed,77.30000000000001,Low
27,Female,8.0,1.8,34,2.3,7.0,3,Sad,96.7,Low
53,Female,7.9,10.4,104,4.3,10.7,1,Sad,100.0,Low
37,Male,4.5,2.7,49,2.6,4.7,10,Happy,31.799999999999997,High
58,Male,5.4,1.3,62,3.5,3.9,3,Stressed,77.10000000000001,Low
28,Female,5.3,6.4,69,1.4,3.3,4,Happy,51.6,Medium
29,Female,8.7,2.4,98,4.1,11.8,10,Sad,100.0,Low
35,Female,6.4,11.8,5,1.4,4.7,1,Neutral,53.8,Medium
47,Female,4.6,1.1,31,4.4,9.6,8,Stressed,59.2,Medium
54,Male,5.4,1.6,10,1.4,6.5,2,Happy,64.8,Medium
37,Female,8.4,10.2,42,4.6,4.4,3,Sad,91.8,Low
42,Female,8.2,3.6,38,2.5,11.1,5,Neutral,97.1,Low
29,Female,8.5,11.0,12,3.5,6.6,9,Sad,60.10000000000001,Medium
38,Female,5.9,4.4,12,4.4,7.7,6,Sad,66.00000000000001,Medium
42,Male,7.2,1.8,38,1.0,4.2,3,Neutral,77.4,Low
28,Male,5.4,1.1,45,2.1,5.2,3,Neutral,69.7,Medium
26,Female,4.9,4.1,33,4.6,9.5,8,Stressed,57.39999999999999,Medium
42,Male,4.1,6.2,66,2.6,5.4,4,Neutral,49.60000000000001,High
52,Male,5.1,1.0,31,3.8,7.1,5,Neutral,68.4,Medium
49,Female,7.0,7.4,67,1.6,3.1,4,Sad,66.80000000000001,Medium
31,Female,8.5,4.7,103,3.7,10.5,9,Sad,99.69999999999999,Low
18,Male,4.7,5.3,116,1.3,9.4,8,Sad,52.900000000000006,Medium
34,Male,8.6,3.9,64,3.9,9.6,7,Neutral,100.0,Low
42,Male,5.7,6.8,72,2.3,3.8,4,Stressed,60.90000000000001,Medium
25,Male,6.1,3.5,112,2.9,7.0,9,Sad,68.9,Medium
22,Male,5.8,2.5,113,1.7,2.3,8,Sad,56.699999999999996,Medium
22,Female,6.0,10.8,6,3.5,5.2,8,Neutral,35.5,High
58,Male,5.3,5.3,90,2.4,5.5,10,Neutral,43.400000000000006,High
52,Male,7.5,1.8,2,2.5,11.1,2,Happy,98.50000000000001,Low
36,Male,7.8,3.5,85,3.6,11.9,5,Neutral,100.0,Low
40,Male,8.1,4.4,79,1.7,8.2,6,Sad,88.9,Low
26,Male,5.7,9.5,71,4.4,7.2,6,Neutral,64.60000000000001,Medium
47,Male,7.8,1.2,68,4.0,6.4,9,Happy,85.99999999999999,Low
33,Male,7.2,6.3,48,3.3,2.2,4,Stressed,73.9,Medium
50,Male,8.8,5.5,57,1.5,10.0,7,Happy,87.9,Low
19,Female,6.1,11.7,93,3.7,8.7,9,Stressed,56.09999999999999,Medium
31,Female,9.0,3.0,27,1.1,8.5,5,Stressed,91.9,Low
18,Male,7.7,7.9,114,4.2,10.1,6,Sad,100.0,Low
43,Female,7.9,3.2,26,2.2,11.3,1,Neutral,100.0,Low
42,Female,4.1,7.0,113,1.5,5.9,7,Neutral,40.89999999999999,High
33,Female,6.5,7.1,21,1.7,6.3,5,Happy,56.1,Medium
32,Female,6.6,1.8,93,4.9,11.8,4,Neutral,100.0,Low
43,Female,4.2,6.0,100,4.1,8.6,3,Stressed,75.7,Low
33,Female,5.6,6.1,70,2.0,10.5,1,Sad,84.8,Low
31,Male,8.8,4.5,113,4.9,4.2,5,Sad,100.0,Low
46,Male,6.1,4.0,93,1.6,5.2,3,Stressed,78.0,Low
41,Female,4.9,3.5,12,3.9,5.9,8,Stressed,43.7,High
32,Male,6.6,1.1,21,3.6,5.2,4,Stressed,80.4,Low
36,Female,4.2,1.0,74,4.3,10.8,3,Stressed,85.9,Low
25,Male,6.6,7.5,4,2.5,7.1,1,Neutral,74.5,Medium
51,Male,7.0,4.2,21,2.6,11.5,10,Stressed,61.8,Medium
19,Male,5.8,2.8,78,3.5,5.2,2,Neutral,87.9,Low
44,Female,7.8,8.5,52,2.6,2.4,10,Sad,49.2,High
27,Male,4.7,6.8,38,1.2,3.4,2,Neutral,45.8,High
52,Male,8.4,11.1,36,3.9,4.2,1,Stressed,92.9,Low
40,Female,8.8,10.1,30,3.6,8.4,8,Happy,76.6,Low
25,Female,4.0,9.0,61,2.7,3.8,5,Happy,35.300000000000004,High
45,Male,8.2,2.4,92,2.2,5.8,2,Neutral,100.0,Low
40,Female,6.5,8.3,102,2.3,10.0,8,Happy,68.30000000000001,Medium
21,Male,6.3,8.6,80,4.0,3.2,10,Sad,48.199999999999996,High
31,Male,5.2,9.4,104,3.9,2.8,5,Neutral,59.1,Medium
59,Female,6.2,3.9,5,4.3,7.4,10,Happy,51.5,Medium
46,Female,8.8,8.0,104,4.0,9.0,5,Sad,100.0,Low
18,Male,5.1,7.8,80,4.0,11.1,2,Neutral,85.60000000000001,Low
21,Female,4.9,5.2,33,2.0,8.6,8,Neutral,40.39999999999999,High
49,Male,5.2,8.3,86,1.4,11.5,3,Neutral,70.6,Medium
50,Female,6.8,2.0,51,4.0,4.4,4,Neutral,87.0,Low
43,Female,8.7,8.1,29,1.4,5.4,5,Stressed,74.39999999999999,Medium
34,Female,6.9,7.7,12,4.9,10.4,10,Happy,61.3,Medium
56,Female,5.2,3.3,57,4.5,10.1,9,Neutral,63.500000000000014,Medium
40,Female,6.2,10.0,93,3.1,8.6,2,Neutral,85.3,Low
49,Male,6.0,10.6,112,2.4,7.1,8,Happy,55.400000000000006,Medium
32,Male,4.2,3.3,52,3.1,2.2,5,Happy,45.7,High
30,Male,6.6,1.8,19,3.9,4.8,9,Sad,59.300000000000004,Medium
19,Female,4.6,7.6,5,4.0,3.6,9,Happy,22.999999999999996,High
36,Male,8.2,6.3,54,1.3,2.5,10,Neutral,51.7,Medium
41,Male,6.7,5.7,30,4.2,9.8,3,Stressed,90.19999999999999,Low
41,Female,8.2,9.4,58,3.6,3.3,9,Happy,63.4,Medium
28,Female,8.8,11.7,18,1.2,5.6,7,Stressed,57.39999999999999,Medium
39,Female,8.7,6.3,69,2.3,11.8,9,Neutral,87.30000000000001,Low
32,Male,4.5,1.1,97,3.0,6.1,7,Happy,61.400000000000006,Medium
27,Male,8.7,7.6,27,1.8,3.4,8,Stressed,61.0,Medium
58,Female,8.0,8.2,12,1.6,8.9,4,Sad,75.8,Low
44,Male,7.9,10.1,51,1.1,10.1,5,Sad,74.7,Medium
26,Male,4.5,3.2,73,4.6,4.8,6,Sad,61.79999999999999,Medium
45,Female,4.9,6.8,60,1.2,10.1,4,Sad,57.599999999999994,Medium
18,Male,8.9,5.9,40,2.5,4.7,8,Stressed,75.10000000000001,Low
34,Female,5.1,8.3,44,1.8,8.9,5,Stressed,50.0,Medium
48,Male,4.8,1.7,6,4.0,3.2,3,Stressed,60.199999999999996,Medium
27,Female,5.8,10.7,81,3.8,6.3,1,Stressed,80.4,Low
54,Male,8.6,6.6,85,4.2,7.2,1,Sad,100.0,Low
46,Male,6.4,10.6,13,3.5,9.3,8,Stressed,49.49999999999999,High
35,Female,8.6,4.7,35,3.4,8.5,3,Happy,100.0,Low
55,Female,5.7,8.2,7,2.6,10.5,10,Neutral,36.00000000000001,High
56,Female,5.1,11.5,11,3.5,3.8,4,Happy,39.300000000000004,High
23,Female,6.5,11.4,39,1.5,8.6,7,Stressed,46.7,High
57,Male,7.1,11.4,111,3.7,3.3,1,Stressed,91.5,Low
29,Female,6.0,1.5,96,1.4,6.8,6,Sad,72.8,Medium
31,Female,5.7,5.4,87,4.4,7.2,1,Sad,96.00000000000001,Low
27,Female,5.1,1.7,105,3.0,2.3,3,Neutral,76.19999999999999,Low
37,Female,5.4,4.4,102,3.1,2.7,4,Sad,70.50000000000001,Medium
32,Female,7.4,2.9,61,3.3,10.4,7,Happy,89.7,Low
48,Male,5.8,7.8,13,4.1,4.9,2,Sad,67.3,Medium
24,Female,4.4,9.6,48,2.9,5.5,8,Sad,27.89999999999999,High
58,Female,4.7,6.6,50,2.7,8.4,6,Neutral,50.099999999999994,Medium
27,Female,5.9,9.8,61,2.2,4.2,10,Stressed,31.0,High
27,Male,8.6,1.1,4,1.5,3.9,2,Sad,91.89999999999999,Low
56,Male,5.9,10.0,82,1.8,6.2,3,Stressed,64.80000000000001,Medium
45,Male,4.3,3.0,66,1.0,2.6,4,Happy,44.400000000000006,High
47,Female,6.1,6.1,0,4.5,11.2,6,Stressed,69.69999999999999,Medium
54,Female,7.3,5.9,103,4.1,11.4,1,Sad,100.0,Low
20,Male,7.0,10.6,104,1.9,6.5,5,Stressed,72.1,Medium
32,Male,5.4,11.6,100,1.0,4.1,8,Happy,31.999999999999996,High
38,Female,7.4,3.8,96,3.0,6.7,7,Sad,86.00000000000001,Low
54,Female,7.2,1.7,48,2.7,3.0,3,Happy,85.69999999999999,Low
29,Female,4.9,8.2,120,4.1,6.0,2,Sad,81.1,Low
21,Male,4.8,6.5,109,2.6,2.7,2,Neutral,67.2,Medium
26,Female,6.7,7.2,16,4.5,9.1,10,Happy,56.5,Medium
56,Female,7.3,1.5,72,1.4,4.8,5,Sad,81.0,Low
59,Male,8.8,9.5,94,2.5,7.2,8,Happy,82.7,Low
45,Male,6.1,3.6,34,4.7,2.1,6,Sad,64.3,Medium
40,Male,7.8,4.7,66,1.0,7.2,6,Neutral,77.2,Low
57,Female,4.6,3.5,12,2.6,2.0,7,Stressed,30.4,High
39,Male,8.4,11.4,115,2.0,11.3,1,Stressed,100.0,Low
41,Male,7.2,2.9,36,3.1,7.0,3,Neutral,90.9,Low
43,Female,7.1,9.1,37,2.1,3.0,5,Neutral,56.7,Medium
47,Female,4.7,3.7,77,4.5,5.4,7,Stressed,60.3,Medium
50,Male,4.2,5.7,5,4.7,2.5,6,Happy,36.1,High
33,Female,7.5,12.0,92,4.4,7.3,1,Neutral,100.0,Low
39,Male,4.6,2.1,62,2.6,3.2,9,Stressed,37.6,High
35,Female,4.6,10.7,120,5.0,6.7,3,Stressed,75.0,Low
24,Female,4.9,11.4,48,3.9,5.1,7,Stressed,37.5,High
43,Male,4.5,8.7,8,2.4,9.6,1,Happy,56.400000000000006,Medium
25,Male,7.1,1.1,35,1.4,6.8,1,Happy,92.39999999999999,Low
23,Male,6.1,10.0,22,3.7,10.5,1,Neutral,80.9,Low
47,Female,5.3,10.7,78,3.9,11.4,4,Happy,73.49999999999999,Medium
56,Male,6.2,11.8,117,1.5,11.7,1,Happy,88.70000000000002,Low
40,Female,8.2,10.2,56,3.2,4.6,1,Happy,94.00000000000001,Low
49,Female,8.6,5.9,49,4.9,9.7,9,Happy,91.9,Low
39,Male,6.4,8.6,110,2.3,6.4,8,Neutral,61.099999999999994,Medium
59,Female,6.8,6.3,58,2.2,6.3,5,Happy,70.6,Medium
26,Female,5.3,4.9,113,4.6,10.7,2,Neutral,100.0,Low
48,Male,6.6,7.9,6,1.5,3.5,7,Neutral,37.900000000000006,High
24,Female,7.7,9.5,46,4.7,6.8,1,Happy,100.0,Low
26,Female,6.5,8.0,88,4.1,7.9,9,Happy,66.89999999999999,Medium
30,Male,5.5,10.1,100,2.6,2.7,1,Neutral,69.2,Medium
20,Male,6.9,2.9,86,1.3,10.6,3,Neutral,96.10000000000001,Low
52,Female,8.7,5.1,74,1.1,5.1,6,Neutral,83.3,Low
50,Female,8.4,4.4,55,2.5,8.6,4,Stressed,99.9,Low
38,Female,7.8,3.1,109,3.8,11.3,2,Happy,100.0,Low
48,Female,5.4,5.9,7,3.0,9.2,5,Stressed,57.00000000000001,Medium
51,Male,5.2,11.4,35,4.0,10.9,10,Stressed,38.0,High
49,Female,8.2,6.9,41,3.7,2.7,1,Happy,96.30000000000001,Low
52,Female,4.9,4.2,38,3.3,6.9,1,Sad,74.49999999999999,Medium
32,Female,7.0,4.9,64,4.9,7.6,6,Stressed,88.7,Low
49,Female,6.2,7.7,115,3.9,8.9,9,Happy,70.89999999999999,Medium
23,Male,6.3,4.9,43,4.7,3.2,10,Stressed,51.699999999999996,Medium
38,Female,6.3,6.9,76,2.0,8.6,7,Happy,63.60000000000001,Medium
50,Male,8.5,4.0,79,3.9,3.5,10,Neutral,79.3,Low
49,Male,4.4,4.8,45,3.4,2.7,4,Stressed,49.8,High
36,Male,7.9,8.8,12,4.7,6.7,8,Stressed,68.70000000000002,Medium
50,Male,8.2,7.4,36,3.0,8.0,1,Stressed,100.0,Low
45,Male,8.7,2.0,13,2.1,11.6,5,Happy,99.3,Low
48,Female,6.3,11.7,12,2.5,9.0,2,Sad,64.5,Medium
38,Male,6.5,1.5,109,1.9,7.9,3,Neutral,97.1,Low
51,Male,8.8,1.9,11,1.9,4.1,10,Sad,64.10000000000001,Medium
32,Male,6.3,8.7,54,2.9,3.5,4,Stressed,61.900000000000006,Medium
31,Female,6.5,8.8,27,4.6,8.1,1,Happy,88.00000000000001,Low
36,Male,5.7,1.2,21,1.8,4.2,5,Stressed,56.199999999999996,Medium
32,Female,4.2,8.1,83,2.2,9.1,10,Stressed,31.59999999999999,High
23,Male,6.2,1.4,110,4.4,3.1,6,Sad,85.4,Low
26,Male,7.3,11.6,18,2.4,5.4,1,Stressed,72.19999999999999,Medium
54,Female,7.4,8.7,74,4.8,9.7,4,Happy,98.80000000000001,Low
37,Female,4.0,3.1,29,2.1,10.3,2,Neutral,62.699999999999996,Medium
51,Female,8.0,2.7,53,2.8,5.5,1,Sad,100.0,Low
55,Male,6.5,7.3,89,1.4,4.1,5,Happy,63.400000000000006,Medium
43,Female,6.6,8.0,14,5.0,11.6,1,Stressed,97.0,Low
35,Female,8.8,10.1,29,4.6,9.6,8,Neutral,83.8,Low
45,Female,5.4,10.9,28,4.3,10.1,2,Neutral,71.5,Medium
26,Female,7.8,5.3,31,1.6,4.2,5,Neutral,70.00000000000001,Medium
49,Female,6.9,10.3,116,4.9,6.2,3,Happy,96.5,Low
23,Male,7.5,7.0,29,4.7,2.7,6,Neutral,71.7,Medium
31,Female,6.1,6.2,107,2.7,3.1,6,Happy,65.7,Medium
45,Male,5.4,8.7,114,3.7,4.2,8,Sad,54.300000000000004,Medium
41,Female,6.7,2.1,15,5.0,5.0,5,Happy,80.8,Low
30,Female,5.9,3.9,35,2.6,12.0,5,Stressed,75.2,Low
29,Male,5.1,10.0,81,1.5,6.2,5,Happy,47.1,High
36,Male,8.2,6.5,104,4.5,9.0,9,Happy,94.3,Low
38,Male,6.4,11.0,47,2.9,11.0,2,Stressed,79.9,Low
44,Male,8.2,2.0,102,4.9,4.5,3,Sad,100.0,Low
36,Female,6.4,4.4,27,3.2,3.4,4,Happy,67.4,Medium
41,Male,6.8,4.9,61,1.1,4.4,7,Stressed,56.7,Medium
43,Female,9.0,5.6,82,3.0,10.8,10,Stressed,91.80000000000001,Low
45,Female,8.8,11.9,55,3.9,8.7,1,Sad,100.0,Low
35,Female,5.4,4.4,55,1.1,6.5,3,Sad,62.7,Medium
53,Male,8.3,6.7,74,2.7,10.2,10,Stressed,78.29999999999998,Low
59,Male,6.0,6.9,16,1.6,4.4,7,Sad,38.2,High
46,Male,4.4,9.5,61,3.6,4.4,8,Stressed,32.0,High
34,Female,6.9,6.7,20,4.8,7.7,2,Sad,91.0,Low
21,Male,8.9,7.7,36,3.5,9.9,3,Stressed,100.0,Low
46,Male,8.9,9.3,107,3.8,4.6,7,Neutral,92.00000000000001,Low
21,Female,4.6,2.1,114,2.6,4.1,7,Sad,57.8,Medium
27,Male,7.9,11.6,33,3.3,6.7,3,Neutral,80.3,Low
42,Female,8.0,10.3,96,3.2,3.3,10,Stressed,61.199999999999996,Medium
48,Male,5.8,5.3,28,4.0,9.5,5,Sad,72.0,Medium
20,Male,7.3,9.0,67,4.4,7.8,7,Sad,78.0,Low
19,Male,6.4,9.4,95,3.7,7.1,3,Neutral,84.9,Low
42,Male,5.1,10.4,59,4.9,10.7,8,Neutral,55.9,Medium
23,Male,7.8,3.1,10,4.3,9.3,4,Happy,97.9,Low
43,Female,5.3,8.7,89,1.5,3.5,7,Neutral,39.9,High
25,Male,5.7,1.4,81,3.0,6.2,2,Stressed,89.80000000000001,Low
52,Male,5.0,2.3,116,4.6,5.2,5,Stressed,82.00000000000001,Low
44,Male,7.6,9.5,95,4.8,10.0,6,Neutral,96.0,Low
42,Male,6.3,9.9,59,2.5,9.2,1,Neutral,81.9,Low
35,Male,6.2,7.5,90,3.9,6.7,9,Stressed,61.9,Medium
18,Male,7.0,7.4,79,2.6,10.2,9,Happy,68.4,Medium
56,Male,4.8,9.2,73,1.5,6.1,4,Happy,47.89999999999999,High
20,Female,8.5,11.0,107,4.5,10.0,5,Sad,100.0,Low
21,Female,6.3,5.6,33,4.7,2.3,9,Stressed,50.49999999999999,Medium
58,Male,5.8,2.3,32,3.0,3.3,10,Sad,41.40000000000001,High
54,Female,4.6,10.2,9,1.1,9.6,2,Happy,44.099999999999994,High
32,Male,4.8,4.8,105,4.3,3.1,5,Neutral,67.10000000000001,Medium
25,Female,8.6,2.5,59,2.9,8.8,4,Happy,100.0,Low
55,Male,6.3,7.8,25,1.3,9.2,2,Happy,69.3,Medium
36,Male,7.6,7.4,105,1.8,8.6,2,Happy,100.0,Low
43,Female,4.4,6.2,24,1.6,10.2,9,Happy,28.799999999999997,High
56,Male,7.2,10.5,1,3.7,7.1,10,Stressed,43.900000000000006,High
27,Female,8.6,4.0,89,2.2,11.0,8,Stressed,96.8,Low
55,Male,5.5,1.1,83,1.5,7.7,10,Stressed,52.29999999999999,Medium
31,Male,6.9,4.6,2,4.7,7.1,10,Happy,57.900000000000006,Medium
58,Male,8.7,1.1,31,4.8,7.1,8,Sad,97.2,Low
36,Male,7.6,7.0,0,1.6,11.1,8,Neutral,60.2,Medium
47,Female,4.3,5.2,23,1.9,4.4,5,Sad,35.5,High
22,Male,5.9,10.0,49,3.4,9.0,4,Stressed,67.8,Medium
48,Female,4.4,9.8,42,1.6,4.4,10,Stressed,9.599999999999998,High
24,Female,8.3,5.8,119,1.6,2.9,3,Stressed,97.0,Low
36,Male,7.1,3.4,43,2.3,11.5,2,Sad,99.3,Low
48,Male,8.8,5.6,32,4.8,3.3,10,Stressed,73.8,Medium
56,Female,4.1,8.1,37,4.8,8.9,5,Stressed,54.0,Medium
41,Female,6.1,3.1,111,4.4,6.2,8,Happy,79.4,Low
51,Male,4.5,9.5,51,3.8,10.4,5,Stressed,56.0,Medium
40,Female,5.8,4.6,34,3.9,9.7,7,Stressed,66.5,Medium
57,Female,4.8,11.3,16,2.9,3.4,5,Sad,29.900000000000002,High
23,Female,5.6,6.6,57,3.1,6.7,10,Neutral,43.1,High
55,Male,8.1,10.3,47,3.5,2.3,9,Stressed,55.90000000000001,Medium
58,Female,4.8,7.8,42,3.9,6.3,8,Neutral,40.900000000000006,High
53,Female,6.4,7.1,47,1.4,9.0,8,Neutral,52.2,Medium
44,Female,8.6,8.5,43,1.9,4.3,1,Stressed,91.69999999999999,Low
28,Female,9.0,9.9,32,4.9,10.1,5,Happy,100.0,Low
22,Male,5.3,8.1,74,2.3,2.5,9,Stressed,32.099999999999994,High
34,Male,8.7,9.8,86,2.1,2.3,8,Sad,67.69999999999999,Medium
24,Female,5.3,3.1,101,2.7,2.3,1,Stressed,81.1,Low
44,Female,6.1,4.1,95,2.2,4.8,9,Happy,56.4,Medium
32,Female,8.4,3.5,82,1.4,6.7,10,Stressed,73.80000000000001,Medium
30,Male,7.9,9.8,75,1.8,3.1,1,Sad,85.60000000000001,Low
28,Male,8.3,1.9,91,3.6,12.0,5,Sad,100.0,Low
43,Female,8.0,9.8,1,1.9,12.0,10,Neutral,54.099999999999994,Medium
39,Female,5.2,5.3,9,3.6,7.2,1,Sad,71.6,Medium
45,Male,6.8,1.9,82,1.4,7.7,8,Neutral,71.00000000000001,Medium
41,Female,5.9,5.7,27,1.2,11.3,2,Happy,73.60000000000001,Medium
46,Female,6.3,4.3,46,4.4,9.7,6,Sad,81.0,Low
26,Male,4.8,7.5,7,4.0,3.7,2,Sad,53.800000000000004,Medium
59,Male,5.6,6.2,106,3.7,9.9,2,Neutral,95.1,Low
21,Male,8.3,4.3,22,1.1,4.3,1,Sad,88.9,Low
35,Male,8.5,10.5,47,2.0,6.3,6,Stressed,72.0,Medium
33,Male,7.1,5.5,108,4.2,7.3,5,Neutral,97.19999999999999,Low
50,Female,6.5,6.2,93,1.6,9.2,4,Happy,81.6,Low
46,Male,7.6,10.3,91,4.3,3.5,4,Sad,86.1,Low
56,Male,7.0,2.0,62,3.3,2.8,9,Happy,64.5,Medium
27,Male,8.9,5.3,76,4.0,10.7,2,Happy,100.0,Low
26,Male,5.0,5.4,118,3.6,10.3,10,Stressed,61.4,Medium
48,Male,6.2,6.5,36,2.7,7.2,7,Neutral,56.1,Medium
45,Male,8.6,2.2,11,2.2,8.6,5,Neutral,92.0,Low
20,Female,8.6,2.1,73,3.7,9.2,10,Sad,93.29999999999998,Low
31,Male,6.5,5.6,114,4.2,6.8,9,Happy,75.19999999999999,Low
42,Female,4.7,1.4,80,1.2,4.6,4,Neutral,59.400000000000006,Medium
32,Female,8.1,3.8,64,2.5,6.8,6,Sad,88.3,Low
19,Male,6.9,3.2,85,2.4,11.5,2,Stressed,100.0,Low
41,Male,7.9,6.4,14,3.2,10.4,1,Happy,100.0,Low
31,Female,6.3,1.1,79,1.5,6.7,1,Stressed,93.5,Low
24,Female,5.0,8.4,83,4.7,4.3,4,Sad,65.89999999999999,Medium
53,Female,4.1,10.4,118,3.2,10.9,9,Happy,45.599999999999994,High
41,Male,6.8,8.8,9,4.7,8.4,3,Stressed,80.49999999999999,Low
44,Female,4.8,10.0,41,4.3,6.0,3,Happy,57.7,Medium
54,Male,4.9,8.1,25,1.8,3.1,7,Sad,24.999999999999996,High
55,Male,6.2,6.6,48,1.5,9.5,8,Happy,52.89999999999999,Medium
47,Female,6.2,3.4,117,4.4,5.2,6,Stressed,87.00000000000001,Low
44,Male,5.4,4.1,22,3.1,8.1,1,Neutral,77.9,Low
56,Male,4.7,4.5,63,1.1,7.7,6,Sad,47.49999999999999,High
32,Female,8.7,1.4,16,4.7,9.0,8,Happy,96.9,Low
43,Female,4.7,11.0,33,2.9,7.4,5,Happy,40.89999999999999,High
18,Male,5.8,10.9,104,2.2,8.3,8,Happy,52.6,Medium
21,Female,5.5,2.2,56,3.1,2.8,1,Happy,78.89999999999999,Low
46,Male,8.3,7.1,85,4.3,8.7,4,Happy,100.0,Low
18,Female,6.1,6.1,3,1.4,3.9,9,Stressed,28.199999999999992,High
39,Female,4.6,8.5,70,2.4,5.9,10,Stressed,26.8,High
28,Female,4.1,7.6,68,2.3,7.1,5,Sad,45.099999999999994,High
27,Female,7.6,2.4,94,4.4,8.9,10,Sad,89.8,Low
34,Male,7.6,8.3,82,4.1,9.4,10,Stressed,75.10000000000001,Low
53,Female,6.1,7.7,67,2.6,9.0,3,Neutral,78.0,Low
43,Male,4.6,6.8,49,3.7,3.0,3,Stressed,54.699999999999996,Medium
38,Male,5.9,5.4,85,2.6,5.9,9,Neutral,54.0,Medium
30,Female,6.9,11.5,66,3.3,4.8,1,Stressed,81.3,Low
26,Female,7.5,10.3,86,5.0,6.0,6,Sad,84.6,Low
28,Female,4.4,7.4,67,3.1,8.5,6,Sad,51.10000000000001,Medium
28,Female,6.8,1.1,109,5.0,3.9,10,Happy,80.39999999999999,Low
23,Female,5.4,5.8,87,4.0,7.0,8,Neutral,61.80000000000001,Medium
18,Male,7.1,8.7,58,1.5,10.8,8,Neutral,62.29999999999999,Medium
23,Female,7.2,2.3,77,4.2,9.3,1,Neutral,100.0,Low
30,Male,8.6,5.5,112,1.6,9.3,7,Happy,96.0,Low
39,Male,6.1,3.1,104,3.1,10.5,10,Neutral,72.1,Medium
48,Male,6.7,4.7,114,3.5,6.0,1,Happy,100.0,Low
39,Male,5.3,1.3,62,4.6,9.6,8,Happy,73.00000000000001,Medium
54,Female,5.4,2.4,66,1.8,2.6,5,Happy,56.60000000000001,Medium
44,Female,4.2,6.0,110,4.5,2.6,2,Happy,71.7,Medium
31,Male,5.4,10.9,84,4.7,5.3,3,Stressed,71.1,Medium
22,Male,4.3,6.4,25,1.4,4.0,9,Sad,14.200000000000003,High
53,Female,8.8,6.0,0,4.5,7.2,2,Neutral,100.0,Low
49,Male,7.1,9.7,93,2.0,3.8,4,Sad,71.79999999999998,Medium
51,Female,4.9,3.9,114,1.3,11.8,7,Neutral,66.1,Medium
24,Male,4.6,2.0,67,4.8,10.5,8,Sad,68.4,Medium
59,Female,5.9,3.3,77,2.6,11.8,3,Happy,92.4,Low
27,Male,5.5,9.7,17,3.5,10.1,10,Sad,36.7,High
34,Male,5.4,8.4,11,3.2,11.5,10,Happy,38.400000000000006,High
47,Male,6.3,2.0,37,1.9,5.7,9,Sad,51.300000000000004,Medium
38,Female,8.6,8.3,41,3.7,7.0,8,Happy,78.1,Low
30,Female,6.8,11.2,35,1.2,4.4,6,Sad,43.400000000000006,High
18,Female,6.6,1.5,15,1.8,8.4,8,Happy,59.8,Medium
18,Male,8.0,7.8,64,4.8,9.9,10,Neutral,81.0,Low
50,Male,4.0,5.2,66,4.8,7.0,8,Stressed,48.8,High
55,Male,5.0,6.5,38,2.9,5.0,3,Happy,57.099999999999994,Medium
42,Male,6.5,6.8,98,1.7,7.1,7,Sad,65.7,Medium
43,Male,7.5,9.5,117,2.7,2.6,8,Neutral,66.10000000000001,Medium
30,Male,6.4,7.1,58,4.5,9.2,6,Happy,78.29999999999998,Low
45,Female,4.8,7.5,78,1.3,6.5,6,Sad,44.099999999999994,High
50,Female,8.6,4.7,37,1.5,11.0,7,Stressed,85.5,Low
54,Female,5.6,2.4,15,4.6,11.2,4,Stressed,83.6,Low
58,Male,7.9,8.5,80,2.7,3.3,10,Sad,58.1,Medium
47,Female,8.5,1.0,97,1.3,12.0,10,Happy,92.9,Low
25,Male,5.7,4.6,73,1.6,11.7,9,Neutral,57.79999999999999,Medium
18,Male,8.2,3.4,10,4.5,8.3,3,Sad,100.0,Low
29,Female,7.6,5.3,27,3.0,10.3,7,Stressed,78.4,Low
22,Male,8.5,4.4,90,1.7,2.2,9,Sad,71.10000000000001,Medium
41,Male,5.3,8.7,101,4.6,11.7,8,Sad,70.20000000000002,Medium
23,Male,8.7,3.9,81,4.4,6.6,7,Neutral,100.0,Low
42,Male,4.3,7.2,110,1.1,11.1,5,Neutral,58.3,Medium
18,Male,8.0,6.0,111,3.3,5.9,2,Sad,100.0,Low
42,Female,6.2,9.8,93,2.0,9.9,2,Sad,82.8,Low
18,Female,4.9,5.7,76,3.1,6.2,4,Neutral,64.7,Medium
49,Male,4.4,10.5,79,2.1,5.6,5,Neutral,40.5,High
59,Male,5.9,1.0,1,2.3,11.5,4,Happy,75.7,Low
59,Female,5.9,7.7,19,3.4,9.0,2,Happy,74.39999999999999,Medium
20,Female,5.1,1.1,75,3.2,10.4,4,Happy,84.6,Low
36,Female,5.1,8.9,92,2.6,7.4,5,Happy,59.400000000000006,Medium
46,Male,6.0,3.6,109,1.4,11.2,4,Sad,88.0,Low
19,Female,6.1,5.2,71,4.9,9.4,6,Sad,84.1,Low
26,Female,6.2,5.2,37,1.7,2.7,10,Happy,32.9,High
34,Male,8.3,10.3,109,3.5,9.7,7,Sad,93.1,Low
53,Male,7.1,2.1,55,1.3,2.2,5,Neutral,68.7,Medium
34,Female,4.1,8.3,110,3.8,10.3,9,Neutral,50.00000000000001,Medium
29,Male,6.6,11.8,83,1.4,5.3,4,Happy,60.6,Medium
37,Female,7.8,1.2,98,1.9,8.0,10,Sad,80.69999999999999,Low
20,Female,4.3,11.6,38,3.6,9.5,2,Neutral,56.39999999999999,Medium
21,Male,6.1,1.2,30,2.1,8.4,10,Sad,51.89999999999999,Medium
34,Male,6.3,10.3,79,3.1,8.7,8,Neutral,59.09999999999999,Medium
54,Female,8.8,11.6,22,1.5,10.9,4,Sad,82.5,Low
59,Male,6.4,11.9,33,1.8,5.7,4,Neutral,51.199999999999996,Medium
32,Male,7.7,6.1,95,3.9,7.5,3,Neutral,100.0,Low
50,Male,5.5,10.5,16,1.1,3.7,9,Neutral,14.100000000000003,High
33,Male,7.9,2.3,106,1.4,6.7,4,Happy,100.0,Low
28,Male,5.6,5.7,23,1.9,3.5,2,Sad,57.699999999999996,Medium
37,Male,6.2,4.4,34,1.1,8.3,1,Happy,78.1,Low
55,Male,6.4,5.3,117,1.4,5.2,1,Sad,90.20000000000002,Low
41,Female,8.6,8.7,22,2.1,10.6,8,Neutral,72.7,Medium
33,Male,4.3,2.0,7,1.4,5.4,1,Stressed,54.2,Medium
47,Female,5.0,12.0,53,4.5,4.9,5,Happy,48.89999999999999,High
51,Male,7.5,8.0,86,1.3,6.9,8,Neutral,64.5,Medium
18,Female,6.9,10.6,20,4.4,3.8,7,Happy,53.4,Medium
41,Male,5.3,10.1,18,4.3,4.0,7,Stressed,37.89999999999999,High
41,Female,5.4,9.4,30,1.4,9.8,8,Sad,35.800000000000004,High
26,Male,5.8,1.4,49,1.1,7.0,3,Sad,72.5,Medium
39,Female,6.3,6.7,70,1.2,4.1,5,Stressed,57.8,Medium
29,Male,8.1,4.6,111,3.4,2.3,2,Stressed,100.0,Low
34,Male,4.1,2.2,23,3.7,6.7,5,Sad,53.099999999999994,Medium
42,Female,8.5,4.8,45,3.5,9.4,5,Stressed,100.0,Low
45,Female,6.1,8.1,7,3.2,5.5,2,Neutral,65.2,Medium
32,Male,5.2,3.5,76,1.7,4.5,10,Happy,37.7,High
47,Female,6.5,5.9,2,4.4,6.0,6,Happy,63.60000000000001,Medium
44,Female,7.3,5.4,33,2.3,11.6,1,Happy,99.5,Low
39,Male,4.2,1.6,76,4.9,6.2,8,Happy,58.9,Medium
27,Female,7.6,7.9,56,2.5,4.6,1,Happy,89.10000000000001,Low
48,Male,7.8,7.8,117,2.1,7.7,3,Happy,99.70000000000002,Low
44,Female,4.8,11.6,57,4.6,10.1,1,Sad,75.4,Low
29,Male,4.8,4.3,95,3.3,2.2,2,Sad,71.30000000000001,Medium
48,Female,5.0,5.6,34,3.9,7.6,7,Happy,52.3,Medium
49,Male,8.0,5.4,20,2.6,10.4,7,Happy,79.0,Low
49,Male,5.4,11.1,64,4.5,4.2,5,Stressed,55.49999999999999,Medium
58,Female,8.0,5.5,65,4.7,11.2,5,Stressed,100.0,Low
52,Female,6.7,5.9,56,2.7,7.8,7,Stressed,67.5,Medium
38,Male,7.8,3.8,41,2.0,7.2,10,Happy,63.00000000000001,Medium
27,Male,6.8,1.0,42,3.6,11.6,10,Stressed,75.60000000000001,Low
33,Female,5.7,2.2,25,4.8,3.3,5,Happy,68.19999999999999,Medium
24,Female,8.6,8.7,66,3.5,9.4,8,Sad,86.10000000000001,Low
21,Female,7.6,8.5,87,4.8,10.2,3,Neutral,100.0,Low
44,Female,6.4,4.5,25,2.4,6.9,2,Sad,77.8,Low
42,Female,7.2,6.2,7,4.7,2.1,10,Happy,48.7,High
48,Female,7.1,4.3,46,1.5,7.2,4,Happy,77.50000000000001,Low
28,Male,5.8,9.0,36,2.4,3.5,7,Sad,38.2,High
37,Female,6.1,10.3,71,3.0,7.6,9,Sad,48.8,High
53,Female,5.6,10.9,81,3.6,9.4,3,Stressed,75.2,Low
34,Female,9.0,2.9,17,2.2,7.3,3,Stressed,100.0,Low
28,Female,6.9,8.6,75,4.7,8.3,7,Neutral,78.9,Low
47,Male,4.5,11.6,35,4.6,3.0,1,Stressed,53.8,Medium
52,Male,6.6,8.2,103,4.2,3.0,7,Stressed,69.19999999999999,Medium
58,Male,4.2,4.9,1,1.5,10.5,2,Stressed,52.900000000000006,Medium
55,Male,5.4,8.0,83,1.3,2.5,10,Neutral,26.099999999999994,High
39,Female,6.2,8.6,119,3.0,4.8,1,Stressed,89.19999999999999,Low
44,Male,6.7,5.4,2,4.1,11.4,10,Stressed,59.900000000000006,Medium
54,Female,8.9,2.1,103,1.5,6.6,9,Sad,90.1,Low
52,Female,8.9,7.7,107,3.6,8.7,1,Sad,100.0,Low
21,Male,4.5,9.8,33,3.1,4.2,8,Stressed,23.89999999999999,High
33,Male,6.7,12.0,112,3.9,4.7,10,Sad,54.300000000000004,Medium
33,Female,8.1,3.5,109,2.7,7.1,7,Happy,95.5,Low
38,Male,5.2,8.7,45,3.8,8.4,10,Sad,39.400000000000006,High
43,Male,7.8,1.3,61,1.6,11.6,9,Neutral,82.80000000000001,Low
53,Female,8.4,11.7,69,1.9,7.7,5,Stressed,79.30000000000001,Low
36,Female,7.3,1.1,103,4.6,3.0,3,Happy,100.0,Low
34,Female,5.6,4.9,56,2.3,5.7,1,Sad,76.30000000000001,Low
43,Female,8.6,1.8,9,4.9,4.4,2,Happy,100.0,Low
39,Female,8.4,7.8,87,1.2,4.5,6,Happy,76.80000000000001,Low
45,Male,7.6,4.7,17,3.0,7.1,8,Stressed,67.2,Medium
18,Female,5.8,9.1,32,2.3,5.2,9,Happy,32.1,High
53,Female,8.0,6.4,102,5.0,4.9,8,Neutral,90.4,Low
54,Female,5.6,5.6,6,5.0,11.7,2,Happy,86.4,Low
19,Male,5.3,4.8,44,1.9,7.8,1,Stressed,73.3,Medium
34,Female,6.6,1.9,111,2.1,4.6,10,Neutral,64.10000000000001,Medium
57,Female,9.0,3.3,107,4.0,4.8,4,Neutral,100.0,Low
55,Male,8.0,8.0,28,4.6,10.1,5,Neutral,92.8,Low
38,Female,7.6,6.5,82,3.7,10.9,10,Neutral,79.7,Low
26,Female,6.3,1.8,37,4.5,8.8,6,Happy,82.9,Low
30,Female,5.6,7.0,38,1.3,6.3,4,Sad,52.699999999999996,Medium
28,Male,8.3,1.6,24,3.6,9.6,5,Sad,100.0,Low
33,Male,6.8,6.6,16,3.8,11.4,8,Sad,67.8,Medium
33,Female,8.1,11.6,60,1.8,3.7,10,Sad,46.199999999999996,High
19,Female,6.4,4.4,50,4.1,10.6,3,Sad,94.9,Low
59,Female,7.8,9.0,36,4.8,10.5,1,Stressed,100.0,Low
25,Male,8.3,9.2,66,4.6,5.7,9,Sad,76.20000000000002,Low
59,Male,6.0,5.5,23,2.0,4.9,9,Stressed,37.39999999999999,High
30,Male,4.1,7.5,117,2.3,7.7,2,Sad,68.30000000000001,Medium
34,Male,5.3,6.2,81,3.0,4.7,3,Sad,69.2,Medium
56,Male,8.6,4.1,48,1.6,3.5,8,Neutral,70.39999999999999,Medium
41,Male,7.4,9.3,89,4.8,11.5,3,Happy,100.0,Low
20,Female,7.7,8.7,20,1.6,6.9,3,Neutral,73.39999999999999,Medium
47,Male,5.6,10.9,74,4.0,6.7,6,Sad,58.4,Medium
30,Female,7.5,7.8,56,2.4,3.3,6,Stressed,65.2,Medium
36,Male,7.2,5.3,40,3.3,7.0,7,Sad,71.9,Medium
24,Female,4.9,8.9,16,1.2,9.4,10,Sad,19.200000000000006,High
26,Male,8.8,7.8,114,1.8,4.5,4,Happy,97.2,Low
36,Female,5.8,7.8,108,2.8,5.7,5,Neutral,69.4,Medium
57,Female,5.6,10.3,101,3.7,3.8,10,Happy,41.699999999999996,High
39,Female,5.8,11.0,20,4.1,5.6,3,Neutral,59.7,Medium
35,Male,4.5,3.0,67,1.1,10.6,2,Neutral,71.1,Medium
40,Male,7.1,4.5,95,1.6,4.4,3,Sad,85.8,Low
19,Male,5.2,8.2,81,3.9,2.3,3,Neutral,63.90000000000001,Medium
28,Female,8.0,7.1,63,4.3,7.4,2,Neutral,100.0,Low
48,Female,6.0,8.2,43,1.9,7.8,1,Happy,73.3,Medium
50,Female,6.3,5.8,27,1.9,5.3,3,Neutral,64.9,Medium
31,Male,7.2,5.5,35,1.4,8.4,1,Happy,87.8,Low
33,Male,7.8,2.3,36,1.6,2.4,8,Neutral,61.400000000000006,Medium
28,Female,5.2,7.9,43,1.0,5.4,5,Happy,40.599999999999994,High
50,Male,8.8,2.9,49,3.4,3.4,6,Sad,91.8,Low
24,Male,7.1,8.4,89,4.6,4.3,10,Neutral,63.6,Medium
48,Male,4.0,11.6,112,1.6,5.8,7,Happy,30.800000000000004,High
31,Male,6.1,3.8,54,4.0,6.9,7,Happy,70.0,Medium
45,Female,6.2,2.6,118,3.3,2.9,4,Sad,86.69999999999999,Low
33,Male,8.0,1.3,87,4.8,3.0,6,Sad,100.0,Low
36,Male,5.5,5.2,9,4.2,8.7,8,Happy,52.79999999999999,Medium
34,Female,5.7,3.4,37,4.4,6.0,6,Happy,67.60000000000001,Medium
43,Female,4.4,6.4,48,3.6,3.8,7,Happy,38.4,High
23,Male,5.4,6.8,71,4.2,4.3,3,Neutral,72.2,Medium
26,Male,7.6,4.8,1,2.4,9.2,9,Neutral,61.00000000000001,Medium
34,Male,7.2,9.2,43,1.8,2.5,10,Happy,36.19999999999999,High
48,Male,4.4,11.0,34,4.7,7.1,2,Sad,58.5,Medium
29,Female,4.6,3.3,119,3.9,5.6,8,Sad,61.900000000000006,Medium
40,Female,5.9,10.2,115,1.4,10.1,8,Stressed,56.8,Medium
22,Female,7.7,2.4,20,4.5,9.9,2,Stressed,100.0,Low
53,Male,8.2,3.5,56,2.4,8.9,9,Sad,80.0,Low
53,Male,4.1,7.2,90,2.2,5.8,3,Neutral,55.2,Medium
20,Female,5.6,4.4,22,3.5,8.3,10,Sad,45.70000000000001,High
41,Male,6.1,1.5,31,3.3,8.4,6,Sad,73.5,Medium
34,Female,8.6,4.2,89,3.2,5.3,4,Happy,100.0,Low
56,Female,6.5,11.0,70,2.0,10.8,5,Sad,68.6,Medium
43,Female,5.3,2.9,32,4.8,11.8,3,Stressed,89.20000000000002,Low
21,Female,6.0,9.4,16,4.8,5.1,10,Neutral,38.60000000000001,High
29,Female,6.2,8.9,71,1.0,10.0,8,Stressed,51.400000000000006,Medium
18,Female,7.3,2.2,41,2.4,7.0,10,Neutral,62.8,Medium
38,Female,4.2,4.6,16,1.2,6.6,10,Stressed,15.2,High
36,Male,5.9,3.1,47,4.4,5.9,8,Happy,64.0,Medium
38,Female,7.2,1.3,105,4.5,4.9,7,Happy,94.7,Low
35,Female,5.4,2.9,110,3.1,11.2,7,Neutral,80.1,Low
20,Male,7.0,3.2,47,4.4,9.4,2,Happy,100.0,Low
49,Female,5.8,2.8,81,3.8,6.4,10,Neutral,60.400000000000006,Medium
27,Male,7.8,2.0,99,3.0,9.5,6,Sad,100.0,Low
57,Female,4.3,6.8,56,2.5,9.2,4,Neutral,55.5,Medium
32,Male,8.6,4.5,102,2.1,4.7,9,Stressed,81.30000000000001,Low
22,Male,4.9,11.0,60,2.0,3.8,5,Neutral,36.6,High
21,Male,4.8,3.1,43,3.2,10.4,6,Sad,63.19999999999999,Medium
45,Female,8.2,7.6,22,1.7,10.1,7,Sad,71.9,Medium
21,Male,8.3,10.9,75,1.7,12.0,2,Sad,100.0,Low
32,Female,4.5,1.5,86,1.0,2.2,1,Happy,64.60000000000001,Medium
34,Female,8.5,6.7,52,3.5,7.4,6,Happy,90.3,Low
20,Female,5.4,6.0,32,5.0,9.0,9,Stressed,55.400000000000006,Medium
27,Female,7.1,11.2,116,4.6,7.8,7,Happy,82.4,Low
59,Female,4.3,8.3,55,3.8,9.1,9,Neutral,38.599999999999994,High
40,Female,5.9,4.8,27,4.1,3.4,3,Sad,70.10000000000001,Medium
35,Female,6.3,8.8,107,2.7,2.0,5,Happy,64.30000000000001,Medium
18,Male,7.0,7.4,22,2.2,2.9,6,Happy,52.400000000000006,Medium
52,Female,6.6,4.8,62,2.5,5.8,6,Stressed,68.9,Medium
48,Female,6.3,9.6,6,1.3,5.3,5,Happy,42.1,High
18,Male,8.8,8.3,110,3.5,10.7,2,Happy,100.0,Low
20,Female,4.9,1.1,1,1.7,2.8,10,Sad,21.1,High
20,Male,4.8,10.5,64,4.1,6.4,3,Stressed,61.099999999999994,Medium
54,Male,7.6,5.4,3,1.8,11.6,6,Sad,74.0,Medium
36,Female,4.4,8.1,7,1.9,7.0,9,Happy,16.700000000000003,High
46,Female,6.4,5.4,48,4.8,3.3,10,Neutral,53.4,Medium
42,Male,6.4,10.7,28,1.4,4.9,8,Sad,33.0,High
50,Female,5.6,8.2,81,3.0,8.3,8,Neutral,55.40000000000001,Medium
53,Male,8.7,7.4,54,1.3,2.1,8,Neutral,61.7,Medium
46,Male,5.4,11.8,36,1.4,11.7,6,Sad,44.0,High
43,Female,5.4,4.1,94,3.5,7.7,3,Stressed,85.5,Low
21,Male,5.2,1.7,5,3.5,9.0,5,Neutral,65.1,Medium
31,Female,4.7,6.7,107,1.8,7.0,8,Sad,46.0,High
44,Female,5.8,5.7,23,4.5,11.6,3,Happy,84.89999999999999,Low
50,Male,7.4,6.0,111,3.8,7.9,1,Sad,100.0,Low
39,Male,7.7,7.8,104,2.2,8.6,1,Happy,100.0,Low
20,Female,8.1,7.8,78,2.0,10.6,7,Stressed,84.2,Low
40,Female,5.0,5.3,39,4.0,10.6,6,Neutral,64.4,Medium
38,Female,4.2,10.5,11,3.9,2.3,5,Stressed,27.300000000000004,High
58,Male,8.9,8.2,63,1.6,4.8,8,Stressed,70.79999999999998,Medium
40,Female,4.1,10.8,45,2.4,4.5,8,Neutral,17.4,High
21,Male,8.8,11.0,112,1.9,2.1,1,Happy,98.10000000000001,Low
38,Male,8.1,2.8,13,2.2,10.8,7,Sad,82.6,Low
54,Male,8.6,8.5,26,2.2,5.2,2,Happy,87.60000000000001,Low
48,Female,5.9,4.5,115,4.9,5.5,4,Neutral,92.5,Low
38,Male,5.0,10.2,36,4.0,3.0,1,Happy,58.800000000000004,Medium
43,Female,7.0,9.1,76,4.1,11.9,2,Happy,100.0,Low
58,Male,7.7,3.2,120,2.1,10.3,10,Happy,85.69999999999999,Low
52,Female,4.7,11.3,101,1.0,7.7,9,Neutral,29.0,High
55,Female,8.0,8.5,109,1.2,9.7,1,Stressed,100.0,Low
41,Male,5.0,11.4,101,3.2,9.8,7,Sad,55.00000000000001,Medium
28,Female,6.5,3.2,61,2.1,8.6,4,Stressed,82.5,Low
58,Male,8.3,10.6,66,1.8,3.7,7,Sad,63.4,Medium
46,Male,5.0,8.3,79,1.2,9.2,7,Neutral,45.599999999999994,High
20,Male,5.2,7.1,75,4.5,7.7,10,Neutral,50.699999999999996,Medium
18,Male,4.3,10.0,13,3.4,9.2,3,Happy,49.0,High
36,Male,4.7,8.0,97,1.4,7.4,2,Sad,64.2,Medium
39,Male,4.7,8.4,113,4.1,11.6,3,Stressed,84.5,Low
31,Male,5.0,3.8,94,4.0,8.3,5,Sad,77.80000000000001,Low
31,Female,5.4,10.0,38,2.2,7.7,8,Sad,35.99999999999999,High
33,Male,8.1,8.2,4,1.8,10.4,9,Neutral,59.2,Medium
50,Male,8.6,10.3,75,4.3,5.8,4,Sad,97.5,Low
30,Female,6.0,4.9,25,2.3,5.2,6,Happy,53.1,Medium
55,Female,4.6,4.6,80,4.4,7.0,4,Stressed,72.8,Medium
29,Male,5.1,1.3,107,1.2,7.8,9,Sad,55.40000000000001,Medium
55,Male,7.7,9.5,52,3.0,4.2,5,Sad,71.80000000000001,Medium
56,Male,7.4,4.6,62,1.7,8.8,2,Happy,95.30000000000001,Low
50,Female,8.8,4.6,10,3.7,10.0,1,Stressed,100.0,Low
50,Male,4.1,8.6,32,5.0,7.8,5,Stressed,50.800000000000004,Medium
46,Female,7.8,3.8,40,2.7,7.2,8,Happy,74.30000000000001,Medium
22,Male,6.5,11.0,39,1.4,4.9,6,Neutral,43.599999999999994,High
23,Male,8.5,6.9,45,2.3,11.1,7,Stressed,85.9,Low
48,Female,6.9,11.7,3,4.6,9.5,9,Neutral,52.19999999999999,Medium
33,Male,6.2,1.8,95,4.1,6.8,4,Happy,95.5,Low
48,Male,7.3,4.7,94,1.9,8.6,5,Sad,89.1,Low
42,Male,8.2,5.2,10,4.8,5.4,9,Sad,72.39999999999999,Medium
50,Female,5.4,9.0,80,3.5,2.6,3,Happy,62.7,Medium
30,Male,4.5,3.3,26,1.7,4.0,1,Stressed,56.1,Medium
27,Male,6.2,5.1,7,3.3,2.8,8,Neutral,43.300000000000004,High
41,Female,5.1,11.0,20,2.8,7.1,9,Happy,25.2,High
27,Female,6.1,2.3,96,4.3,8.2,10,Sad,73.5,Medium
58,Male,9.0,9.2,113,2.4,5.8,10,Sad,77.79999999999998,Low
48,Male,6.9,8.7,4,4.5,7.3,4,Stressed,73.5,Medium
30,Female,7.5,2.4,61,4.2,2.9,6,Stressed,85.2,Low
20,Male,7.4,8.6,31,3.7,9.7,7,Neutral,72.9,Medium
51,Male,8.1,7.3,88,2.0,2.3,7,Neutral,70.6,Medium
45,Female,8.7,4.2,57,4.9,8.3,8,Neutral,99.1,Low
36,Male,7.3,4.4,71,3.2,6.3,6,Happy,83.0,Low
40,Male,6.4,10.2,26,4.6,3.8,7,Neutral,51.40000000000001,Medium
49,Female,5.6,3.5,25,1.9,7.2,9,Happy,41.9,High
30,Male,5.8,6.6,39,4.9,9.8,6,Happy,72.69999999999999,Medium
50,Male,5.7,8.5,28,4.3,6.1,2,Stressed,71.3,Medium
51,Male,5.6,2.4,72,4.8,5.7,4,Happy,85.00000000000001,Low
50,Female,7.5,11.3,81,1.8,3.4,5,Stressed,64.39999999999999,Medium
22,Male,6.9,3.9,6,2.7,7.9,8,Neutral,59.7,Medium
20,Female,5.0,4.5,105,1.4,10.3,4,Happy,73.6,Medium
24,Female,8.8,8.3,20,1.5,7.6,1,Neutral,94.10000000000001,Low
41,Male,6.1,1.9,79,2.1,3.7,1,Happy,86.9,Low
39,Female,6.8,7.9,66,4.8,8.6,2,Happy,98.60000000000001,Low
40,Male,7.5,11.1,95,3.7,2.3,8,Stressed,62.9,Medium
47,Male,7.1,3.7,9,2.3,10.4,3,Neutral,85.69999999999999,Low
35,Male,5.6,5.0,61,4.8,11.2,6,Happy,80.6,Low
49,Female,8.0,3.6,95,4.0,8.0,7,Sad,99.8,Low
24,Male,4.6,10.0,7,4.6,10.8,1,Happy,68.0,Medium
50,Male,6.8,2.8,95,4.7,2.8,5,Neutral,90.5,Low
22,Male,5.4,4.8,113,4.0,4.3,2,Stressed,87.6,Low
45,Female,7.1,7.6,3,2.0,5.2,7,Sad,48.79999999999999,High
25,Female,5.1,5.5,28,5.0,9.7,3,Neutral,78.0,Low
32,Male,7.9,1.7,11,2.3,6.8,9,Happy,66.89999999999999,Medium
21,Male,5.1,11.4,116,3.7,5.5,1,Stressed,76.9,Low
51,Male,8.5,4.7,100,4.4,3.6,2,Stressed,100.0,Low
22,Male,8.3,5.9,99,1.7,10.1,9,Neutral,83.7,Low
50,Female,5.8,2.8,50,3.4,2.2,7,Happy,55.800000000000004,Medium
22,Female,5.9,10.5,18,2.5,5.4,3,Sad,52.89999999999999,Medium
55,Female,7.5,4.2,100,2.0,4.4,8,Neutral,73.39999999999999,Medium
51,Female,4.5,1.2,110,1.0,3.3,5,Sad,56.199999999999996,Medium
43,Female,4.4,4.5,30,4.5,3.7,2,Stressed,62.9,Medium
18,Female,4.7,11.8,107,1.5,6.9,10,Stressed,26.100000000000005,High
21,Female,6.8,2.6,25,4.5,6.3,1,Stressed,98.89999999999999,Low
56,Male,4.7,1.3,108,3.4,7.2,6,Sad,73.4,Medium
43,Male,5.4,7.4,5,3.5,9.3,4,Happy,60.300000000000004,Medium
50,Male,7.2,5.1,28,4.3,10.9,2,Neutral,100.0,Low
50,Male,4.1,9.7,16,3.0,3.2,1,Neutral,42.2,High
25,Male,4.9,9.1,19,2.4,2.8,7,Neutral,24.199999999999996,High
37,Male,8.6,3.0,41,1.6,5.2,4,Sad,90.60000000000001,Low
33,Female,7.3,7.2,109,3.3,7.5,1,Happy,100.0,Low
38,Male,5.5,1.4,46,3.2,3.0,10,Stressed,43.400000000000006,High
43,Female,4.2,5.8,73,2.2,9.2,1,Stressed,70.39999999999999,Medium
40,Male,6.9,8.9,69,3.4,7.6,7,Sad,69.2,Medium
35,Female,5.1,5.6,111,2.8,9.5,5,Neutral,75.0,Low
48,Female,8.8,2.3,95,4.2,5.6,1,Happy,100.0,Low
59,Male,7.4,1.7,1,3.2,6.0,9,Happy,62.8,Medium
29,Male,8.9,10.4,73,4.7,10.1,3,Happy,100.0,Low
18,Male,8.2,10.8,36,3.1,4.7,10,Happy,52.49999999999999,Medium
59,Male,6.4,4.8,90,4.5,5.8,1,Happy,100.0,Low
26,Male,7.3,2.8,104,3.1,2.1,2,Neutral,99.9,Low
20,Female,8.1,11.8,18,3.2,7.6,10,Stressed,52.2,Medium
43,Male,6.9,7.0,114,2.5,10.5,6,Neutral,87.3,Low
26,Female,4.3,6.2,40,2.6,2.3,3,Stressed,44.2,High
59,Female,6.4,9.2,15,4.7,8.1,10,Neutral,48.3,High
33,Female,4.7,2.9,114,1.9,10.5,8,Stressed,62.5,Medium
41,Male,7.6,7.4,83,1.5,6.9,1,Neutral,95.1,Low
31,Male,7.4,10.8,59,4.3,5.1,1,Sad,91.89999999999999,Low
20,Male,9.0,1.3,56,3.3,12.0,8,Happy,100.0,Low
51,Male,7.1,8.4,99,2.1,2.6,1,Happy,85.7,Low
50,Male,8.0,7.1,63,2.7,4.1,4,Neutral,84.1,Low
41,Male,5.3,11.5,4,3.1,10.9,6,Neutral,44.099999999999994,High
26,Female,5.7,3.8,17,3.4,5.0,1,Happy,75.80000000000001,Low
30,Male,8.6,10.4,71,4.3,10.2,4,Sad,100.0,Low
19,Female,7.8,4.4,12,2.6,5.3,5,Stressed,75.2,Low
24,Female,7.3,5.7,104,3.7,10.1,1,Stressed,100.0,Low
38,Male,5.3,3.3,73,4.3,8.9,2,Sad,92.3,Low
36,Male,7.5,10.5,35,4.4,6.7,2,Happy,88.4,Low
42,Male,8.4,3.1,18,2.0,7.2,6,Neutral,81.8,Low
39,Male,5.2,10.4,30,2.4,3.8,2,Stressed,48.800000000000004,High
28,Male,7.5,6.0,99,3.4,3.2,6,Stressed,82.2,Low
50,Male,6.0,10.2,92,4.5,9.2,9,Stressed,62.9,Medium
49,Female,4.6,3.9,108,4.2,10.5,2,Happy,93.8,Low
38,Female,7.8,2.5,22,3.3,9.2,7,Neutral,84.30000000000001,Low
56,Female,4.8,7.1,31,4.9,11.1,1,Happy,82.7,Low
37,Female,5.3,6.6,112,2.8,10.9,9,Happy,62.0,Medium
25,Female,7.9,4.9,10,4.4,9.8,4,Stressed,96.80000000000001,Low
59,Female,7.7,8.3,65,4.3,11.0,5,Neutral,96.9,Low
54,Male,5.3,2.0,95,4.6,3.7,4,Happy,82.4,Low
26,Male,8.7,7.8,4,5.0,9.3,10,Happy,75.80000000000001,Low
42,Male,5.1,3.3,120,3.0,9.5,9,Sad,66.4,Medium
42,Female,9.0,2.4,94,1.8,3.5,1,Sad,100.0,Low
50,Female,7.7,11.0,12,2.8,11.1,10,Neutral,53.60000000000001,Medium
19,Female,6.0,6.1,85,4.4,2.1,6,Stressed,67.0,Medium
36,Male,4.7,9.4,63,4.3,6.3,5,Happy,54.9,Medium
37,Male,5.6,2.0,34,2.3,2.2,8,Sad,42.699999999999996,High
59,Male,5.0,1.6,82,1.2,7.2,2,Neutral,75.60000000000001,Low
58,Female,7.1,6.4,28,3.0,6.1,4,Stressed,75.0,Low
59,Female,5.8,4.5,22,2.9,8.2,5,Sad,64.30000000000001,Medium
46,Female,5.5,1.1,82,1.3,9.7,8,Stressed,63.1,Medium
23,Male,7.8,3.0,79,4.2,9.7,1,Stressed,100.0,Low
34,Female,5.2,3.4,94,2.1,9.2,7,Sad,64.9,Medium
42,Male,6.9,4.2,15,3.6,3.0,8,Happy,55.599999999999994,Medium
55,Male,5.0,10.7,25,1.4,6.2,1,Sad,49.0,High
21,Male,7.6,5.6,2,4.4,10.2,5,Sad,87.6,Low
47,Male,7.1,8.5,22,4.0,8.5,6,Happy,71.4,Medium
37,Male,8.0,1.2,56,2.6,8.8,10,Neutral,79.4,Low
20,Male,4.3,10.0,8,3.5,4.3,5,Happy,30.700000000000003,High
40,Male,5.1,3.6,50,1.7,5.3,9,Happy,36.9,High
35,Female,4.8,4.4,87,4.9,11.6,4,Stressed,88.30000000000001,Low
43,Male,5.0,1.5,32,4.2,10.5,2,Neutral,87.4,Low
53,Female,4.5,5.5,77,4.2,3.6,9,Stressed,41.60000000000001,High
25,Male,6.8,10.4,91,1.6,7.4,2,Stressed,80.2,Low
34,Male,7.0,5.2,23,1.1,6.9,2,Sad,75.49999999999999,Low
48,Male,8.2,11.0,106,3.3,6.4,6,Happy,86.5,Low
54,Female,6.1,10.5,49,1.6,6.7,9,Happy,35.199999999999996,High
50,Male,6.7,1.7,51,4.1,8.4,5,Stressed,91.1,Low
44,Male,9.0,4.4,70,2.7,11.7,10,Happy,92.1,Low
21,Female,6.7,11.0,37,2.4,10.8,2,Neutral,78.0,Low
39,Female,6.9,1.3,43,1.3,10.8,6,Happy,79.1,Low
43,Female,9.0,9.4,88,5.0,9.0,1,Stressed,100.0,Low
49,Female,9.0,11.0,55,4.8,2.2,10,Happy,67.4,Medium
41,Male,6.1,9.5,65,1.5,6.4,10,Stressed,35.3,High
52,Male,7.2,9.2,44,2.3,7.1,3,Neutral,76.10000000000001,Low
54,Female,6.4,10.3,51,2.6,10.4,3,Sad,75.39999999999999,Low
49,Male,7.6,8.3,0,2.2,11.2,10,Stressed,52.800000000000004,Medium
24,Female,8.7,5.7,86,4.7,6.5,6,Stressed,100.0,Low
50,Female,5.5,1.7,110,3.9,5.0,4,Happy,87.1,Low
48,Female,8.1,9.7,115,4.8,5.4,8,Sad,87.39999999999999,Low
29,Male,7.3,11.0,103,4.5,7.8,7,Neutral,81.69999999999999,Low
28,Female,5.4,6.6,81,4.0,4.7,9,Sad,50.4,Medium
41,Male,8.0,6.9,63,3.8,11.1,5,Stressed,100.0,Low
25,Male,6.1,5.4,110,4.5,6.2,5,Neutral,87.10000000000001,Low
49,Male,4.6,10.4,7,3.7,11.9,5,Neutral,48.900000000000006,High
55,Female,9.0,1.2,97,1.8,3.1,9,Sad,86.2,Low
39,Male,6.1,7.9,42,3.6,3.9,2,Stressed,71.4,Medium
51,Female,6.7,11.0,7,3.1,7.1,7,Sad,48.10000000000001,High
36,Male,8.0,2.1,28,4.9,10.7,10,Happy,87.29999999999998,Low
37,Male,8.8,11.6,12,3.0,5.5,3,Stressed,81.2,Low
31,Male,8.4,11.6,0,1.2,10.4,8,Neutral,55.599999999999994,Medium
50,Female,6.6,11.2,28,2.1,6.3,9,Sad,36.3,High
27,Female,6.7,6.1,49,4.7,10.5,10,Happy,69.1,Medium
33,Female,5.4,5.2,36,4.8,4.8,9,Neutral,48.4,High
21,Female,6.3,8.8,0,3.9,6.7,5,Happy,58.300000000000004,Medium
44,Male,8.7,4.5,107,1.2,4.8,10,Stressed,75.0,Low
45,Male,7.6,1.8,68,1.1,4.2,9,Happy,63.9,Medium
33,Female,4.1,10.9,116,2.9,6.2,3,Neutral,57.300000000000004,Medium
50,Female,4.6,8.0,47,5.0,5.3,8,Happy,43.00000000000001,High
36,Female,8.6,3.3,54,4.5,9.9,7,Sad,100.0,Low
38,Female,8.2,1.2,113,4.7,9.5,4,Stressed,100.0,Low
39,Male,6.4,9.0,65,3.5,5.6,9,Happy,51.7,Medium
26,Female,7.1,10.4,110,4.4,11.9,7,Happy,90.0,Low
26,Female,5.4,5.5,62,2.3,11.7,8,Neutral,58.300000000000004,Medium
26,Male,8.0,1.9,21,1.1,11.2,8,Sad,76.30000000000001,Low
44,Female,7.0,8.1,93,4.7,7.9,3,Sad,99.69999999999999,Low
34,Male,7.5,4.3,10,1.9,6.1,7,Sad,62.10000000000001,Medium
25,Female,5.9,2.6,28,3.9,5.1,8,Sad,57.099999999999994,Medium
33,Male,6.2,6.6,105,3.6,2.2,3,Happy,80.2,Low
35,Female,5.0,6.3,2,1.6,8.3,9,Sad,26.4,High
50,Female,8.7,6.7,44,1.8,7.5,10,Stressed,66.39999999999999,Medium
18,Female,8.7,10.1,76,2.3,8.3,4,Sad,94.1,Low
29,Female,8.1,6.3,119,4.0,7.8,10,Neutral,87.8,Low
23,Female,8.7,10.9,2,1.2,3.4,7,Sad,50.400000000000006,Medium
58,Male,7.3,10.3,73,2.6,9.0,8,Neutral,66.0,Medium
22,Female,5.2,8.2,67,3.7,5.6,8,Stressed,46.7,High
33,Male,7.8,1.6,13,1.7,7.2,5,Sad,80.3,Low
35,Male,5.6,10.5,86,1.5,5.7,7,Stressed,43.1,High
35,Male,6.2,11.0,80,2.6,2.2,8,Happy,41.4,High
18,Male,5.4,5.1,64,2.1,10.8,2,Sad,80.69999999999999,Low
36,Female,6.1,6.8,56,3.6,3.5,10,Stressed,43.60000000000001,High
25,Female,7.4,4.1,14,4.9,7.8,4,Stressed,92.69999999999999,Low
20,Female,4.6,1.2,59,1.0,10.8,6,Neutral,58.0,Medium
42,Female,4.5,6.3,53,4.6,4.2,9,Stressed,38.4,High
22,Male,7.4,2.4,116,2.7,6.1,2,Stressed,100.0,Low
57,Male,7.9,3.0,1,3.7,5.8,7,Sad,75.3,Low
36,Male,6.8,6.3,81,4.4,2.9,2,Happy,91.4,Low
35,Female,4.9,10.5,63,3.3,6.2,10,Stressed,29.499999999999993,High
48,Female,6.2,10.3,102,1.4,6.8,2,Stressed,74.4,Medium
50,Female,7.8,11.6,85,1.6,2.3,1,Neutral,80.39999999999999,Low
35,Female,7.4,6.3,27,4.2,6.9,9,Happy,65.60000000000001,Medium
56,Male,4.5,7.1,93,1.9,2.9,6,Stressed,40.69999999999999,High
33,Female,8.8,10.0,76,3.3,10.9,2,Sad,100.0,Low
33,Female,5.1,8.7,119,2.7,8.5,10,Sad,47.900000000000006,High
55,Male,5.1,3.0,66,2.2,2.6,4,Neutral,58.400000000000006,Medium
58,Male,6.3,5.4,2,4.1,10.3,4,Happy,77.70000000000002,Low
24,Female,5.6,11.2,108,3.9,5.6,7,Happy,57.89999999999999,Medium
31,Female,8.9,2.6,52,3.6,4.3,7,Stressed,92.8,Low
42,Male,4.4,3.3,25,2.5,4.5,4,Neutral,47.9,High
49,Female,5.5,5.4,3,1.9,8.0,5,Sad,50.3,Medium
55,Male,5.9,11.3,15,3.1,2.8,9,Stressed,24.5,High
39,Male,6.5,2.3,91,4.3,2.6,6,Sad,81.30000000000001,Low
33,Female,4.1,8.4,71,3.3,8.3,2,Happy,63.50000000000001,Medium
46,Male,4.4,2.5,53,4.9,11.8,2,Neutral,89.69999999999999,Low
33,Female,5.3,6.8,103,1.1,6.8,3,Happy,67.1,Medium
29,Female,6.8,6.9,15,5.0,6.1,7,Sad,66.4,Medium
34,Female,7.8,1.5,30,3.8,11.5,2,Sad,100.0,Low
54,Female,7.4,11.5,86,4.3,4.4,1,Happy,94.5,Low
44,Male,6.8,9.9,1,2.3,4.4,4,Sad,52.7,Medium
42,Female,6.0,4.3,72,3.0,11.1,10,Stressed,63.000000000000014,Medium
30,Female,8.4,2.4,90,4.2,8.5,7,Stressed,100.0,Low
25,Male,6.3,4.8,44,4.0,2.5,5,Sad,67.2,Medium
22,Female,5.5,10.8,53,2.3,8.7,7,Stressed,44.89999999999999,High
29,Female,7.1,2.5,58,2.3,10.2,7,Stressed,81.5,Low
58,Female,7.5,4.8,58,3.7,4.7,7,Stressed,76.9,Low
20,Female,6.0,6.4,21,4.7,5.8,1,Stressed,82.5,Low
52,Male,4.1,1.4,107,2.8,4.0,8,Neutral,49.60000000000001,High
50,Male,4.5,3.9,33,2.4,8.3,6,Neutral,48.400000000000006,High
39,Female,8.2,7.6,72,4.6,8.6,6,Neutral,97.4,Low
26,Male,4.3,4.6,96,3.7,2.7,10,Sad,36.9,High
58,Male,7.0,10.6,101,2.6,8.8,4,Stressed,83.6,Low
35,Male,4.9,11.3,55,1.2,8.6,9,Neutral,24.599999999999998,High
46,Male,5.1,5.9,33,3.9,2.4,10,Happy,30.099999999999998,High
56,Female,5.4,6.9,98,2.4,7.6,9,Stressed,51.0,Medium
